paper_id,title,year,venue,publication_kind,publication_status,category,primary_track,tier,sequence,roles,facets,evidence_level,reading_status,curation_status,identifier_status,primary_source_scope,primary_source,code_status,data_status,resource_ids,admission_reason,tier_reason,outgoing_relations,incoming_relation_count,overview_path
pr-0823,A New Approach to Linear Filtering and Prediction Problems,1960,Journal of Basic Engineering,journal,peer_reviewed,Robotics Foundations: Planning and Control,Planning and control,CORE,,foundation,"{""learning"":[""optimization_or_planning""],""interaction"":[],""modality"":[],""control_level"":[""feedback_control"",""state_estimation""],""setting"":[],""embodiment"":[]}",FULL_TEXT_CHECKED,READ,recorded,identified,paper_specific,https://doi.org/10.1115/1.3662552,not_identified,not_recorded,,"부분 관측 하의 recursive state estimation을 이해하는 핵심 기반으로, SLAM·tracking·model-based control의 공통 prerequisite다.",Common foundation and prerequisite for the Planning and control spine.,[],0,./1960/Journal-of-Basic-Enginee/1960_Journal-of-Basic-Enginee_A-New-Approach-to-Linear-Filtering-and-Prediction-Problems/01_overview.md
pr-0822,A Formal Basis for the Heuristic Determination of Minimum Cost Paths,1968,IEEE Transactions on Systems Science and Cybernetics,journal,peer_reviewed,Robotics Foundations: Planning and Control,Planning and control,CORE,,foundation,"{""learning"":[""optimization_or_planning""],""interaction"":[],""modality"":[],""control_level"":[""feedback_control""],""setting"":[],""embodiment"":[]}",FULL_TEXT_CHECKED,READ,recorded,identified,paper_specific,https://doi.org/10.1109/TSSC.1968.300136,not_identified,not_recorded,metric:map,"A*의 admissible heuristic search를 정의한 고전으로, task/motion planning과 symbolic replanning의 탐색 기반을 이해하기 위해 등록한다.",Common foundation and prerequisite for the Planning and control spine.,[],0,./1968/IEEE-Transactions-on-Sys/1968_IEEE-Transactions-on-Sys_A-Formal-Basis-for-the-Heuristic-Determination-of-Minimum/01_overview.md
pr-0824,Hybrid Position/Force Control of Manipulators,1981,"Journal of Dynamic Systems, Measurement, and Control",journal,peer_reviewed,Robotics Foundations: Contact and Whole-Body Control,Planning and control,CORE,,foundation,"{""learning"":[],""interaction"":[""contact_rich"",""grasping"",""whole_body""],""modality"":[""force_torque""],""control_level"":[""feedback_control"",""whole_body""],""setting"":[],""embodiment"":[""arm""]}",FULL_TEXT_CHECKED,READ,recorded,identified,paper_specific,https://doi.org/10.1115/1.3139652,not_identified,not_recorded,,접촉 작업에서 position과 force를 서로 다른 task direction에 배분하는 고전적 제어 관점을 제공한다.,Common foundation and prerequisite for the Planning and control spine.,[],0,./1981/Journal-of-Dynamic-Syste/1981_Journal-of-Dynamic-Syste_Hybrid-Position-Force-Control-of-Manipulators/01_overview.md
pr-0825,Impedance Control: An Approach to Manipulation: Part I—Theory,1985,"Journal of Dynamic Systems, Measurement, and Control",journal,peer_reviewed,Robotics Foundations: Contact and Whole-Body Control,Planning and control,CORE,,foundation,"{""learning"":[],""interaction"":[""contact_rich"",""grasping"",""whole_body""],""modality"":[""force_torque""],""control_level"":[""feedback_control"",""whole_body""],""setting"":[],""embodiment"":[""arm""]}",FULL_TEXT_CHECKED,UNREAD,recorded,identified,paper_specific,https://doi.org/10.1115/1.3140702,not_identified,not_recorded,,로봇-환경 상호작용을 단순 위치 오차가 아니라 desired mechanical impedance로 설계하는 핵심 contact-control foundation이다.,Common foundation and prerequisite for the Planning and control spine.,[],0,./1985/Journal-of-Dynamic-Syste/1985_Journal-of-Dynamic-Syste_Impedance-Control-An-Approach-to-Manipulation-Part-ITheory/01_overview.md
pr-0550,A Unified Approach for Motion and Force Control of Robot Manipulators: The Operational Space Formulation,1987,IEEE JRA,journal,peer_reviewed,Robotics Foundations: Planning and Control,Planning and control,CORE,,foundation,"{""learning"":[""optimization_or_planning""],""interaction"":[""contact_rich"",""grasping""],""modality"":[""force_torque""],""control_level"":[""feedback_control""],""setting"":[],""embodiment"":[""arm""]}",FULL_TEXT_CHECKED,READ,recorded,source_only,paper_specific,https://cs.stanford.edu/group/manips/publications.html,not_released,not_recorded,,"A Unified Approach for Motion and Force Control of Robot Manipulators: The Operational Space Formulation is a CORE prerequisite because it establishes a reusable formulation or system primitive around Robotics, operational space control, force control, providing a reference point for Planning and control comparisons in the observation-to-action loop.",Common foundation and prerequisite for the Planning and control spine.,[],0,./1987/IEEE-JRA/1987_IEEE-JRA_A-Unified-Approach-for-Motion-and-Force-Control-of-Robot-M/01_overview.md
pr-0835,Learning to Predict by the Methods of Temporal Differences,1988,Machine Learning,journal,peer_reviewed,Robotics Foundations: Robot Learning,"RL, IL, offline learning, and robot data",CORE,,foundation,"{""learning"":[""reinforcement_learning""],""interaction"":[""contact_rich""],""modality"":[""force_torque""],""control_level"":[""policy""],""setting"":[],""embodiment"":[]}",FULL_TEXT_CHECKED,UNREAD,recorded,identified,paper_specific,https://doi.org/10.1007/BF00115009,not_identified,not_recorded,metric:success-rate,"bootstrapped value prediction의 핵심 foundation으로 Q-learning, actor-critic, advantage estimation과 robot RL을 이해하는 prerequisite다.","Common foundation and prerequisite for the RL, IL, offline learning, and robot data spine.",[],0,./1988/Machine-Learning/1988_Machine-Learning_Learning-to-Predict-by-the-Methods-of-Temporal-Differences/01_overview.md
pr-0826,A Method for Registration of 3-D Shapes,1992,IEEE Transactions on Pattern Analysis and Machine Intelligence,journal,peer_reviewed,"3D Geometry, Registration, and Equivariance",Robotics-enabling 3D perception,CORE,,method,"{""learning"":[],""interaction"":[],""modality"":[""point_cloud""],""control_level"":[""state_estimation""],""setting"":[],""embodiment"":[]}",FULL_TEXT_CHECKED,UNREAD,recorded,identified,paper_specific,https://doi.org/10.1109/34.121791,not_identified,not_recorded,metric:map,"ICP 계열 registration의 출발점으로, robot localization·mapping·object pose estimation의 고전적 geometry baseline이다.",Common foundation and prerequisite for the Robotics-enabling 3D perception spine.,[],0,./1992/IEEE-Transactions-on-Pat/1992_IEEE-Transactions-on-Pat_A-Method-for-Registration-of-3-D-Shapes/01_overview.md
pr-0827,Planning Optimal Grasps,1992,ICRA,conference,peer_reviewed,Robotics Foundations: Contact and Whole-Body Control,"Manipulation, contact, tactile, and dexterity",CORE,,foundation,"{""learning"":[""optimization_or_planning""],""interaction"":[""contact_rich"",""grasping"",""whole_body""],""modality"":[],""control_level"":[""feedback_control"",""whole_body""],""setting"":[],""embodiment"":[""arm""]}",FULL_TEXT_CHECKED,UNREAD,recorded,identified,paper_specific,https://doi.org/10.1109/ROBOT.1992.219918,not_identified,not_recorded,,"grasp quality와 contact placement를 최적화 문제로 보는 고전으로, analytic grasping에서 learned grasp proposal로 이어지는 배경이다.","Common foundation and prerequisite for the Manipulation, contact, tactile, and dexterity spine.",[],0,./1992/ICRA/1992_ICRA_Planning-Optimal-Grasps/01_overview.md
pr-0836,Q-Learning,1992,Machine Learning,journal,peer_reviewed,Robotics Foundations: Robot Learning,"RL, IL, offline learning, and robot data",CORE,,foundation,"{""learning"":[""reinforcement_learning""],""interaction"":[""contact_rich""],""modality"":[""force_torque""],""control_level"":[""policy""],""setting"":[],""embodiment"":[]}",FULL_TEXT_CHECKED,UNREAD,recorded,identified,paper_specific,https://doi.org/10.1007/BF00992698,not_identified,not_recorded,metric:success-rate,"model-free off-policy action-value learning의 고전으로 DQN, offline Q-learning과 recovery option value 비교의 기반이다.","Common foundation and prerequisite for the RL, IL, offline learning, and robot data spine.",[],0,./1992/Machine-Learning/1992_Machine-Learning_Q-Learning/01_overview.md
pr-0837,Simple Statistical Gradient-Following Algorithms for Connectionist Reinforcement Learning,1992,Machine Learning,journal,peer_reviewed,Robotics Foundations: Robot Learning,"RL, IL, offline learning, and robot data",CORE,,foundation,"{""learning"":[""reinforcement_learning""],""interaction"":[""contact_rich""],""modality"":[""force_torque""],""control_level"":[""policy""],""setting"":[],""embodiment"":[]}",FULL_TEXT_CHECKED,UNREAD,recorded,identified,paper_specific,https://doi.org/10.1007/BF00992696,not_identified,not_recorded,metric:success-rate,REINFORCE likelihood-ratio gradient estimator의 고전으로 stochastic policy optimization의 출발점이다.,"Common foundation and prerequisite for the RL, IL, offline learning, and robot data spine.",[],1,./1992/Machine-Learning/1992_Machine-Learning_Simple-Statistical-Gradient-Following-Algorithms-for-Conne/01_overview.md
pr-0641,Controllability of Pushing,1995,ICRA,conference,peer_reviewed,Robotics Foundations: Contact and Whole-Body Control,"Locomotion, whole-body, mobile manipulation, and humanoids",REFERENCE,,foundation,"{""learning"":[],""interaction"":[""contact_rich"",""grasping"",""whole_body""],""modality"":[],""control_level"":[""feedback_control"",""whole_body""],""setting"":[],""embodiment"":[""arm""]}",FULL_TEXT_CHECKED,N/A,recorded,source_only,paper_specific,https://www.cs.cmu.edu/afs/cs/Web/People/mlab/stable/papers.html,not_released,not_recorded,,"Controllability of Pushing is retained as REFERENCE because it provides a reusable formulation or system primitive around Robotics, contact-rich manipulation, pushing for targeted comparison in Locomotion, whole-body, mobile manipulation, and humanoids; it is not required for the current intensive reading spine.","Important on-demand reference, but not required in the current intensive sequence.",[],0,./1995/ICRA/1995_ICRA_Controllability-of-Pushing/01_overview.md
pr-0551,Probabilistic Roadmaps for Path Planning in High-Dimensional Configuration Spaces,1996,IEEE T-RA,journal,peer_reviewed,Robotics Foundations: Planning and Control,Planning and control,CORE,,foundation,"{""learning"":[""optimization_or_planning""],""interaction"":[],""modality"":[],""control_level"":[""feedback_control"",""motion_planning""],""setting"":[],""embodiment"":[]}",FULL_TEXT_CHECKED,UNREAD,recorded,source_only,paper_specific,https://kavrakilab.rice.edu/publications/kavraki-svestka1996probabilistic-roadmaps-for.html,not_released,not_recorded,metric:map,"Probabilistic Roadmaps for Path Planning in High-Dimensional Configuration Spaces is a CORE prerequisite because it establishes a reusable formulation or system primitive around Robotics, motion planning, PRM, providing a reference point for Planning and control comparisons in the observation-to-action loop.",Common foundation and prerequisite for the Planning and control spine.,[],0,./1996/IEEE-T-RA/1996_IEEE-T-RA_Probabilistic-Roadmaps-for-Path-Planning-in-High-Dimension/01_overview.md
pr-0821,Planning and Acting in Partially Observable Stochastic Domains,1998,Artificial Intelligence,journal,peer_reviewed,Robotics Foundations: Planning and Control,Planning and control,CORE,,foundation,"{""learning"":[""optimization_or_planning""],""interaction"":[],""modality"":[],""control_level"":[""feedback_control""],""setting"":[],""embodiment"":[]}",FULL_TEXT_CHECKED,READ,recorded,source_only,paper_specific,https://www.sciencedirect.com/science/article/pii/S000437029800023X,not_identified,not_recorded,metric:map,"POMDP의 대표적인 고전 논문. MDP/POMDP formulation, belief-state planning, finite-memory controller를 정리해 RP-2의 partial observability, failure diagnosis, recovery decision을 개념적으로 연결하는 prerequisite다.",Common foundation and prerequisite for the Planning and control spine.,[],0,./1998/Artificial-Intelligence/1998_Artificial-Intelligence_Planning-and-Acting-in-Partially-Observable-Stochastic-Dom/01_overview.md
pr-0552,Rapidly-Exploring Random Trees: A New Tool for Path Planning,1998,Technical Report,technical_report,technical_report,Robotics Foundations: Planning and Control,Planning and control,CORE,,foundation,"{""learning"":[""optimization_or_planning""],""interaction"":[],""modality"":[],""control_level"":[""feedback_control"",""motion_planning""],""setting"":[],""embodiment"":[]}",FULL_TEXT_CHECKED,UNREAD,recorded,source_only,paper_specific,https://lavalle.pl/rrtpubs.html,not_released,not_recorded,metric:map,"Rapidly-Exploring Random Trees: A New Tool for Path Planning is a CORE prerequisite because it establishes a reusable formulation or system primitive around Robotics, motion planning, RRT, providing a reference point for Planning and control comparisons in the observation-to-action loop.",Common foundation and prerequisite for the Planning and control spine.,[],0,./1998/Technical-Report/1998_Technical-Report_Rapidly-Exploring-Random-Trees-A-New-Tool-for-Path-Plannin/01_overview.md
pr-0838,Policy Gradient Methods for Reinforcement Learning with Function Approximation,1999,NeurIPS,conference,peer_reviewed,Robotics Foundations: Robot Learning,"RL, IL, offline learning, and robot data",CORE,,foundation,"{""learning"":[""reinforcement_learning""],""interaction"":[""contact_rich""],""modality"":[""force_torque""],""control_level"":[""policy""],""setting"":[],""embodiment"":[]}",FULL_TEXT_CHECKED,UNREAD,recorded,source_only,paper_specific,https://proceedings.neurips.cc/paper/1999/hash/464d828b85b0bed98e80ade0a5c43b0f-Abstract.html,not_identified,not_recorded,metric:success-rate,function approximation 하 policy-gradient theorem과 actor-critic 구조를 정립한 핵심 RL foundation이다.,"Common foundation and prerequisite for the RL, IL, offline learning, and robot data spine.","[{""type"":""builds_on"",""paper_id"":""pr-0837"",""confidence"":""verified""}]",1,./1999/NeurIPS/1999_NeurIPS_Policy-Gradient-Methods-for-Reinforcement-Learning-with-Fu/01_overview.md
pr-0591,A Realtime Pattern Generator for Biped Walking,2002,ICRA,conference,peer_reviewed,Robotics Foundations: Planning and Control,"Locomotion, whole-body, mobile manipulation, and humanoids",REFERENCE,,foundation,"{""learning"":[""optimization_or_planning""],""interaction"":[""locomotion""],""modality"":[],""control_level"":[""feedback_control""],""setting"":[""real_time""],""embodiment"":[""humanoid""]}",FULL_TEXT_CHECKED,N/A,recorded,identified,paper_specific,https://doi.org/10.1109/ROBOT.2002.1013335,not_released,not_recorded,metric:success-rate,"A Realtime Pattern Generator for Biped Walking is retained as REFERENCE because it provides a reusable formulation or system primitive around Robotics, humanoid, bipedal locomotion for targeted comparison in Locomotion, whole-body, mobile manipulation, and humanoids; it is not required for the current intensive reading spine.","Important on-demand reference, but not required in the current intensive sequence.",[],0,./2002/ICRA/2002_ICRA_A-Realtime-Pattern-Generator-for-Biped-Walking/01_overview.md
pr-0553,D* Lite,2002,AAAI,conference,peer_reviewed,Robotics Foundations: Planning and Control,Planning and control,REFERENCE,,foundation,"{""learning"":[""optimization_or_planning""],""interaction"":[""navigation""],""modality"":[],""control_level"":[""feedback_control"",""motion_planning""],""setting"":[],""embodiment"":[""mobile""]}",FULL_TEXT_CHECKED,N/A,recorded,source_only,paper_specific,https://idm-lab.org/bib/abstracts/Koen02e.html,not_released,not_recorded,metric:map,"D* Lite is retained as REFERENCE because it provides a reusable formulation or system primitive around Robotics, path planning, incremental search for targeted comparison in Planning and control; it is not required for the current intensive reading spine.","Important on-demand reference, but not required in the current intensive sequence.",[],0,./2002/AAAI/2002_AAAI_D-Lite/01_overview.md
pr-0554,FastSLAM: A Factored Solution to the Simultaneous Localization and Mapping Problem,2002,AAAI,conference,peer_reviewed,"3D Geometry, Reconstruction, and SLAM",Robotics-enabling 3D perception,REFERENCE,,method,"{""learning"":[],""interaction"":[""navigation""],""modality"":[""point_cloud""],""control_level"":[""state_estimation""],""setting"":[],""embodiment"":[]}",FULL_TEXT_CHECKED,N/A,recorded,source_only,paper_specific,https://www.cs.cmu.edu/~thrun/papers/montemerlo.fastslam-tr.html,not_released,not_recorded,metric:map,"FastSLAM: A Factored Solution to the Simultaneous Localization and Mapping Problem is retained as REFERENCE because it provides an algorithmic or policy mechanism around Robotics, SLAM, particle filter for targeted comparison in Robotics-enabling 3D perception; it is not required for the current intensive reading spine.","Important on-demand reference, but not required in the current intensive sequence.",[],0,./2002/AAAI/2002_AAAI_FastSLAM-A-Factored-Solution-to-the-Simultaneous-Localizat/01_overview.md
pr-0828,Biped Walking Pattern Generation by using Preview Control of Zero-Moment Point,2003,ICRA,conference,peer_reviewed,"Locomotion, Whole-Body, and Mobile Manipulation","Locomotion, whole-body, mobile manipulation, and humanoids",CORE,,method,"{""learning"":[],""interaction"":[""grasping"",""locomotion"",""whole_body""],""modality"":[],""control_level"":[""feedback_control"",""whole_body""],""setting"":[],""embodiment"":[""arm"",""humanoid"",""mobile""]}",FULL_TEXT_CHECKED,UNREAD,recorded,identified,paper_specific,https://doi.org/10.1109/ROBOT.2003.1241826,not_identified,not_recorded,,"ZMP preview control 기반 humanoid walking의 대표 foundation으로, 학습 기반 locomotion과 model-based gait control을 비교하는 기준점이다.","Common foundation and prerequisite for the Locomotion, whole-body, mobile manipulation, and humanoids spine.",[],0,./2003/ICRA/2003_ICRA_Biped-Walking-Pattern-Generation-by-using-Preview-Control/01_overview.md
pr-0629,Apprenticeship Learning via Inverse Reinforcement Learning,2004,ICML,conference,peer_reviewed,Robotics Foundations: Robot Learning,"RL, IL, offline learning, and robot data",REFERENCE,,foundation,"{""learning"":[""imitation_learning"",""reinforcement_learning""],""interaction"":[""contact_rich""],""modality"":[""force_torque""],""control_level"":[""policy""],""setting"":[],""embodiment"":[]}",FULL_TEXT_CHECKED,N/A,recorded,source_only,paper_specific,https://ai.stanford.edu/~pabbeel/irl/,project_only,not_recorded,code:21d1a993adc6;metric:success-rate,"Apprenticeship Learning via Inverse Reinforcement Learning is retained as REFERENCE because it provides a reusable formulation or system primitive around Robotics, Imitation Learning, inverse reinforcement learning for targeted comparison in RL, IL, offline learning, and robot data; it is not required for the current intensive reading spine.","Important on-demand reference, but not required in the current intensive sequence.",[],0,./2004/ICML/2004_ICML_Apprenticeship-Learning-via-Inverse-Reinforcement-Learning/01_overview.md
pr-0592,Synthesis of Whole-Body Behaviors through Hierarchical Control of Behavioral Primitives,2005,IJHR,journal,peer_reviewed,Robotics Foundations: Planning and Control,"Locomotion, whole-body, mobile manipulation, and humanoids",REFERENCE,,foundation,"{""learning"":[""optimization_or_planning""],""interaction"":[""whole_body""],""modality"":[],""control_level"":[""feedback_control"",""whole_body""],""setting"":[],""embodiment"":[""humanoid""]}",FULL_TEXT_CHECKED,N/A,recorded,source_only,paper_specific,https://ai.stanford.edu/~lsentis/files/publications.html,project_only,not_recorded,code:f9ad39ff5327;metric:success-rate,"Synthesis of Whole-Body Behaviors through Hierarchical Control of Behavioral Primitives is retained as REFERENCE because it provides a reusable formulation or system primitive around Robotics, humanoid, whole-body control for targeted comparison in Locomotion, whole-body, mobile manipulation, and humanoids; it is not required for the current intensive reading spine.","Important on-demand reference, but not required in the current intensive sequence.",[],0,./2005/IJHR/2005_IJHR_Synthesis-of-Whole-Body-Behaviors-through-Hierarchical-Con/01_overview.md
pr-0525,PTAM: Parallel Tracking and Mapping for Small AR Workspaces,2007,ISMAR,conference,peer_reviewed,"3D Geometry, Reconstruction, and SLAM",Robotics-enabling 3D perception,REFERENCE,,method,"{""learning"":[],""interaction"":[""navigation""],""modality"":[""point_cloud"",""rgb""],""control_level"":[""state_estimation""],""setting"":[],""embodiment"":[]}",FULL_TEXT_CHECKED,N/A,recorded,source_only,paper_specific,https://www.robots.ox.ac.uk/~gk/PTAM/,project_only,not_recorded,code:0856cd758aac;metric:map,"PTAM: Parallel Tracking and Mapping for Small AR Workspaces is retained as REFERENCE because it provides an algorithmic or policy mechanism around 3D Vision, SLAM, geometry for targeted comparison in Robotics-enabling 3D perception; it is not required for the current intensive reading spine.","Important on-demand reference, but not required in the current intensive sequence.",[],1,./2007/ISMAR/2007_ISMAR_PTAM-Parallel-Tracking-and-Mapping-for-Small-AR-Workspaces/01_overview.md
pr-0630,Maximum Entropy Inverse Reinforcement Learning,2008,AAAI,conference,peer_reviewed,Robotics Foundations: Robot Learning,"RL, IL, offline learning, and robot data",REFERENCE,,foundation,"{""learning"":[""imitation_learning"",""reinforcement_learning""],""interaction"":[""contact_rich""],""modality"":[""force_torque""],""control_level"":[""policy""],""setting"":[],""embodiment"":[]}",FULL_TEXT_CHECKED,N/A,recorded,source_only,paper_specific,https://www.cs.cmu.edu/~bziebart/publications/maximum-entropy-inverse-reinforcement-learning.html,not_released,not_recorded,metric:success-rate,"Maximum Entropy Inverse Reinforcement Learning is retained as REFERENCE because it provides a reusable formulation or system primitive around Robotics, inverse reinforcement learning, maximum entropy for targeted comparison in RL, IL, offline learning, and robot data; it is not required for the current intensive reading spine.","Important on-demand reference, but not required in the current intensive sequence.",[],0,./2008/AAAI/2008_AAAI_Maximum-Entropy-Inverse-Reinforcement-Learning/01_overview.md
pr-0555,CHOMP: Gradient Optimization Techniques for Efficient Motion Planning,2009,ICRA,conference,peer_reviewed,Robotics Foundations: Planning and Control,Planning and control,CORE,,foundation,"{""learning"":[""optimization_or_planning""],""interaction"":[""grasping""],""modality"":[],""control_level"":[""feedback_control"",""motion_planning""],""setting"":[],""embodiment"":[""arm""]}",FULL_TEXT_CHECKED,UNREAD,recorded,source_only,paper_specific,https://www.ri.cmu.edu/publications/chomp-gradient-optimization-techniques-for-efficient-motion-planning/,project_only,not_recorded,code:88d4b6e992e6;metric:map,"CHOMP: Gradient Optimization Techniques for Efficient Motion Planning is a CORE prerequisite because it establishes a reusable formulation or system primitive around Robotics, motion planning, trajectory optimization, providing a reference point for Planning and control comparisons in the observation-to-action loop.",Common foundation and prerequisite for the Planning and control spine.,[],0,./2009/ICRA/2009_ICRA_CHOMP-Gradient-Optimization-Techniques-for-Efficient-Motio/01_overview.md
pr-0522,A Reduction of Imitation Learning and Structured Prediction to No-Regret Online Learning,2011,AISTATS,conference,peer_reviewed,Robotics Foundations: Robot Learning,"RL, IL, offline learning, and robot data",CORE,,foundation,"{""learning"":[""imitation_learning""],""interaction"":[],""modality"":[],""control_level"":[""policy""],""setting"":[],""embodiment"":[]}",FULL_TEXT_CHECKED,UNREAD,recorded,source_only,paper_specific,https://www.ri.cmu.edu/publications/a-reduction-of-imitation-learning-and-structured-prediction-to-no-regret-online-learning/,not_identified,not_recorded,metric:success-rate,"A Reduction of Imitation Learning and Structured Prediction to No-Regret Online Learning is a CORE prerequisite because it establishes a reusable formulation or system primitive around Robotics, Imitation Learning, policy learning, providing a reference point for RL, IL, offline learning, and robot data comparisons in the observation-to-action loop.","Common foundation and prerequisite for the RL, IL, offline learning, and robot data spine.",[],1,./2011/AISTATS/2011_AISTATS_A-Reduction-of-Imitation-Learning-and-Structured-Predictio/01_overview.md
pr-0829,Hierarchical Task and Motion Planning in the Now,2011,ICRA,conference,peer_reviewed,Robotics Foundations: Planning and Control,"Manipulation, contact, tactile, and dexterity",REFERENCE,,foundation,"{""learning"":[""optimization_or_planning""],""interaction"":[""grasping""],""modality"":[],""control_level"":[""feedback_control"",""motion_planning""],""setting"":[],""embodiment"":[""arm""]}",FULL_TEXT_CHECKED,N/A,recorded,identified,paper_specific,https://doi.org/10.1109/ICRA.2011.5980391,not_identified,not_recorded,,symbolic task choice와 geometric motion feasibility를 계층적으로 연결한 초기 TAMP 대표작이다.,"Important on-demand reference, but not required in the current intensive sequence.",[],0,./2011/ICRA/2011_ICRA_Hierarchical-Task-and-Motion-Planning-in-the-Now/01_overview.md
pr-0489,KinectFusion: Real-Time Dense Surface Mapping and Tracking,2011,ISMAR,conference,peer_reviewed,"3D Geometry, Reconstruction, and SLAM",Robotics-enabling 3D perception,REFERENCE,,method,"{""learning"":[],""interaction"":[""navigation""],""modality"":[""depth"",""point_cloud"",""rgb""],""control_level"":[""state_estimation""],""setting"":[""real_time""],""embodiment"":[]}",FULL_TEXT_CHECKED,N/A,recorded,source_only,paper_specific,https://www.microsoft.com/en-us/research/publication/kinectfusion-real-time-dense-surface-mapping-and-tracking/,not_released,not_recorded,metric:map,"KinectFusion: Real-Time Dense Surface Mapping and Tracking is retained as REFERENCE because it provides an algorithmic or policy mechanism around 3D Vision, SLAM, RGB-D for targeted comparison in Robotics-enabling 3D perception; it is not required for the current intensive reading spine.","Important on-demand reference, but not required in the current intensive sequence.",[],0,./2011/ISMAR/2011_ISMAR_KinectFusion-Real-Time-Dense-Surface-Mapping-and-Tracking/01_overview.md
pr-0830,PILCO: A Model-Based and Data-Efficient Approach to Policy Search,2011,ICML,conference,peer_reviewed,Robotics Foundations: Robot Learning,"RL, IL, offline learning, and robot data",CORE,,foundation,"{""learning"":[""reinforcement_learning""],""interaction"":[""contact_rich""],""modality"":[""force_torque""],""control_level"":[""policy""],""setting"":[],""embodiment"":[]}",FULL_TEXT_CHECKED,UNREAD,recorded,source_only,paper_specific,https://www.deisenroth.cc/publication/deisenroth-2011-c/,not_identified,not_recorded,metric:success-rate,robot data efficiency를 uncertainty-aware learned dynamics와 policy search로 해결한 대표 model-based RL foundation이다.,"Common foundation and prerequisite for the RL, IL, offline learning, and robot data spine.",[],0,./2011/ICML/2011_ICML_PILCO-A-Model-Based-and-Data-Efficient-Approach-to-Policy/01_overview.md
pr-0557,Sampling-based Algorithms for Optimal Motion Planning,2011,IJRR,journal,peer_reviewed,Robotics Foundations: Planning and Control,Planning and control,REFERENCE,,foundation,"{""learning"":[""optimization_or_planning""],""interaction"":[],""modality"":[],""control_level"":[""feedback_control"",""motion_planning""],""setting"":[],""embodiment"":[]}",FULL_TEXT_CHECKED,N/A,recorded,identified,paper_specific,https://arxiv.org/abs/1105.1186,project_only,not_recorded,code:e6f6b6a85014,"Sampling-based Algorithms for Optimal Motion Planning is retained as REFERENCE because it provides a reusable formulation or system primitive around Robotics, motion planning, RRT* for targeted comparison in Planning and control; it is not required for the current intensive reading spine.","Important on-demand reference, but not required in the current intensive sequence.",[],0,./2011/IJRR/2011_IJRR_Sampling-based-Algorithms-for-Optimal-Motion-Planning/01_overview.md
pr-0556,STOMP: Stochastic Trajectory Optimization for Motion Planning,2011,ICRA,conference,peer_reviewed,Robotics Foundations: Planning and Control,Planning and control,REFERENCE,,foundation,"{""learning"":[""optimization_or_planning""],""interaction"":[],""modality"":[],""control_level"":[""feedback_control"",""motion_planning""],""setting"":[],""embodiment"":[]}",FULL_TEXT_CHECKED,N/A,recorded,identified,paper_specific,https://doi.org/10.1109/ICRA.2011.5980280,project_only,not_recorded,code:72ca13b24556,"STOMP: Stochastic Trajectory Optimization for Motion Planning is retained as REFERENCE because it provides a reusable formulation or system primitive around Robotics, motion planning, trajectory optimization for targeted comparison in Planning and control; it is not required for the current intensive reading spine.","Important on-demand reference, but not required in the current intensive sequence.",[],0,./2011/ICRA/2011_ICRA_STOMP-Stochastic-Trajectory-Optimization-for-Motion-Planni/01_overview.md
pr-0831,MuJoCo: A Physics Engine for Model-Based Control,2012,IROS,conference,peer_reviewed,Benchmarks and Datasets,Planning and control,CORE,,benchmark_or_dataset,"{""learning"":[],""interaction"":[],""modality"":[],""control_level"":[""feedback_control""],""setting"":[""simulation""],""embodiment"":[]}",FULL_TEXT_CHECKED,UNREAD,recorded,identified,paper_specific,https://doi.org/10.1109/IROS.2012.6386109,project_only,not_recorded,code:67ccf3b10060,continuous contact dynamics와 efficient simulation을 제공해 modern robot RL/control benchmark의 공통 인프라가 된 foundation system이다.,Common foundation and prerequisite for the Planning and control spine.,[],0,./2012/IROS/2012_IROS_MuJoCo-A-Physics-Engine-for-Model-Based-Control/01_overview.md
pr-0666,Dynamic Whole-Body Motion Generation under Rigid Contacts and Other Unilateral Constraints,2013,T-RO,journal,peer_reviewed,Robotics Foundations: Contact and Whole-Body Control,Planning and control,CORE,,foundation,"{""learning"":[],""interaction"":[""contact_rich"",""whole_body""],""modality"":[],""control_level"":[""feedback_control"",""whole_body""],""setting"":[],""embodiment"":[]}",FULL_TEXT_CHECKED,UNREAD,recorded,source_only,paper_specific,https://hal.science/lirmm-00831097,not_released,not_recorded,,"Dynamic Whole-Body Motion Generation under Rigid Contacts and Other Unilateral Constraints is a CORE prerequisite because it establishes a reusable formulation or system primitive around Robotics, whole-body control, rigid contact, providing a reference point for Planning and control comparisons in the observation-to-action loop.",Common foundation and prerequisite for the Planning and control spine.,[],0,./2013/T-RO/2013_T-RO_Dynamic-Whole-Body-Motion-Generation-under-Rigid-Contacts/01_overview.md
pr-0559,Dynamical Movement Primitives: Learning Attractor Models for Motor Behaviors,2013,Neural Computation,journal,peer_reviewed,Robotics Foundations: Planning and Control,Planning and control,REFERENCE,,foundation,"{""learning"":[""optimization_or_planning""],""interaction"":[],""modality"":[],""control_level"":[""feedback_control""],""setting"":[],""embodiment"":[]}",FULL_TEXT_CHECKED,N/A,recorded,source_only,paper_specific,https://is.mpg.de/ics/publications/ijspeert_nc_2013,not_released,not_recorded,,"Dynamical Movement Primitives: Learning Attractor Models for Motor Behaviors is retained as REFERENCE because it provides a reusable formulation or system primitive around Robotics, movement primitives, dynamical systems for targeted comparison in Planning and control; it is not required for the current intensive reading spine.","Important on-demand reference, but not required in the current intensive sequence.",[],0,./2013/Neural-Computation/2013_Neural-Computation_Dynamical-Movement-Primitives-Learning-Attractor-Models-fo/01_overview.md
pr-0558,TrajOpt: A Sequential Convex Optimization Algorithm for Robot Motion Planning,2013,IROS,conference,peer_reviewed,Robotics Foundations: Planning and Control,Planning and control,CORE,,foundation,"{""learning"":[""optimization_or_planning""],""interaction"":[],""modality"":[],""control_level"":[""feedback_control"",""motion_planning""],""setting"":[],""embodiment"":[]}",FULL_TEXT_CHECKED,UNREAD,recorded,identified,paper_specific,https://arxiv.org/abs/1310.7730,project_only,not_recorded,code:5df9e52ff332;metric:map,"TrajOpt: A Sequential Convex Optimization Algorithm for Robot Motion Planning is a CORE prerequisite because it establishes a reusable formulation or system primitive around Robotics, motion planning, trajectory optimization, providing a reference point for Planning and control comparisons in the observation-to-action loop.",Common foundation and prerequisite for the Planning and control spine.,[],0,./2013/IROS/2013_IROS_TrajOpt-A-Sequential-Convex-Optimization-Algorithm-for-Rob/01_overview.md
pr-0642,Contact-Invariant Optimization for Hand Manipulation,2014,SIGGRAPH,conference,peer_reviewed,Robotics Foundations: Contact and Whole-Body Control,"Manipulation, contact, tactile, and dexterity",CORE,,foundation,"{""learning"":[""optimization_or_planning""],""interaction"":[""contact_rich"",""grasping"",""whole_body""],""modality"":[],""control_level"":[""feedback_control"",""motion_planning"",""whole_body""],""setting"":[],""embodiment"":[""arm""]}",FULL_TEXT_CHECKED,UNREAD,recorded,source_only,paper_specific,https://homes.cs.washington.edu/~zoran/behavior-discovery.html,not_released,not_recorded,,"Contact-Invariant Optimization for Hand Manipulation is a CORE prerequisite because it establishes a reusable formulation or system primitive around Robotics, contact-rich manipulation, trajectory optimization, providing a reference point for Manipulation, contact, tactile, and dexterity comparisons in the observation-to-action loop.","Common foundation and prerequisite for the Manipulation, contact, tactile, and dexterity spine.",[],0,./2014/SIGGRAPH/2014_SIGGRAPH_Contact-Invariant-Optimization-for-Hand-Manipulation/01_overview.md
pr-0643,Control-Limited Differential Dynamic Programming,2014,ICRA,conference,peer_reviewed,Robotics Foundations: Planning and Control,"Manipulation, contact, tactile, and dexterity",NEXT,,foundation,"{""learning"":[""optimization_or_planning""],""interaction"":[],""modality"":[],""control_level"":[""feedback_control"",""motion_planning""],""setting"":[],""embodiment"":[]}",FULL_TEXT_CHECKED,UNREAD,recorded,identified,paper_specific,https://doi.org/10.1109/ICRA.2014.6907001,not_released,not_recorded,,"Control-Limited Differential Dynamic Programming is a NEXT comparison paper because it extends a reusable formulation or system primitive around Robotics, optimal control, trajectory optimization in Manipulation, contact, tactile, and dexterity, exposing a specialized frontier after the shared CORE spine.","Specialized or frontier extension selected after CORE for the Manipulation, contact, tactile, and dexterity branch.",[],0,./2014/ICRA/2014_ICRA_Control-Limited-Differential-Dynamic-Programming/01_overview.md
pr-0519,Depth Map Prediction from a Single Image using a Multi-Scale Deep Network,2014,NeurIPS,conference,peer_reviewed,"3D Geometry, Reconstruction, and SLAM",Robotics-enabling 3D perception,REFERENCE,,method,"{""learning"":[],""interaction"":[""navigation""],""modality"":[""depth"",""point_cloud"",""rgb""],""control_level"":[""state_estimation""],""setting"":[],""embodiment"":[]}",FULL_TEXT_CHECKED,N/A,recorded,identified,paper_specific,https://arxiv.org/abs/1406.2283,not_identified,not_recorded,benchmark:kitti;metric:map,"Depth Map Prediction from a Single Image using a Multi-Scale Deep Network is retained as REFERENCE because it provides an algorithmic or policy mechanism around 3D Vision, monocular depth, geometry for targeted comparison in Robotics-enabling 3D perception; it is not required for the current intensive reading spine.","Important on-demand reference, but not required in the current intensive sequence.",[],0,./2014/NeurIPS/2014_NeurIPS_Depth-Map-Prediction-from-a-Single-Image-using-a-Multi-Sca/01_overview.md
pr-0667,Hierarchical Quadratic Programming: Fast Online Humanoid-Robot Motion Generation,2014,IJRR,journal,peer_reviewed,Robotics Foundations: Contact and Whole-Body Control,Planning and control,CORE,,foundation,"{""learning"":[],""interaction"":[""contact_rich"",""whole_body""],""modality"":[],""control_level"":[""feedback_control"",""whole_body""],""setting"":[],""embodiment"":[""humanoid""]}",FULL_TEXT_CHECKED,UNREAD,recorded,identified,paper_specific,https://doi.org/10.1177/0278364914521306,not_released,not_recorded,,"Hierarchical Quadratic Programming: Fast Online Humanoid-Robot Motion Generation is a CORE prerequisite because it establishes a reusable formulation or system primitive around Robotics, whole-body control, hierarchical QP, providing a reference point for Planning and control comparisons in the observation-to-action loop.",Common foundation and prerequisite for the Planning and control spine.,[],0,./2014/IJRR/2014_IJRR_Hierarchical-Quadratic-Programming-Fast-Online-Humanoid-Ro/01_overview.md
pr-0526,LSD-SLAM: Large-Scale Direct Monocular SLAM,2014,ECCV,conference,peer_reviewed,"3D Geometry, Reconstruction, and SLAM",Robotics-enabling 3D perception,REFERENCE,,method,"{""learning"":[],""interaction"":[""navigation""],""modality"":[""point_cloud"",""rgb""],""control_level"":[""state_estimation""],""setting"":[],""embodiment"":[]}",FULL_TEXT_CHECKED,N/A,recorded,source_only,paper_specific,https://cvg.cit.tum.de/research/vslam/lsdslam,released,not_recorded,code:e00975fe1503;metric:map,"LSD-SLAM: Large-Scale Direct Monocular SLAM is retained as REFERENCE because it provides an algorithmic or policy mechanism around 3D Vision, SLAM, monocular geometry for targeted comparison in Robotics-enabling 3D perception; it is not required for the current intensive reading spine.","Important on-demand reference, but not required in the current intensive sequence.",[],0,./2014/ECCV/2014_ECCV_LSD-SLAM-Large-Scale-Direct-Monocular-SLAM/01_overview.md
pr-0527,ElasticFusion: Dense SLAM Without A Pose Graph,2015,RSS,conference,peer_reviewed,"3D Geometry, Reconstruction, and SLAM",Robotics-enabling 3D perception,REFERENCE,,method,"{""learning"":[],""interaction"":[""navigation""],""modality"":[""depth"",""point_cloud"",""rgb""],""control_level"":[""state_estimation""],""setting"":[],""embodiment"":[]}",FULL_TEXT_CHECKED,N/A,recorded,source_only,paper_specific,https://www.roboticsproceedings.org/rss11/p01.html,released,not_recorded,code:55562c051b91;metric:map,"ElasticFusion: Dense SLAM Without A Pose Graph is retained as REFERENCE because it provides an algorithmic or policy mechanism around 3D Vision, SLAM, RGB-D for targeted comparison in Robotics-enabling 3D perception; it is not required for the current intensive reading spine.","Important on-demand reference, but not required in the current intensive sequence.",[],0,./2015/RSS/2015_RSS_ElasticFusion-Dense-SLAM-Without-A-Pose-Graph/01_overview.md
pr-0853,Human-level control through deep reinforcement learning,2015,Nature,journal,peer_reviewed,Robotics Foundations: Robot Learning,Planning and control,REFERENCE,,foundation,"{""learning"":[""reinforcement_learning""],""interaction"":[""contact_rich""],""modality"":[""force_torque""],""control_level"":[""feedback_control"",""policy""],""setting"":[],""embodiment"":[]}",FULL_TEXT_CHECKED,N/A,recorded,identified,paper_specific,https://doi.org/10.1038/nature14236,not_identified,not_recorded,,DeepMind의 DQN으로 representation learning과 Q-learning을 결합한 deep RL의 핵심 foundation이다.,"Important on-demand reference, but not required in the current intensive sequence.",[],0,./2015/Nature/2015_Nature_Human-level-control-through-deep-reinforcement-learning/01_overview.md
pr-0832,Logic-Geometric Programming: An Optimization-Based Approach to Combined Task and Motion Planning,2015,IJCAI,conference,peer_reviewed,Robotics Foundations: Planning and Control,Planning and control,NEXT,,foundation,"{""learning"":[""optimization_or_planning""],""interaction"":[],""modality"":[],""control_level"":[""feedback_control"",""motion_planning""],""setting"":[],""embodiment"":[]}",FULL_TEXT_CHECKED,UNREAD,recorded,source_only,paper_specific,https://www.ijcai.org/Proceedings/15/Papers/274.pdf,not_identified,not_recorded,metric:map,symbolic logic sequence와 continuous trajectory optimization을 하나의 TAMP 구조로 연결하는 대표 foundation이다.,Specialized or frontier extension selected after CORE for the Planning and control branch.,[],0,./2015/IJCAI/2015_IJCAI_Logic-Geometric-Programming-An-Optimization-Based-Approach/01_overview.md
pr-0016,ORB-SLAM: A Versatile and Accurate Monocular SLAM System,2015,T-RO,journal,peer_reviewed,"3D Geometry, Reconstruction, and SLAM",Robotics-enabling 3D perception,REFERENCE,,system,"{""learning"":[],""interaction"":[""navigation""],""modality"":[""point_cloud""],""control_level"":[""state_estimation""],""setting"":[],""embodiment"":[]}",FULL_TEXT_CHECKED,N/A,recorded,identified,paper_specific,https://arxiv.org/abs/1502.00956,released,not_recorded,code:9940d1ce9743;metric:map,"ORB-SLAM: A Versatile and Accurate Monocular SLAM System is retained as REFERENCE because it provides an integrated system or deployment interface around SLAM, calibration, geometry for targeted comparison in Robotics-enabling 3D perception; it is not required for the current intensive reading spine.","Important on-demand reference, but not required in the current intensive sequence.","[{""type"":""builds_on"",""paper_id"":""pr-0525"",""confidence"":""verified""}]",0,./2015/T-RO/2015_T-RO_ORB-SLAM-A-Versatile-and-Accurate-Monocular-SLAM-System/01_overview.md
pr-0507,ShapeNet: An Information-Rich 3D Model Repository,2015,arXiv,preprint,preprint,Benchmarks and Datasets,Robotics-enabling 3D perception,REFERENCE,,benchmark_or_dataset,"{""learning"":[],""interaction"":[],""modality"":[""rgb""],""control_level"":[],""setting"":[],""embodiment"":[]}",FULL_TEXT_CHECKED,N/A,recorded,identified,paper_specific,https://arxiv.org/abs/1512.03012,project_only,not_recorded,code:f1da4e051f3d,"ShapeNet: An Information-Rich 3D Model Repository is retained as REFERENCE because it provides a benchmark, dataset, or evaluation protocol around 3D Vision, Dataset, shape for targeted comparison in Robotics-enabling 3D perception; it is not required for the current intensive reading spine.","Important on-demand reference, but not required in the current intensive sequence.",[],0,./2015/arxiv/2015_arxiv_ShapeNet-An-Information-Rich-3D-Model-Repository/01_overview.md
pr-0615,Trust Region Policy Optimization,2015,ICML,conference,peer_reviewed,Robotics Foundations: Robot Learning,"RL, IL, offline learning, and robot data",CORE,,foundation,"{""learning"":[""optimization_or_planning"",""reinforcement_learning""],""interaction"":[""contact_rich""],""modality"":[""force_torque""],""control_level"":[""policy""],""setting"":[],""embodiment"":[]}",FULL_TEXT_CHECKED,UNREAD,recorded,identified,paper_specific,https://proceedings.mlr.press/v37/schulman15.html,project_only,not_recorded,code:43374ad4cc54;metric:success-rate,"Trust Region Policy Optimization is a CORE prerequisite because it establishes a reusable formulation or system primitive around Robotics, Reinforcement Learning, policy optimization, providing a reference point for RL, IL, offline learning, and robot data comparisons in the observation-to-action loop.","Common foundation and prerequisite for the RL, IL, offline learning, and robot data spine.","[{""type"":""builds_on"",""paper_id"":""pr-0838"",""confidence"":""inferred""}]",2,./2015/ICML/2015_ICML_Trust-Region-Policy-Optimization/01_overview.md
pr-0854,Asynchronous Methods for Deep Reinforcement Learning,2016,ICML,conference,peer_reviewed,Robotics Foundations: Robot Learning,"RL, IL, offline learning, and robot data",REFERENCE,,foundation,"{""learning"":[""reinforcement_learning""],""interaction"":[""contact_rich""],""modality"":[""force_torque""],""control_level"":[""policy""],""setting"":[],""embodiment"":[]}",FULL_TEXT_CHECKED,N/A,recorded,source_only,paper_specific,https://proceedings.mlr.press/v48/mniha16.html,not_identified,not_recorded,metric:success-rate,DeepMind의 A3C로 actor-critic을 병렬 환경에 확장한 대표 deep RL foundation이다.,"Important on-demand reference, but not required in the current intensive sequence.",[],0,./2016/ICML/2016_ICML_Asynchronous-Methods-for-Deep-Reinforcement-Learning/01_overview.md
pr-0616,Continuous Control with Deep Reinforcement Learning,2016,ICLR,conference,peer_reviewed,Robotics Foundations: Robot Learning,"RL, IL, offline learning, and robot data",NEXT,,foundation,"{""learning"":[""reinforcement_learning""],""interaction"":[""contact_rich""],""modality"":[""force_torque""],""control_level"":[""feedback_control"",""policy""],""setting"":[],""embodiment"":[]}",FULL_TEXT_CHECKED,UNREAD,recorded,identified,paper_specific,https://arxiv.org/abs/1509.02971,not_released,not_recorded,metric:success-rate,"Continuous Control with Deep Reinforcement Learning is a NEXT comparison paper because it extends a reusable formulation or system primitive around Robotics, Reinforcement Learning, continuous control in RL, IL, offline learning, and robot data, exposing a specialized frontier after the shared CORE spine.","Specialized or frontier extension selected after CORE for the RL, IL, offline learning, and robot data branch.",[],0,./2016/ICLR/2016_ICLR_Continuous-Control-with-Deep-Reinforcement-Learning/01_overview.md
pr-0523,Generative Adversarial Imitation Learning,2016,NeurIPS,conference,peer_reviewed,Robotics Foundations: Robot Learning,"RL, IL, offline learning, and robot data",CORE,,foundation,"{""learning"":[""imitation_learning"",""reinforcement_learning""],""interaction"":[""contact_rich""],""modality"":[""force_torque""],""control_level"":[""policy""],""setting"":[],""embodiment"":[]}",FULL_TEXT_CHECKED,UNREAD,recorded,identified,paper_specific,https://arxiv.org/abs/1606.03476,not_identified,not_recorded,metric:success-rate,"Generative Adversarial Imitation Learning is a CORE prerequisite because it establishes a reusable formulation or system primitive around Robotics, Imitation Learning, Reinforcement Learning, providing a reference point for RL, IL, offline learning, and robot data comparisons in the observation-to-action loop.","Common foundation and prerequisite for the RL, IL, offline learning, and robot data spine.",[],0,./2016/NeurIPS/2016_NeurIPS_Generative-Adversarial-Imitation-Learning/01_overview.md
pr-0518,Group Equivariant Convolutional Networks,2016,ICML,conference,peer_reviewed,"3D Geometry, Registration, and Equivariance",Robotics-enabling 3D perception,REFERENCE,,method,"{""learning"":[],""interaction"":[],""modality"":[""point_cloud""],""control_level"":[],""setting"":[],""embodiment"":[]}",FULL_TEXT_CHECKED,N/A,recorded,identified,paper_specific,https://arxiv.org/abs/1602.07576,released,not_recorded,code:10da3b7462dc;metric:map,"Group Equivariant Convolutional Networks is retained as REFERENCE because it provides an algorithmic or policy mechanism around equivariant, representation, geometry for targeted comparison in Robotics-enabling 3D perception; it is not required for the current intensive reading spine.","Important on-demand reference, but not required in the current intensive sequence.",[],0,./2016/ICML/2016_ICML_Group-Equivariant-Convolutional-Networks/01_overview.md
pr-0560,Learning Neural Network Policies with Guided Policy Search under Unknown Dynamics,2016,JMLR,journal,peer_reviewed,Robotics Foundations: Robot Learning,"RL, IL, offline learning, and robot data",CORE,,foundation,"{""learning"":[],""interaction"":[""grasping""],""modality"":[],""control_level"":[""policy""],""setting"":[],""embodiment"":[""arm""]}",FULL_TEXT_CHECKED,UNREAD,recorded,source_only,paper_specific,https://jmlr.org/papers/v17/15-522.html,not_released,not_recorded,metric:success-rate,"Learning Neural Network Policies with Guided Policy Search under Unknown Dynamics is a CORE prerequisite because it establishes a reusable formulation or system primitive around Robotics, guided policy search, policy learning, providing a reference point for RL, IL, offline learning, and robot data comparisons in the observation-to-action loop.","Common foundation and prerequisite for the RL, IL, offline learning, and robot data spine.",[],0,./2016/JMLR/2016_JMLR_Learning-Neural-Network-Policies-with-Guided-Policy-Search/01_overview.md
pr-0593,Momentum Control with Hierarchical Inverse Dynamics on a Torque-Controlled Humanoid,2016,Autonomous Robots,journal,peer_reviewed,Robotics Foundations: Planning and Control,"Locomotion, whole-body, mobile manipulation, and humanoids",REFERENCE,,foundation,"{""learning"":[""optimization_or_planning""],""interaction"":[""whole_body""],""modality"":[],""control_level"":[""feedback_control"",""whole_body""],""setting"":[],""embodiment"":[""humanoid""]}",FULL_TEXT_CHECKED,N/A,recorded,identified,paper_specific,https://arxiv.org/abs/1410.7284,project_only,not_recorded,code:d74ad59a56ed;metric:success-rate,"Momentum Control with Hierarchical Inverse Dynamics on a Torque-Controlled Humanoid is retained as REFERENCE because it provides a reusable formulation or system primitive around Robotics, humanoid, whole-body control for targeted comparison in Locomotion, whole-body, mobile manipulation, and humanoids; it is not required for the current intensive reading spine.","Important on-demand reference, but not required in the current intensive sequence.",[],0,./2016/Autonomous-Robots/2016_Autonomous-Robots_Momentum-Control-with-Hierarchical-Inverse-Dynamics-on-a-T/01_overview.md
pr-0594,"Optimization-Based Locomotion Planning, Estimation, and Control Design for the Atlas Humanoid Robot",2016,Autonomous Robots,journal,peer_reviewed,Robotics Foundations: Planning and Control,"Locomotion, whole-body, mobile manipulation, and humanoids",REFERENCE,,foundation,"{""learning"":[""optimization_or_planning""],""interaction"":[""locomotion""],""modality"":[],""control_level"":[""feedback_control"",""motion_planning"",""state_estimation""],""setting"":[],""embodiment"":[""humanoid""]}",FULL_TEXT_CHECKED,N/A,recorded,source_only,paper_specific,https://www.research.ed.ac.uk/en/publications/optimization-based-locomotion-planning-estimation-and-controldesi/,not_released,not_recorded,metric:success-rate,"Optimization-Based Locomotion Planning, Estimation, and Control Design for the Atlas Humanoid Robot is retained as REFERENCE because it provides a reusable formulation or system primitive around Robotics, humanoid, locomotion planning for targeted comparison in Locomotion, whole-body, mobile manipulation, and humanoids; it is not required for the current intensive reading spine.","Important on-demand reference, but not required in the current intensive sequence.",[],0,./2016/Autonomous-Robots/2016_Autonomous-Robots_Optimization-Based-Locomotion-Planning-Estimation-and-Cont/01_overview.md
pr-0488,Structure-from-Motion Revisited,2016,CVPR,conference,peer_reviewed,"3D Geometry, Reconstruction, and SLAM",Robotics-enabling 3D perception,REFERENCE,,method,"{""learning"":[],""interaction"":[""navigation""],""modality"":[""point_cloud"",""rgb""],""control_level"":[""state_estimation""],""setting"":[],""embodiment"":[]}",FULL_TEXT_CHECKED,N/A,recorded,source_only,paper_specific,https://openaccess.thecvf.com/content_cvpr_2016/html/Schonberger_Structure-From-Motion_Revisited_CVPR_2016_paper.html,project_only,not_recorded,code:0646652dc6dc;metric:map,"Structure-from-Motion Revisited is retained as REFERENCE because it provides an algorithmic or policy mechanism around 3D Vision, 3D reconstruction, SLAM for targeted comparison in Robotics-enabling 3D perception; it is not required for the current intensive reading spine.","Important on-demand reference, but not required in the current intensive sequence.",[],0,./2016/CVPR/2016_CVPR_Structure-from-Motion-Revisited/01_overview.md
pr-0001,Attention Is All You Need,2017,NeurIPS,conference,peer_reviewed,Foundations: Vision and Language Models,,REFERENCE,,foundation,"{""learning"":[],""interaction"":[],""modality"":[""language"",""rgb""],""control_level"":[],""setting"":[],""embodiment"":[]}",FULL_TEXT_CHECKED,N/A,recorded,identified,paper_specific,https://arxiv.org/abs/1706.03762,released,not_recorded,code:68a7b8d25e6d;metric:bleu,"Attention Is All You Need is retained as REFERENCE because it provides a reusable formulation or system primitive around LLM, Transformer, representation for targeted comparison in Foundations: Vision and Language Models; it is not required for the current intensive reading spine.","Important on-demand reference, but not required in the current intensive sequence.",[],0,./2017/NeurIPS/2017_NeurIPS_Attention-Is-All-You-Need/01_overview.md
pr-0490,BundleFusion: Real-time Globally Consistent 3D Reconstruction using On-the-fly Surface Reintegration,2017,TOG,journal,peer_reviewed,"3D Geometry, Reconstruction, and SLAM",Robotics-enabling 3D perception,REFERENCE,,method,"{""learning"":[],""interaction"":[""navigation""],""modality"":[""depth"",""point_cloud"",""rgb""],""control_level"":[""state_estimation""],""setting"":[""real_time""],""embodiment"":[]}",FULL_TEXT_CHECKED,N/A,recorded,identified,paper_specific,https://arxiv.org/abs/1604.01093,project_only,not_recorded,code:8d1639012d97;metric:map,"BundleFusion: Real-time Globally Consistent 3D Reconstruction using On-the-fly Surface Reintegration is retained as REFERENCE because it provides an algorithmic or policy mechanism around 3D Vision, SLAM, RGB-D for targeted comparison in Robotics-enabling 3D perception; it is not required for the current intensive reading spine.","Important on-demand reference, but not required in the current intensive sequence.",[],0,./2017/TOG/2017_TOG_BundleFusion-Real-time-Globally-Consistent-3D-Reconstructi/01_overview.md
pr-0618,Constrained Policy Optimization,2017,ICML,conference,peer_reviewed,"World Models, Safety, and Recovery","RL, IL, offline learning, and robot data",NEXT,,method,"{""learning"":[""optimization_or_planning"",""reinforcement_learning"",""world_model""],""interaction"":[""contact_rich""],""modality"":[""force_torque""],""control_level"":[""policy"",""safety_or_recovery""],""setting"":[],""embodiment"":[]}",FULL_TEXT_CHECKED,UNREAD,recorded,identified,paper_specific,https://proceedings.mlr.press/v70/achiam17a.html,released,not_recorded,code:e68549c9704f,"Constrained Policy Optimization is a NEXT comparison paper because it extends an algorithmic or policy mechanism around Robotics, safe reinforcement learning, constraints in RL, IL, offline learning, and robot data, exposing a specialized frontier after the shared CORE spine.","Specialized or frontier extension selected after CORE for the RL, IL, offline learning, and robot data branch.","[{""type"":""extends"",""paper_id"":""pr-0615"",""confidence"":""verified""}]",0,./2017/ICML/2017_ICML_Constrained-Policy-Optimization/01_overview.md
pr-0675,Control Barrier Function Based Quadratic Programs for Safety Critical Systems,2017,TAC,journal,peer_reviewed,"World Models, Safety, and Recovery","World models, safety, uncertainty, and recovery",CORE,,system,"{""learning"":[""world_model""],""interaction"":[],""modality"":[],""control_level"":[""feedback_control"",""safety_or_recovery""],""setting"":[],""embodiment"":[]}",FULL_TEXT_CHECKED,UNREAD,recorded,identified,paper_specific,https://arxiv.org/abs/1609.06408,project_only,not_recorded,code:befd48e32d3f,"Control Barrier Function Based Quadratic Programs for Safety Critical Systems is a CORE prerequisite because it establishes an integrated robotics system and deployment interface around Robotics, control barrier function, safety-critical control, providing a reference point for World models, safety, uncertainty, and recovery comparisons in the observation-to-action loop.","Common foundation and prerequisite for the World models, safety, uncertainty, and recovery spine.",[],0,./2017/TAC/2017_TAC_Control-Barrier-Function-Based-Quadratic-Programs-for-Safe/01_overview.md
pr-0562,Dex-Net 2.0: Deep Learning to Plan Robust Grasps with Synthetic Point Clouds and Analytic Grasp Metrics,2017,RSS,conference,peer_reviewed,Robotics Foundations: Robot Learning,"Manipulation, contact, tactile, and dexterity",REFERENCE,,foundation,"{""learning"":[],""interaction"":[""grasping""],""modality"":[""point_cloud""],""control_level"":[""policy""],""setting"":[],""embodiment"":[""arm""]}",FULL_TEXT_CHECKED,N/A,recorded,identified,paper_specific,https://arxiv.org/abs/1703.09312,project_only,not_recorded,code:2d2379dcaccc;metric:success-rate,"Dex-Net 2.0: Deep Learning to Plan Robust Grasps with Synthetic Point Clouds and Analytic Grasp Metrics is retained as REFERENCE because it provides a reusable formulation or system primitive around Robotics, grasping, synthetic data for targeted comparison in Manipulation, contact, tactile, and dexterity; it is not required for the current intensive reading spine.","Important on-demand reference, but not required in the current intensive sequence.",[],0,./2017/RSS/2017_RSS_Dex-Net-2.0-Deep-Learning-to-Plan-Robust-Grasps-with-Synth/01_overview.md
pr-0561,Domain Randomization for Transferring Deep Neural Networks from Simulation to the Real World,2017,IROS,conference,peer_reviewed,Robotics Foundations: Robot Learning,"RL, IL, offline learning, and robot data",CORE,,foundation,"{""learning"":[],""interaction"":[],""modality"":[],""control_level"":[""policy"",""state_estimation""],""setting"":[""real_robot"",""sim_to_real"",""simulation""],""embodiment"":[]}",FULL_TEXT_CHECKED,UNREAD,recorded,identified,paper_specific,https://arxiv.org/abs/1703.06907,not_released,not_recorded,metric:success-rate,"Domain Randomization for Transferring Deep Neural Networks from Simulation to the Real World is a CORE prerequisite because it establishes a reusable formulation or system primitive around Robotics, sim-to-real, domain randomization, providing a reference point for RL, IL, offline learning, and robot data comparisons in the observation-to-action loop.","Common foundation and prerequisite for the RL, IL, offline learning, and robot data spine.",[],0,./2017/IROS/2017_IROS_Domain-Randomization-for-Transferring-Deep-Neural-Networks/01_overview.md
pr-0848,GelSight: High-Resolution Robot Tactile Sensors for Estimating Geometry and Force,2017,Sensors,journal,peer_reviewed,"Manipulation, Contact, and Dexterity","Manipulation, contact, tactile, and dexterity",CORE,,method,"{""learning"":[],""interaction"":[""contact_rich"",""grasping""],""modality"":[""force_torque"",""tactile""],""control_level"":[],""setting"":[],""embodiment"":[""arm""]}",FULL_TEXT_CHECKED,UNREAD,recorded,source_only,paper_specific,https://publications.ri.cmu.edu/gelsight-high-resolution-robot-tactile-sensors-for-estimating-geometry-and-force/,not_identified,not_recorded,,vision-based high-resolution tactile sensing으로 contact geometry와 force를 추정하는 대표 hardware foundation이다.,"Common foundation and prerequisite for the Manipulation, contact, tactile, and dexterity spine.",[],0,./2017/Sensors/2017_Sensors_GelSight-High-Resolution-Robot-Tactile-Sensors-for-Estimat/01_overview.md
pr-0617,Hindsight Experience Replay,2017,NeurIPS,conference,peer_reviewed,Robotics Foundations: Robot Learning,"RL, IL, offline learning, and robot data",NEXT,,foundation,"{""learning"":[""reinforcement_learning""],""interaction"":[""contact_rich""],""modality"":[""force_torque""],""control_level"":[""policy""],""setting"":[],""embodiment"":[]}",FULL_TEXT_CHECKED,UNREAD,recorded,identified,paper_specific,https://arxiv.org/abs/1707.01495,released,not_recorded,code:3a6179a8d5d9;metric:success-rate,"Hindsight Experience Replay is a NEXT comparison paper because it extends a reusable formulation or system primitive around Robotics, Reinforcement Learning, goal-conditioned RL in RL, IL, offline learning, and robot data, exposing a specialized frontier after the shared CORE spine.","Specialized or frontier extension selected after CORE for the RL, IL, offline learning, and robot data branch.",[],0,./2017/NeurIPS/2017_NeurIPS_Hindsight-Experience-Replay/01_overview.md
pr-0833,Information Theoretic MPC for Model-Based Reinforcement Learning,2017,ICRA,conference,peer_reviewed,Robotics Foundations: Planning and Control,Planning and control,CORE,,foundation,"{""learning"":[""optimization_or_planning"",""reinforcement_learning""],""interaction"":[""contact_rich""],""modality"":[""force_torque""],""control_level"":[""feedback_control""],""setting"":[],""embodiment"":[]}",FULL_TEXT_CHECKED,UNREAD,recorded,source_only,paper_specific,https://ieeexplore.ieee.org/document/7989202/,not_identified,not_recorded,,"sampling-based MPC와 learned dynamics를 결합하는 MPPI 계열의 대표 foundation으로, online replanning과 recovery 연구의 기반이다.",Common foundation and prerequisite for the Planning and control spine.,[],0,./2017/ICRA/2017_ICRA_Information-Theoretic-MPC-for-Model-Based-Reinforcement-Le/01_overview.md
pr-0499,Matterport3D: Learning from RGB-D Data in Indoor Environments,2017,3DV,conference,peer_reviewed,Benchmarks and Datasets,Robotics-enabling 3D perception,REFERENCE,,benchmark_or_dataset,"{""learning"":[],""interaction"":[""navigation""],""modality"":[""depth"",""rgb""],""control_level"":[],""setting"":[],""embodiment"":[""mobile""]}",FULL_TEXT_CHECKED,N/A,recorded,identified,paper_specific,https://arxiv.org/abs/1709.06158,project_only,not_recorded,code:b0f1015a62b7,"Matterport3D: Learning from RGB-D Data in Indoor Environments is retained as REFERENCE because it provides a benchmark, dataset, or evaluation protocol around 3D Vision, Dataset, RGB-D for targeted comparison in Robotics-enabling 3D perception; it is not required for the current intensive reading spine.","Important on-demand reference, but not required in the current intensive sequence.",[],0,./2017/3DV/2017_3DV_Matterport3D-Learning-from-RGB-D-Data-in-Indoor-Environmen/01_overview.md
pr-0631,One-Shot Visual Imitation Learning via Meta-Learning,2017,CoRL,conference,peer_reviewed,Robot Learning and Data,"Manipulation, contact, tactile, and dexterity",REFERENCE,,method,"{""learning"":[""imitation_learning""],""interaction"":[""grasping""],""modality"":[],""control_level"":[""policy""],""setting"":[],""embodiment"":[""arm""]}",FULL_TEXT_CHECKED,N/A,recorded,identified,paper_specific,https://arxiv.org/abs/1703.07326,project_only,not_recorded,code:8074942388e2;metric:success-rate,"One-Shot Visual Imitation Learning via Meta-Learning is retained as REFERENCE because it provides an algorithmic or policy mechanism around Robotics, Imitation Learning, meta-learning for targeted comparison in Manipulation, contact, tactile, and dexterity; it is not required for the current intensive reading spine.","Important on-demand reference, but not required in the current intensive sequence.",[],0,./2017/CoRL/2017_CoRL_One-Shot-Visual-Imitation-Learning-via-Meta-Learning/01_overview.md
pr-0013,PointNet++: Deep Hierarchical Feature Learning on Point Sets in a Metric Space,2017,NeurIPS,conference,peer_reviewed,3D Representation Learning,Robotics-enabling 3D perception,ARCHIVE,,method,"{""learning"":[],""interaction"":[],""modality"":[""point_cloud""],""control_level"":[],""setting"":[],""embodiment"":[]}",FULL_TEXT_CHECKED,N/A,recorded,identified,paper_specific,https://arxiv.org/abs/1706.02413,released,not_recorded,code:cd1fd8f4f943;metric:map,"PointNet++: Deep Hierarchical Feature Learning on Point Sets in a Metric Space is retained as ARCHIVE because its an algorithmic or policy mechanism around 3D geometry, point cloud, representation preserves historical or adjacent context for Robotics-enabling 3D perception; it is outside the current robotics-first intensive scope.",Historical or adjacent material retained for search; outside the current intensive scope.,"[{""type"":""extends"",""paper_id"":""pr-0012"",""confidence"":""verified""}]",0,./2017/NeurIPS/2017_NeurIPS_PointNet++-Deep-Hierarchical-Feature-Learning-on-Point-Set/01_overview.md
pr-0012,PointNet: Deep Learning on Point Sets for 3D Classification and Segmentation,2017,CVPR,conference,peer_reviewed,3D Representation Learning,Robotics-enabling 3D perception,CORE,,method,"{""learning"":[],""interaction"":[],""modality"":[""point_cloud""],""control_level"":[],""setting"":[],""embodiment"":[]}",FULL_TEXT_CHECKED,UNREAD,recorded,identified,paper_specific,https://arxiv.org/abs/1612.00593,released,not_recorded,code:acb850b34d6f;metric:map,"PointNet: Deep Learning on Point Sets for 3D Classification and Segmentation is a CORE prerequisite because it establishes an algorithmic or policy mechanism around 3D geometry, point cloud, representation, providing a reference point for Robotics-enabling 3D perception comparisons in the observation-to-action loop.",Common foundation and prerequisite for the Robotics-enabling 3D perception spine.,[],1,./2017/CVPR/2017_CVPR_PointNet-Deep-Learning-on-Point-Sets-for-3D-Classification/01_overview.md
pr-0524,Proximal Policy Optimization Algorithms,2017,arXiv,preprint,preprint,Robotics Foundations: Robot Learning,"RL, IL, offline learning, and robot data",CORE,,foundation,"{""learning"":[""optimization_or_planning"",""reinforcement_learning""],""interaction"":[""contact_rich""],""modality"":[""force_torque""],""control_level"":[""policy""],""setting"":[],""embodiment"":[]}",FULL_TEXT_CHECKED,UNREAD,recorded,identified,paper_specific,https://arxiv.org/abs/1707.06347,released,not_recorded,code:3a6179a8d5d9;metric:success-rate,"Proximal Policy Optimization Algorithms is a CORE prerequisite because it establishes a reusable formulation or system primitive around Reinforcement Learning, policy learning, Robotics, providing a reference point for RL, IL, offline learning, and robot data comparisons in the observation-to-action loop.","Common foundation and prerequisite for the RL, IL, offline learning, and robot data spine.","[{""type"":""extends"",""paper_id"":""pr-0615"",""confidence"":""verified""}]",0,./2017/arxiv/2017_arxiv_Proximal-Policy-Optimization-Algorithms/01_overview.md
pr-0496,ScanNet: Richly-annotated 3D Reconstructions of Indoor Scenes,2017,CVPR,conference,peer_reviewed,Benchmarks and Datasets,Robotics-enabling 3D perception,ARCHIVE,,benchmark_or_dataset,"{""learning"":[],""interaction"":[],""modality"":[""rgb""],""control_level"":[],""setting"":[],""embodiment"":[]}",FULL_TEXT_CHECKED,N/A,recorded,identified,paper_specific,https://arxiv.org/abs/1702.04405,project_only,not_recorded,code:3f8aa73abf70,"ScanNet: Richly-annotated 3D Reconstructions of Indoor Scenes is retained as ARCHIVE because its a benchmark, dataset, or evaluation protocol around 3D Vision, Dataset, semantic preserves historical or adjacent context for Robotics-enabling 3D perception; it is outside the current robotics-first intensive scope.",Historical or adjacent material retained for search; outside the current intensive scope.,[],0,./2017/CVPR/2017_CVPR_ScanNet-Richly-annotated-3D-Reconstructions-of-Indoor-Scen/01_overview.md
pr-0512,SSCNet: Semantic Scene Completion from a Single Depth Image,2017,CVPR,conference,peer_reviewed,Autonomous 3D Perception and Sensor Fusion,Robotics-enabling 3D perception,REFERENCE,,method,"{""learning"":[],""interaction"":[],""modality"":[""depth"",""rgb""],""control_level"":[""state_estimation""],""setting"":[],""embodiment"":[]}",FULL_TEXT_CHECKED,N/A,recorded,identified,paper_specific,https://arxiv.org/abs/1611.08974,released,not_recorded,code:dbd2bebaa55e;metric:map,"SSCNet: Semantic Scene Completion from a Single Depth Image is retained as REFERENCE because it provides an algorithmic or policy mechanism around 3D Vision, semantic, occupancy for targeted comparison in Robotics-enabling 3D perception; it is not required for the current intensive reading spine.","Important on-demand reference, but not required in the current intensive sequence.",[],0,./2017/CVPR/2017_CVPR_SSCNet-Semantic-Scene-Completion-from-a-Single-Depth-Image/01_overview.md
pr-0619,Addressing Function Approximation Error in Actor-Critic Methods,2018,ICML,conference,peer_reviewed,Robotics Foundations: Robot Learning,"RL, IL, offline learning, and robot data",NEXT,,foundation,"{""learning"":[""reinforcement_learning""],""interaction"":[""contact_rich""],""modality"":[""force_torque""],""control_level"":[""feedback_control"",""policy""],""setting"":[],""embodiment"":[]}",FULL_TEXT_CHECKED,UNREAD,recorded,identified,paper_specific,https://arxiv.org/abs/1802.09477,released,not_recorded,code:d699375e507e;metric:success-rate,"Addressing Function Approximation Error in Actor-Critic Methods is a NEXT comparison paper because it extends a reusable formulation or system primitive around Robotics, Reinforcement Learning, continuous control in RL, IL, offline learning, and robot data, exposing a specialized frontier after the shared CORE spine.","Specialized or frontier extension selected after CORE for the RL, IL, offline learning, and robot data branch.",[],0,./2018/ICML/2018_ICML_Addressing-Function-Approximation-Error-in-Actor-Critic-Me/01_overview.md
pr-0595,DeepMimic: Example-Guided Deep Reinforcement Learning of Physics-Based Character Skills,2018,TOG / SIGGRAPH,journal,peer_reviewed,Robotics Foundations: Robot Learning,"Locomotion, whole-body, mobile manipulation, and humanoids",NEXT,,foundation,"{""learning"":[""reinforcement_learning""],""interaction"":[""contact_rich""],""modality"":[""force_torque""],""control_level"":[""feedback_control"",""policy""],""setting"":[],""embodiment"":[""humanoid""]}",FULL_TEXT_CHECKED,UNREAD,recorded,identified,paper_specific,https://arxiv.org/abs/1804.02717,released,not_recorded,code:43b34f725c97;metric:success-rate,"DeepMimic: Example-Guided Deep Reinforcement Learning of Physics-Based Character Skills is a NEXT comparison paper because it extends a reusable formulation or system primitive around Robotics, humanoid, motion imitation in Locomotion, whole-body, mobile manipulation, and humanoids, exposing a specialized frontier after the shared CORE spine.","Specialized or frontier extension selected after CORE for the Locomotion, whole-body, mobile manipulation, and humanoids branch.",[],0,./2018/TOG-SIGGRAPH/2018_TOG-SIGGRAPH_DeepMimic-Example-Guided-Deep-Reinforcement-Learning-of-Ph/01_overview.md
pr-0840,Dense Object Nets: Learning Dense Visual Object Descriptors By and For Robotic Manipulation,2018,CoRL,conference,peer_reviewed,Robotics-Enabling 3D Perception,"Manipulation, contact, tactile, and dexterity",NEXT,,method,"{""learning"":[],""interaction"":[""grasping""],""modality"":[],""control_level"":[""state_estimation""],""setting"":[],""embodiment"":[""arm""]}",FULL_TEXT_CHECKED,UNREAD,recorded,source_only,paper_specific,https://proceedings.mlr.press/v87/florence18a.html,project_only,not_recorded,code:602a16b759b8,object-centric dense correspondence를 manipulation control에 연결한 대표 representation-learning foundation이다.,"Specialized or frontier extension selected after CORE for the Manipulation, contact, tactile, and dexterity branch.",[],0,./2018/CoRL/2018_CoRL_Dense-Object-Nets-Learning-Dense-Visual-Object-Descriptors/01_overview.md
pr-0834,FFRob: Leveraging Symbolic Planning for Efficient Task and Motion Planning,2018,The International Journal of Robotics Research,journal,peer_reviewed,Robotics Foundations: Planning and Control,Planning and control,NEXT,,foundation,"{""learning"":[""optimization_or_planning""],""interaction"":[""grasping""],""modality"":[],""control_level"":[""feedback_control"",""motion_planning"",""task_planning""],""setting"":[],""embodiment"":[""arm""]}",FULL_TEXT_CHECKED,UNREAD,recorded,source_only,paper_specific,https://journals.sagepub.com/doi/10.1177/0278364917739114,not_identified,not_recorded,metric:map,symbolic planning heuristic을 이용해 continuous samples와 motion feasibility 탐색을 효율화한 TAMP 대표 baseline이다.,Specialized or frontier extension selected after CORE for the Planning and control branch.,[],0,./2018/The-International-Journa/2018_The-International-Journa_FFRob-Leveraging-Symbolic-Planning-for-Efficient-Task-and/01_overview.md
pr-0633,Learning Complex Dexterous Manipulation with Deep Reinforcement Learning and Demonstrations,2018,RSS,conference,peer_reviewed,Robot Learning and Data,"RL, IL, offline learning, and robot data",NEXT,,method,"{""learning"":[""imitation_learning"",""reinforcement_learning""],""interaction"":[""contact_rich"",""grasping""],""modality"":[""force_torque""],""control_level"":[""policy""],""setting"":[],""embodiment"":[""arm"",""dexterous_hand""]}",FULL_TEXT_CHECKED,UNREAD,recorded,identified,paper_specific,https://roboticsproceedings.org/rss14/p49.html,project_only,not_recorded,code:213fd3a296b5,"Learning Complex Dexterous Manipulation with Deep Reinforcement Learning and Demonstrations is a NEXT comparison paper because it extends an algorithmic or policy mechanism around Robotics, Imitation Learning, Reinforcement Learning in RL, IL, offline learning, and robot data, exposing a specialized frontier after the shared CORE spine.","Specialized or frontier extension selected after CORE for the RL, IL, offline learning, and robot data branch.",[],0,./2018/RSS/2018_RSS_Learning-Complex-Dexterous-Manipulation-with-Deep-Reinforc/01_overview.md
pr-0632,Learning Robust Rewards with Adversarial Inverse Reinforcement Learning,2018,ICLR,conference,peer_reviewed,Robotics Foundations: Robot Learning,"RL, IL, offline learning, and robot data",REFERENCE,,foundation,"{""learning"":[""reinforcement_learning""],""interaction"":[""contact_rich""],""modality"":[""force_torque""],""control_level"":[""policy""],""setting"":[],""embodiment"":[]}",FULL_TEXT_CHECKED,N/A,recorded,identified,paper_specific,https://arxiv.org/abs/1710.11248,released,not_recorded,code:a4b6f2738abc;metric:success-rate,"Learning Robust Rewards with Adversarial Inverse Reinforcement Learning is retained as REFERENCE because it provides a reusable formulation or system primitive around Robotics, inverse reinforcement learning, adversarial learning for targeted comparison in RL, IL, offline learning, and robot data; it is not required for the current intensive reading spine.","Important on-demand reference, but not required in the current intensive sequence.",[],0,./2018/ICLR/2018_ICLR_Learning-Robust-Rewards-with-Adversarial-Inverse-Reinforce/01_overview.md
pr-0855,Maximum a Posteriori Policy Optimisation,2018,ICLR,conference,peer_reviewed,Robotics Foundations: Robot Learning,"RL, IL, offline learning, and robot data",NEXT,,foundation,"{""learning"":[""optimization_or_planning"",""reinforcement_learning""],""interaction"":[""contact_rich""],""modality"":[""force_torque""],""control_level"":[""policy""],""setting"":[],""embodiment"":[]}",FULL_TEXT_CHECKED,UNREAD,recorded,identified,paper_specific,https://openreview.net/forum?id=S1ANxQW0b,not_identified,not_recorded,metric:map,DeepMind의 MPO로 안정적인 off-policy continuous-control policy optimization을 정립해 MT-Opt류 scalable robot RL의 직접 기반이 된다.,"Specialized or frontier extension selected after CORE for the RL, IL, offline learning, and robot data branch.",[],0,./2018/ICLR/2018_ICLR_Maximum-a-Posteriori-Policy-Optimisation/01_overview.md
pr-0508,PointCNN: Convolution On X-Transformed Points,2018,NeurIPS,conference,peer_reviewed,3D Representation Learning,Robotics-enabling 3D perception,REFERENCE,,method,"{""learning"":[],""interaction"":[],""modality"":[""point_cloud"",""rgb""],""control_level"":[],""setting"":[],""embodiment"":[]}",FULL_TEXT_CHECKED,N/A,recorded,identified,paper_specific,https://arxiv.org/abs/1801.07791,released,not_recorded,benchmark:scannet;code:842523380f20;metric:map,"PointCNN: Convolution On X-Transformed Points is retained as REFERENCE because it provides an algorithmic or policy mechanism around 3D Vision, point cloud, geometry for targeted comparison in Robotics-enabling 3D perception; it is not required for the current intensive reading spine.","Important on-demand reference, but not required in the current intensive sequence.",[],0,./2018/NeurIPS/2018_NeurIPS_PointCNN-Convolution-On-X-Transformed-Points/01_overview.md
pr-0563,QT-Opt: Scalable Deep Reinforcement Learning for Vision-Based Robotic Manipulation,2018,CoRL,conference,peer_reviewed,Robotics Foundations: Robot Learning,"Manipulation, contact, tactile, and dexterity",REFERENCE,,foundation,"{""learning"":[""reinforcement_learning""],""interaction"":[""contact_rich"",""grasping""],""modality"":[""force_torque"",""rgb""],""control_level"":[""policy""],""setting"":[],""embodiment"":[""arm""]}",FULL_TEXT_CHECKED,N/A,recorded,identified,paper_specific,https://arxiv.org/abs/1806.10293,project_only,not_recorded,code:c942c76a3a94,"QT-Opt: Scalable Deep Reinforcement Learning for Vision-Based Robotic Manipulation is retained as REFERENCE because it provides a reusable formulation or system primitive around Robotics, Reinforcement Learning, Q-learning for targeted comparison in Manipulation, contact, tactile, and dexterity; it is not required for the current intensive reading spine.","Important on-demand reference, but not required in the current intensive sequence.",[],0,./2018/CoRL/2018_CoRL_QT-Opt-Scalable-Deep-Reinforcement-Learning-for-Vision-Bas/01_overview.md
pr-0654,Sim-to-Real: Learning Agile Locomotion For Quadruped Robots,2018,RSS,conference,peer_reviewed,"Locomotion, Whole-Body, and Mobile Manipulation","Locomotion, whole-body, mobile manipulation, and humanoids",NEXT,,method,"{""learning"":[""reinforcement_learning""],""interaction"":[""contact_rich"",""grasping"",""locomotion"",""whole_body""],""modality"":[""force_torque""],""control_level"":[""whole_body""],""setting"":[""sim_to_real""],""embodiment"":[""arm"",""legged"",""mobile""]}",FULL_TEXT_CHECKED,UNREAD,recorded,identified,paper_specific,https://roboticsproceedings.org/rss14/p10.html,project_only,not_recorded,code:c5853a9c4702,"Sim-to-Real: Learning Agile Locomotion For Quadruped Robots is a NEXT comparison paper because it extends an algorithmic or policy mechanism around Robotics, quadruped locomotion, Reinforcement Learning in Locomotion, whole-body, mobile manipulation, and humanoids, exposing a specialized frontier after the shared CORE spine.","Specialized or frontier extension selected after CORE for the Locomotion, whole-body, mobile manipulation, and humanoids branch.",[],0,./2018/RSS/2018_RSS_Sim-to-Real-Learning-Agile-Locomotion-For-Quadruped-Robots/01_overview.md
pr-0620,Soft Actor-Critic: Off-Policy Maximum Entropy Deep Reinforcement Learning with a Stochastic Actor,2018,ICML,conference,peer_reviewed,Robotics Foundations: Robot Learning,"RL, IL, offline learning, and robot data",CORE,,foundation,"{""learning"":[""reinforcement_learning""],""interaction"":[""contact_rich""],""modality"":[""force_torque""],""control_level"":[""feedback_control"",""policy""],""setting"":[],""embodiment"":[]}",FULL_TEXT_CHECKED,UNREAD,recorded,identified,paper_specific,https://proceedings.mlr.press/v80/haarnoja18b.html,released,not_recorded,code:608a46020c97;metric:success-rate,"Soft Actor-Critic: Off-Policy Maximum Entropy Deep Reinforcement Learning with a Stochastic Actor is a CORE prerequisite because it establishes a reusable formulation or system primitive around Robotics, Reinforcement Learning, continuous control, providing a reference point for RL, IL, offline learning, and robot data comparisons in the observation-to-action loop.","Common foundation and prerequisite for the RL, IL, offline learning, and robot data spine.",[],0,./2018/ICML/2018_ICML_Soft-Actor-Critic-Off-Policy-Maximum-Entropy-Deep-Reinforc/01_overview.md
pr-0517,Tensor Field Networks: Rotation- and Translation-Equivariant Neural Networks for 3D Point Clouds,2018,arXiv,preprint,preprint,"3D Geometry, Registration, and Equivariance",Robotics-enabling 3D perception,REFERENCE,,method,"{""learning"":[],""interaction"":[],""modality"":[""point_cloud"",""rgb""],""control_level"":[],""setting"":[],""embodiment"":[]}",FULL_TEXT_CHECKED,N/A,recorded,identified,paper_specific,https://arxiv.org/abs/1802.08219,released,not_recorded,code:6168fbd8af5a;metric:map,"Tensor Field Networks: Rotation- and Translation-Equivariant Neural Networks for 3D Point Clouds is retained as REFERENCE because it provides an algorithmic or policy mechanism around 3D Vision, equivariant, 3D geometry for targeted comparison in Robotics-enabling 3D perception; it is not required for the current intensive reading spine.","Important on-demand reference, but not required in the current intensive sequence.",[],0,./2018/arxiv/2018_arxiv_Tensor-Field-Networks-Rotation-and-Translation-Equivariant/01_overview.md
pr-0945,VINS-Mono: A Robust and Versatile Monocular Visual-Inertial State Estimator,2018,T-RO,journal,peer_reviewed,Robotics-Enabling 3D Perception,Robotics-enabling 3D perception,REFERENCE,,foundation,"{""learning"":[],""interaction"":[""navigation""],""modality"":[],""control_level"":[""feedback_control"",""state_estimation""],""setting"":[],""embodiment"":[]}",FULL_TEXT_CHECKED,N/A,recorded,identified,paper_specific,https://arxiv.org/abs/1708.03852,released,not_recorded,code:076aaa18614e,monocular camera+IMU에서 metric 6-DoF state를 추정해 navigation/control loop에 공급하는 state-estimation foundation이다.,"Important on-demand reference, but not required in the current intensive sequence.",[],0,./2018/T-RO/2018_T-RO_VINS-Mono-A-Robust-and-Versatile-Monocular-Visual-Inertial/01_overview.md
pr-0539,Vision-and-Language Navigation: Interpreting Visually-Grounded Navigation Instructions in Real Environments,2018,CVPR,conference,peer_reviewed,Embodied Navigation and Mapping,Robotics-enabling 3D perception,REFERENCE,,benchmark_or_dataset,"{""learning"":[],""interaction"":[""navigation""],""modality"":[""language"",""rgb""],""control_level"":[""state_estimation""],""setting"":[],""embodiment"":[""mobile""]}",FULL_TEXT_CHECKED,N/A,recorded,identified,paper_specific,https://arxiv.org/abs/1711.07280,project_only,not_recorded,code:e65724bf0fba,"Vision-and-Language Navigation: Interpreting Visually-Grounded Navigation Instructions in Real Environments is retained as REFERENCE because it provides a benchmark, dataset, or evaluation protocol around Vision-Language Navigation, Robotics, Navigation for targeted comparison in Robotics-enabling 3D perception; it is not required for the current intensive reading spine.","Important on-demand reference, but not required in the current intensive sequence.",[],0,./2018/CVPR/2018_CVPR_Vision-and-Language-Navigation-Interpreting-Visually-Groun/01_overview.md
pr-0504,VoxelNet: End-to-End Learning for Point Cloud Based 3D Object Detection,2018,CVPR,conference,peer_reviewed,Autonomous 3D Perception and Sensor Fusion,Robotics-enabling 3D perception,REFERENCE,,method,"{""learning"":[],""interaction"":[],""modality"":[""lidar"",""point_cloud"",""rgb""],""control_level"":[""state_estimation""],""setting"":[],""embodiment"":[]}",FULL_TEXT_CHECKED,N/A,recorded,identified,paper_specific,https://arxiv.org/abs/1711.06396,not_identified,not_recorded,benchmark:kitti;metric:map,"VoxelNet: End-to-End Learning for Point Cloud Based 3D Object Detection is retained as REFERENCE because it provides an algorithmic or policy mechanism around 3D Vision, LiDAR, 3D detection for targeted comparison in Robotics-enabling 3D perception; it is not required for the current intensive reading spine.","Important on-demand reference, but not required in the current intensive sequence.",[],0,./2018/CVPR/2018_CVPR_VoxelNet-End-to-End-Learning-for-Point-Cloud-Based-3D-Obje/01_overview.md
pr-0668,Whole-Body Nonlinear Model Predictive Control Through Contacts for Quadrupeds,2018,RA-L,journal,peer_reviewed,Robotics Foundations: Contact and Whole-Body Control,Planning and control,CORE,,foundation,"{""learning"":[],""interaction"":[""contact_rich"",""whole_body""],""modality"":[],""control_level"":[""feedback_control"",""whole_body""],""setting"":[],""embodiment"":[""legged""]}",FULL_TEXT_CHECKED,UNREAD,recorded,identified,paper_specific,https://arxiv.org/abs/1712.02889,released,not_recorded,code:00e7a0f6513d,"Whole-Body Nonlinear Model Predictive Control Through Contacts for Quadrupeds is a CORE prerequisite because it establishes a reusable formulation or system primitive around Robotics, whole-body control, model predictive control, providing a reference point for Planning and control comparisons in the observation-to-action loop.",Common foundation and prerequisite for the Planning and control spine.,[],0,./2018/RA-L/2018_RA-L_Whole-Body-Nonlinear-Model-Predictive-Control-Through-Cont/01_overview.md
pr-0678,World Models,2018,NeurIPS Workshop,workshop,peer_reviewed,"World Models, Safety, and Recovery","World models, safety, uncertainty, and recovery",CORE,,method,"{""learning"":[""reinforcement_learning"",""world_model""],""interaction"":[""contact_rich""],""modality"":[""force_torque""],""control_level"":[""safety_or_recovery""],""setting"":[],""embodiment"":[]}",FULL_TEXT_CHECKED,UNREAD,recorded,identified,paper_specific,https://arxiv.org/abs/1803.10122,project_only,not_recorded,code:85f642d2ae28,"World Models is a CORE prerequisite because it establishes an algorithmic or policy mechanism around Robotics, world model, latent dynamics, providing a reference point for World models, safety, uncertainty, and recovery comparisons in the observation-to-action loop.","Common foundation and prerequisite for the World models, safety, uncertainty, and recovery spine.",[],0,./2018/NeurIPS-Workshop/2018_NeurIPS-Workshop_World-Models/01_overview.md
pr-0493,"3D Scene Graph: A Structure for Unified Semantics, 3D Space, and Camera",2019,ICCV,conference,peer_reviewed,3D Vision-Language Understanding,Robotics-enabling 3D perception,ARCHIVE,,method,"{""learning"":[],""interaction"":[],""modality"":[""language"",""rgb""],""control_level"":[],""setting"":[],""embodiment"":[]}",FULL_TEXT_CHECKED,N/A,recorded,identified,paper_specific,https://arxiv.org/abs/1910.02527,project_only,not_recorded,code:abca22279a67;metric:map,"3D Scene Graph: A Structure for Unified Semantics, 3D Space, and Camera is retained as ARCHIVE because its an algorithmic or policy mechanism around 3D Scene Graph, semantic, geometry preserves historical or adjacent context for Robotics-enabling 3D perception; it is outside the current robotics-first intensive scope.",Historical or adjacent material retained for search; outside the current intensive scope.,[],0,./2019/ICCV/2019_ICCV_3D-Scene-Graph-A-Structure-for-Unified-Semantics-3D-Space/01_overview.md
pr-0296,4D Spatio-Temporal ConvNets: Minkowski Convolutional Neural Networks,2019,CVPR,conference,peer_reviewed,3D Representation Learning,Robotics-enabling 3D perception,ARCHIVE,,method,"{""learning"":[],""interaction"":[],""modality"":[""rgb""],""control_level"":[],""setting"":[],""embodiment"":[]}",FULL_TEXT_CHECKED,N/A,recorded,identified,paper_specific,https://arxiv.org/abs/1904.08755,not_identified,not_recorded,metric:map,4D Spatio-Temporal ConvNets: Minkowski Convolutional Neural Networks is retained as ARCHIVE because its an algorithmic or policy mechanism around 3D Vision preserves historical or adjacent context for Robotics-enabling 3D perception; it is outside the current robotics-first intensive scope.,Historical or adjacent material retained for search; outside the current intensive scope.,[],0,./2019/CVPR/2019_CVPR_4D-Spatio-Temporal-ConvNets-Minkowski-Convolutional-Neural/01_overview.md
pr-0676,Benchmarking Safe Exploration in Deep Reinforcement Learning,2019,Technical Report,technical_report,technical_report,"World Models, Safety, and Recovery","World models, safety, uncertainty, and recovery",REFERENCE,,benchmark_or_dataset,"{""learning"":[""reinforcement_learning"",""world_model""],""interaction"":[""contact_rich""],""modality"":[""force_torque""],""control_level"":[""safety_or_recovery""],""setting"":[],""embodiment"":[]}",FULL_TEXT_CHECKED,N/A,recorded,source_only,paper_specific,https://openai.com/index/benchmarking-safe-exploration-in-deep-reinforcement-learning/,released,not_recorded,code:8142130b1ae9,"Benchmarking Safe Exploration in Deep Reinforcement Learning is retained as REFERENCE because it provides a benchmark, dataset, or evaluation protocol around Robotics, safe reinforcement learning, Safety Gym for targeted comparison in World models, safety, uncertainty, and recovery; it is not required for the current intensive reading spine.","Important on-demand reference, but not required in the current intensive sequence.",[],0,./2019/Technical-Report/2019_Technical-Report_Benchmarking-Safe-Exploration-in-Deep-Reinforcement-Learni/01_overview.md
pr-0002,BERT: Pre-training of Deep Bidirectional Transformers for Language Understanding,2019,NAACL,conference,peer_reviewed,Foundations: Vision and Language Models,,REFERENCE,,foundation,"{""learning"":[],""interaction"":[],""modality"":[""language"",""rgb""],""control_level"":[],""setting"":[],""embodiment"":[]}",FULL_TEXT_CHECKED,N/A,recorded,identified,paper_specific,https://arxiv.org/abs/1810.04805,released,not_recorded,code:1553c592ba83,"BERT: Pre-training of Deep Bidirectional Transformers for Language Understanding is retained as REFERENCE because it provides a reusable formulation or system primitive around LLM, Transformer, pretraining for targeted comparison in Foundations: Vision and Language Models; it is not required for the current intensive reading spine.","Important on-demand reference, but not required in the current intensive sequence.",[],0,./2019/NAACL/2019_NAACL_BERT-Pre-training-of-Deep-Bidirectional-Transformers-for-L/01_overview.md
pr-0483,Deep Closest Point: Learning Representations for Point Cloud Registration,2019,ICCV,conference,peer_reviewed,"3D Geometry, Registration, and Equivariance",Robotics-enabling 3D perception,REFERENCE,,method,"{""learning"":[],""interaction"":[],""modality"":[""point_cloud"",""rgb""],""control_level"":[],""setting"":[],""embodiment"":[]}",FULL_TEXT_CHECKED,N/A,recorded,identified,paper_specific,https://arxiv.org/abs/1905.03304,released,not_recorded,code:6d01641cc964;metric:map,"Deep Closest Point: Learning Representations for Point Cloud Registration is retained as REFERENCE because it provides an algorithmic or policy mechanism around 3D Vision, registration, point cloud for targeted comparison in Robotics-enabling 3D perception; it is not required for the current intensive reading spine.","Important on-demand reference, but not required in the current intensive sequence.",[],0,./2019/ICCV/2019_ICCV_Deep-Closest-Point-Learning-Representations-for-Point-Clou/01_overview.md
pr-0520,Digging Into Self-Supervised Monocular Depth Estimation,2019,ICCV,conference,peer_reviewed,"3D Geometry, Reconstruction, and SLAM",Robotics-enabling 3D perception,REFERENCE,,method,"{""learning"":[""self_supervised""],""interaction"":[""navigation""],""modality"":[""depth"",""point_cloud"",""rgb""],""control_level"":[""state_estimation""],""setting"":[],""embodiment"":[]}",FULL_TEXT_CHECKED,N/A,recorded,identified,paper_specific,https://arxiv.org/abs/1806.01260,released,not_recorded,benchmark:kitti;code:f5272d4af7ea;metric:map,"Digging Into Self-Supervised Monocular Depth Estimation is retained as REFERENCE because it provides an algorithmic or policy mechanism around 3D Vision, monocular depth, self-supervised for targeted comparison in Robotics-enabling 3D perception; it is not required for the current intensive reading spine.","Important on-demand reference, but not required in the current intensive sequence.",[],0,./2019/ICCV/2019_ICCV_Digging-Into-Self-Supervised-Monocular-Depth-Estimation/01_overview.md
pr-0294,Dynamic Graph CNN for Learning on Point Clouds,2019,TOG,journal,peer_reviewed,3D Representation Learning,Robotics-enabling 3D perception,ARCHIVE,,method,"{""learning"":[],""interaction"":[],""modality"":[""point_cloud"",""rgb""],""control_level"":[],""setting"":[],""embodiment"":[]}",FULL_TEXT_CHECKED,N/A,recorded,identified,paper_specific,https://arxiv.org/abs/1801.07829,not_identified,not_recorded,metric:map,"Dynamic Graph CNN for Learning on Point Clouds is retained as ARCHIVE because its an algorithmic or policy mechanism around point cloud, 3D Vision preserves historical or adjacent context for Robotics-enabling 3D perception; it is outside the current robotics-first intensive scope.",Historical or adjacent material retained for search; outside the current intensive scope.,[],0,./2019/TOG/2019_TOG_Dynamic-Graph-CNN-for-Learning-on-Point-Clouds/01_overview.md
pr-0482,Fully Convolutional Geometric Features,2019,ICCV,conference,peer_reviewed,"3D Geometry, Registration, and Equivariance",Robotics-enabling 3D perception,REFERENCE,,method,"{""learning"":[],""interaction"":[],""modality"":[""point_cloud"",""rgb""],""control_level"":[],""setting"":[],""embodiment"":[]}",FULL_TEXT_CHECKED,N/A,recorded,source_only,paper_specific,https://openaccess.thecvf.com/content_ICCV_2019/html/Choy_Fully_Convolutional_Geometric_Features_ICCV_2019_paper.html,released,not_recorded,code:5526d71e6099;metric:map,"Fully Convolutional Geometric Features is retained as REFERENCE because it provides an algorithmic or policy mechanism around 3D Vision, registration, 3D geometry for targeted comparison in Robotics-enabling 3D perception; it is not required for the current intensive reading spine.","Important on-demand reference, but not required in the current intensive sequence.",[],0,./2019/ICCV/2019_ICCV_Fully-Convolutional-Geometric-Features/01_overview.md
pr-0500,Habitat: A Platform for Embodied AI Research,2019,ICCV,conference,peer_reviewed,Benchmarks and Datasets,,REFERENCE,,benchmark_or_dataset,"{""learning"":[],""interaction"":[""navigation""],""modality"":[],""control_level"":[],""setting"":[""simulation""],""embodiment"":[""mobile""]}",FULL_TEXT_CHECKED,N/A,recorded,identified,paper_specific,https://arxiv.org/abs/1904.01201,project_only,not_recorded,benchmark:habitat;benchmark:matterport3d;code:dff0004823eb,"Habitat: A Platform for Embodied AI Research is retained as REFERENCE because it provides a benchmark, dataset, or evaluation protocol around Robotics, Navigation, Embodied AI for targeted comparison in Benchmarks and Datasets; it is not required for the current intensive reading spine.","Important on-demand reference, but not required in the current intensive sequence.",[],0,./2019/ICCV/2019_ICCV_Habitat-A-Platform-for-Embodied-AI-Research/01_overview.md
pr-0644,In-Hand Manipulation via Motion Cones,2019,RSS,conference,peer_reviewed,"Manipulation, Contact, and Dexterity","Manipulation, contact, tactile, and dexterity",NEXT,,method,"{""learning"":[],""interaction"":[""contact_rich"",""grasping""],""modality"":[],""control_level"":[],""setting"":[],""embodiment"":[""arm"",""dexterous_hand""]}",FULL_TEXT_CHECKED,UNREAD,recorded,identified,paper_specific,https://arxiv.org/abs/1810.00219,project_only,not_recorded,code:f686f8604c96,"In-Hand Manipulation via Motion Cones is a NEXT comparison paper because it extends an algorithmic or policy mechanism around Robotics, contact-rich manipulation, in-hand manipulation in Manipulation, contact, tactile, and dexterity, exposing a specialized frontier after the shared CORE spine.","Specialized or frontier extension selected after CORE for the Manipulation, contact, tactile, and dexterity branch.",[],0,./2019/RSS/2019_RSS_In-Hand-Manipulation-via-Motion-Cones/01_overview.md
pr-0295,KPConv: Flexible and Deformable Convolution for Point Clouds,2019,ICCV,conference,peer_reviewed,3D Representation Learning,Robotics-enabling 3D perception,ARCHIVE,,method,"{""learning"":[],""interaction"":[""deformable""],""modality"":[""point_cloud"",""rgb""],""control_level"":[],""setting"":[],""embodiment"":[]}",FULL_TEXT_CHECKED,N/A,recorded,identified,paper_specific,https://arxiv.org/abs/1904.08889,not_identified,not_recorded,metric:map,"KPConv: Flexible and Deformable Convolution for Point Clouds is retained as ARCHIVE because its an algorithmic or policy mechanism around point cloud, 3D Vision preserves historical or adjacent context for Robotics-enabling 3D perception; it is outside the current robotics-first intensive scope.",Historical or adjacent material retained for search; outside the current intensive scope.,[],0,./2019/ICCV/2019_ICCV_KPConv-Flexible-and-Deformable-Convolution-for-Point-Cloud/01_overview.md
pr-0653,Learning Agile and Dynamic Motor Skills for Legged Robots,2019,Science Robotics,journal,peer_reviewed,"Locomotion, Whole-Body, and Mobile Manipulation","Locomotion, whole-body, mobile manipulation, and humanoids",REFERENCE,,method,"{""learning"":[""reinforcement_learning""],""interaction"":[""contact_rich"",""grasping"",""locomotion"",""whole_body""],""modality"":[""force_torque""],""control_level"":[""whole_body""],""setting"":[""sim_to_real""],""embodiment"":[""arm"",""legged"",""mobile""]}",FULL_TEXT_CHECKED,N/A,recorded,identified,paper_specific,https://arxiv.org/abs/1901.08652,project_only,not_recorded,code:714412b09a53,"Learning Agile and Dynamic Motor Skills for Legged Robots is retained as REFERENCE because it provides an algorithmic or policy mechanism around Robotics, legged locomotion, Reinforcement Learning for targeted comparison in Locomotion, whole-body, mobile manipulation, and humanoids; it is not required for the current intensive reading spine.","Important on-demand reference, but not required in the current intensive sequence.",[],0,./2019/Science-Robotics/2019_Science-Robotics_Learning-Agile-and-Dynamic-Motor-Skills-for-Legged-Robots/01_overview.md
pr-0679,Learning Latent Dynamics for Planning from Pixels,2019,ICML,conference,peer_reviewed,"World Models, Safety, and Recovery","World models, safety, uncertainty, and recovery",NEXT,,method,"{""learning"":[""optimization_or_planning"",""world_model""],""interaction"":[],""modality"":[],""control_level"":[""safety_or_recovery""],""setting"":[],""embodiment"":[]}",FULL_TEXT_CHECKED,UNREAD,recorded,identified,paper_specific,https://arxiv.org/abs/1811.04551,project_only,not_recorded,code:860b5a499acb,"Learning Latent Dynamics for Planning from Pixels is a NEXT comparison paper because it extends an algorithmic or policy mechanism around Robotics, world model, Planning in World models, safety, uncertainty, and recovery, exposing a specialized frontier after the shared CORE spine.","Specialized or frontier extension selected after CORE for the World models, safety, uncertainty, and recovery branch.",[],0,./2019/ICML/2019_ICML_Learning-Latent-Dynamics-for-Planning-from-Pixels/01_overview.md
pr-0596,Learning Locomotion Skills for Cassie: Iterative Design and Sim-to-Real,2019,CoRL,conference,peer_reviewed,Robotics Foundations: Robot Learning,"Locomotion, whole-body, mobile manipulation, and humanoids",REFERENCE,,foundation,"{""learning"":[""reinforcement_learning""],""interaction"":[""contact_rich"",""locomotion""],""modality"":[""force_torque""],""control_level"":[""policy""],""setting"":[""real_robot"",""sim_to_real""],""embodiment"":[""humanoid""]}",FULL_TEXT_CHECKED,N/A,recorded,identified,paper_specific,https://www.cs.ubc.ca/~van/papers/2019-CORL-cassie/index.html,project_only,not_recorded,code:46be1b679667,"Learning Locomotion Skills for Cassie: Iterative Design and Sim-to-Real is retained as REFERENCE because it provides a reusable formulation or system primitive around Robotics, bipedal locomotion, Reinforcement Learning for targeted comparison in Locomotion, whole-body, mobile manipulation, and humanoids; it is not required for the current intensive reading spine.","Important on-demand reference, but not required in the current intensive sequence.",[],0,./2019/CoRL/2019_CoRL_Learning-Locomotion-Skills-for-Cassie-Iterative-Design-and/01_overview.md
pr-0844,Meta-World: A Benchmark and Evaluation for Multi-Task and Meta Reinforcement Learning,2019,CoRL,conference,peer_reviewed,Benchmarks and Datasets,"Manipulation, contact, tactile, and dexterity",REFERENCE,,benchmark_or_dataset,"{""learning"":[""reinforcement_learning""],""interaction"":[""contact_rich"",""grasping""],""modality"":[""force_torque""],""control_level"":[],""setting"":[],""embodiment"":[""arm""]}",FULL_TEXT_CHECKED,N/A,recorded,source_only,paper_specific,https://proceedings.mlr.press/v100/yu20a.html,project_only,not_recorded,code:b87ff5bab937,multi-task/meta-RL robot manipulation을 공통 task family와 protocol로 평가하는 대표 simulation benchmark다.,"Important on-demand reference, but not required in the current intensive sequence.",[],0,./2019/CoRL/2019_CoRL_Meta-World-A-Benchmark-and-Evaluation-for-Multi-Task-and-M/01_overview.md
pr-0505,PointPillars: Fast Encoders for Object Detection from Point Clouds,2019,CVPR,conference,peer_reviewed,Autonomous 3D Perception and Sensor Fusion,Robotics-enabling 3D perception,REFERENCE,,method,"{""learning"":[],""interaction"":[],""modality"":[""lidar"",""point_cloud"",""rgb""],""control_level"":[""state_estimation""],""setting"":[],""embodiment"":[]}",FULL_TEXT_CHECKED,N/A,recorded,identified,paper_specific,https://arxiv.org/abs/1812.05784,released,not_recorded,code:7ade4504443c;metric:map,"PointPillars: Fast Encoders for Object Detection from Point Clouds is retained as REFERENCE because it provides an algorithmic or policy mechanism around 3D Vision, LiDAR, 3D detection for targeted comparison in Robotics-enabling 3D perception; it is not required for the current intensive reading spine.","Important on-demand reference, but not required in the current intensive sequence.",[],0,./2019/CVPR/2019_CVPR_PointPillars-Fast-Encoders-for-Object-Detection-from-Point/01_overview.md
pr-0845,RoboNet: Large-Scale Multi-Robot Learning,2019,CoRL,conference,peer_reviewed,Robot Learning and Data,"Manipulation, contact, tactile, and dexterity",REFERENCE,,benchmark_or_dataset,"{""learning"":[],""interaction"":[""grasping""],""modality"":[],""control_level"":[""policy""],""setting"":[],""embodiment"":[""arm"",""multi_robot""]}",FULL_TEXT_CHECKED,N/A,recorded,source_only,paper_specific,https://proceedings.mlr.press/v100/dasari20a.html,project_only,not_recorded,code:7ec3b77f560c;metric:success-rate,여러 기관·로봇의 조작 데이터를 결합해 cross-robot generalization을 연구한 대규모 robot-data lineage의 초기 대표작이다.,"Important on-demand reference, but not required in the current intensive sequence.",[],0,./2019/CoRL/2019_CoRL_RoboNet-Large-Scale-Multi-Robot-Learning/01_overview.md
pr-0497,SemanticKITTI: A Dataset for Semantic Scene Understanding of LiDAR Sequences,2019,ICCV,conference,peer_reviewed,Benchmarks and Datasets,Robotics-enabling 3D perception,ARCHIVE,,benchmark_or_dataset,"{""learning"":[],""interaction"":[],""modality"":[""lidar"",""rgb""],""control_level"":[],""setting"":[],""embodiment"":[]}",FULL_TEXT_CHECKED,N/A,recorded,identified,paper_specific,https://arxiv.org/abs/1904.01416,project_only,not_recorded,benchmark:kitti;code:ac40c2aed70a,"SemanticKITTI: A Dataset for Semantic Scene Understanding of LiDAR Sequences is retained as ARCHIVE because its a benchmark, dataset, or evaluation protocol around 3D Vision, LiDAR, semantic preserves historical or adjacent context for Robotics-enabling 3D perception; it is outside the current robotics-first intensive scope.",Historical or adjacent material retained for search; outside the current intensive scope.,[],0,./2019/ICCV/2019_ICCV_SemanticKITTI-A-Dataset-for-Semantic-Scene-Understanding-o/01_overview.md
pr-0541,Beyond the Nav-Graph: Vision-and-Language Navigation in Continuous Environments,2020,ECCV,conference,peer_reviewed,Embodied Navigation and Mapping,Robotics-enabling 3D perception,REFERENCE,,benchmark_or_dataset,"{""learning"":[],""interaction"":[""navigation""],""modality"":[""language"",""rgb""],""control_level"":[""state_estimation""],""setting"":[],""embodiment"":[""mobile""]}",FULL_TEXT_CHECKED,N/A,recorded,identified,paper_specific,https://arxiv.org/abs/2004.02857,project_only,not_recorded,benchmark:vln-ce;code:248707966616,"Beyond the Nav-Graph: Vision-and-Language Navigation in Continuous Environments is retained as REFERENCE because it provides a benchmark, dataset, or evaluation protocol around Vision-Language Navigation, Robotics, Navigation for targeted comparison in Robotics-enabling 3D perception; it is not required for the current intensive reading spine.","Important on-demand reference, but not required in the current intensive sequence.",[],0,./2020/ECCV/2020_ECCV_Beyond-the-Nav-Graph-Vision-and-Language-Navigation-in-Con/01_overview.md
pr-0622,Conservative Q-Learning for Offline Reinforcement Learning,2020,NeurIPS,conference,peer_reviewed,Robot Learning and Data,"RL, IL, offline learning, and robot data",NEXT,,method,"{""learning"":[""offline_rl"",""reinforcement_learning""],""interaction"":[""contact_rich""],""modality"":[""force_torque""],""control_level"":[""policy""],""setting"":[],""embodiment"":[]}",FULL_TEXT_CHECKED,UNREAD,recorded,identified,paper_specific,https://proceedings.neurips.cc/paper/2020/hash/0d2b2061826a5df3221116a5085a6052-Abstract.html,released,not_recorded,code:b79e0d84fe73,"Conservative Q-Learning for Offline Reinforcement Learning is a NEXT comparison paper because it extends an algorithmic or policy mechanism around Robotics, offline reinforcement learning, conservative learning in RL, IL, offline learning, and robot data, exposing a specialized frontier after the shared CORE spine.","Specialized or frontier extension selected after CORE for the RL, IL, offline learning, and robot data branch.",[],0,./2020/NeurIPS/2020_NeurIPS_Conservative-Q-Learning-for-Offline-Reinforcement-Learning/01_overview.md
pr-0008,Denoising Diffusion Probabilistic Models,2020,NeurIPS,conference,peer_reviewed,Foundations: Generative Models,"RL, IL, offline learning, and robot data",CORE,,foundation,"{""learning"":[""diffusion""],""interaction"":[],""modality"":[],""control_level"":[],""setting"":[],""embodiment"":[]}",FULL_TEXT_CHECKED,UNREAD,recorded,identified,paper_specific,https://arxiv.org/abs/2006.11239,released,not_recorded,code:eee2086bea57,"Denoising Diffusion Probabilistic Models is a CORE prerequisite because it establishes a reusable formulation or system primitive around Diffusion, Generation, providing a reference point for RL, IL, offline learning, and robot data comparisons in the observation-to-action loop.","Common foundation and prerequisite for the RL, IL, offline learning, and robot data spine.",[],1,./2020/NeurIPS/2020_NeurIPS_Denoising-Diffusion-Probabilistic-Models/01_overview.md
pr-0849,DIGIT: A Novel Design for a Low-Cost Compact High-Resolution Tactile Sensor with Application to In-Hand Manipulation,2020,IEEE Robotics and Automation Letters,journal,peer_reviewed,"Manipulation, Contact, and Dexterity","Manipulation, contact, tactile, and dexterity",NEXT,,method,"{""learning"":[],""interaction"":[""contact_rich"",""grasping""],""modality"":[""tactile""],""control_level"":[],""setting"":[],""embodiment"":[""arm"",""dexterous_hand""]}",FULL_TEXT_CHECKED,UNREAD,recorded,identified,paper_specific,https://doi.org/10.1109/LRA.2020.2977257,project_only,not_recorded,code:04d8526f8c4d,GelSight 원리를 compact·low-cost form factor로 옮겨 tactile robot learning을 확장한 대표 sensor platform이다.,"Specialized or frontier extension selected after CORE for the Manipulation, contact, tactile, and dexterity branch.",[],0,./2020/IEEE-Robotics-and-Automa/2020_IEEE-Robotics-and-Automa_DIGIT-A-Novel-Design-for-a-Low-Cost-Compact-High-Resolutio/01_overview.md
pr-0680,Dream to Control: Learning Behaviors by Latent Imagination,2020,ICLR,conference,peer_reviewed,"World Models, Safety, and Recovery","World models, safety, uncertainty, and recovery",NEXT,,method,"{""learning"":[""reinforcement_learning"",""world_model""],""interaction"":[""contact_rich""],""modality"":[""force_torque""],""control_level"":[""feedback_control"",""safety_or_recovery""],""setting"":[],""embodiment"":[]}",FULL_TEXT_CHECKED,UNREAD,recorded,identified,paper_specific,https://arxiv.org/abs/1912.01603,project_only,not_recorded,code:26fec6af73a9,"Dream to Control: Learning Behaviors by Latent Imagination is a NEXT comparison paper because it extends an algorithmic or policy mechanism around Robotics, world model, latent imagination in World models, safety, uncertainty, and recovery, exposing a specialized frontier after the shared CORE spine.","Specialized or frontier extension selected after CORE for the World models, safety, uncertainty, and recovery branch.",[],0,./2020/ICLR/2020_ICLR_Dream-to-Control-Learning-Behaviors-by-Latent-Imagination/01_overview.md
pr-0645,GraspNet-1Billion: A Large-Scale Benchmark for General Object Grasping,2020,CVPR,conference,peer_reviewed,"Manipulation, Contact, and Dexterity","Manipulation, contact, tactile, and dexterity",CORE,,benchmark_or_dataset,"{""learning"":[],""interaction"":[""contact_rich"",""grasping""],""modality"":[],""control_level"":[],""setting"":[],""embodiment"":[""arm""]}",FULL_TEXT_CHECKED,UNREAD,recorded,identified,paper_specific,https://arxiv.org/abs/1912.13470,project_only,not_recorded,code:a884b363cb28,"GraspNet-1Billion: A Large-Scale Benchmark for General Object Grasping is a CORE prerequisite because it establishes a benchmark, dataset, or evaluation protocol around Robotics, grasping, Benchmark, providing a reference point for Manipulation, contact, tactile, and dexterity comparisons in the observation-to-action loop.","Common foundation and prerequisite for the Manipulation, contact, tactile, and dexterity spine.",[],0,./2020/CVPR/2020_CVPR_GraspNet-1Billion-A-Large-Scale-Benchmark-for-General-Obje/01_overview.md
pr-0003,Language Models are Few-Shot Learners,2020,NeurIPS,conference,peer_reviewed,Foundations: Vision and Language Models,,REFERENCE,,foundation,"{""learning"":[],""interaction"":[],""modality"":[""language"",""rgb""],""control_level"":[],""setting"":[],""embodiment"":[]}",FULL_TEXT_CHECKED,N/A,recorded,identified,paper_specific,https://arxiv.org/abs/2005.14165,not_released,not_recorded,,"Language Models are Few-Shot Learners is retained as REFERENCE because it provides a reusable formulation or system primitive around LLM, in-context learning for targeted comparison in Foundations: Vision and Language Models; it is not required for the current intensive reading spine.","Important on-demand reference, but not required in the current intensive sequence.",[],0,./2020/NeurIPS/2020_NeurIPS_Language-Models-are-Few-Shot-Learners/01_overview.md
pr-0634,Learning Latent Plans from Play,2020,CoRL,conference,peer_reviewed,Robot Learning and Data,"RL, IL, offline learning, and robot data",NEXT,,method,"{""learning"":[""imitation_learning""],""interaction"":[],""modality"":[],""control_level"":[""policy""],""setting"":[],""embodiment"":[]}",FULL_TEXT_CHECKED,UNREAD,recorded,identified,paper_specific,https://proceedings.mlr.press/v100/lynch20a.html,project_only,not_recorded,code:e2cd762be301;metric:success-rate,"Learning Latent Plans from Play is a NEXT comparison paper because it extends an algorithmic or policy mechanism around Robotics, Imitation Learning, learning from play in RL, IL, offline learning, and robot data, exposing a specialized frontier after the shared CORE spine.","Specialized or frontier extension selected after CORE for the RL, IL, offline learning, and robot data branch.",[],0,./2020/CoRL/2020_CoRL_Learning-Latent-Plans-from-Play/01_overview.md
pr-0597,Learning Memory-Based Control for Human-Scale Bipedal Locomotion,2020,RSS,conference,peer_reviewed,Robotics Foundations: Robot Learning,"Locomotion, whole-body, mobile manipulation, and humanoids",REFERENCE,,foundation,"{""learning"":[],""interaction"":[""locomotion""],""modality"":[],""control_level"":[""feedback_control"",""policy""],""setting"":[""sim_to_real""],""embodiment"":[""humanoid""]}",FULL_TEXT_CHECKED,N/A,recorded,source_only,paper_specific,https://www.roboticsproceedings.org/rss16/p031.html,project_only,not_recorded,code:e8aecefd0b11,"Learning Memory-Based Control for Human-Scale Bipedal Locomotion is retained as REFERENCE because it provides a reusable formulation or system primitive around Robotics, bipedal locomotion, recurrent policy for targeted comparison in Locomotion, whole-body, mobile manipulation, and humanoids; it is not required for the current intensive reading spine.","Important on-demand reference, but not required in the current intensive sequence.",[],0,./2020/RSS/2020_RSS_Learning-Memory-Based-Control-for-Human-Scale-Bipedal-Loco/01_overview.md
pr-0655,Learning Quadrupedal Locomotion over Challenging Terrain,2020,Science Robotics,journal,peer_reviewed,"Locomotion, Whole-Body, and Mobile Manipulation","Locomotion, whole-body, mobile manipulation, and humanoids",NEXT,,method,"{""learning"":[""reinforcement_learning""],""interaction"":[""contact_rich"",""grasping"",""locomotion"",""whole_body""],""modality"":[""force_torque""],""control_level"":[""whole_body""],""setting"":[],""embodiment"":[""arm"",""legged"",""mobile""]}",FULL_TEXT_CHECKED,UNREAD,recorded,identified,paper_specific,https://arxiv.org/abs/2010.11251,project_only,not_recorded,code:714412b09a53;metric:map,"Learning Quadrupedal Locomotion over Challenging Terrain is a NEXT comparison paper because it extends an algorithmic or policy mechanism around Robotics, quadruped locomotion, Reinforcement Learning in Locomotion, whole-body, mobile manipulation, and humanoids, exposing a specialized frontier after the shared CORE spine.","Specialized or frontier extension selected after CORE for the Locomotion, whole-body, mobile manipulation, and humanoids branch.",[],0,./2020/Science-Robotics/2020_Science-Robotics_Learning-Quadrupedal-Locomotion-over-Challenging-Terrain/01_overview.md
pr-0506,"Lift, Splat, Shoot: Encoding Images from Arbitrary Camera Rigs by Implicitly Unprojecting to 3D",2020,ECCV,conference,peer_reviewed,Autonomous 3D Perception and Sensor Fusion,Robotics-enabling 3D perception,REFERENCE,,method,"{""learning"":[],""interaction"":[],""modality"":[""rgb""],""control_level"":[""state_estimation""],""setting"":[],""embodiment"":[]}",FULL_TEXT_CHECKED,N/A,recorded,identified,paper_specific,https://arxiv.org/abs/2008.05711,released,not_recorded,code:14d13016161a;metric:map,"Lift, Splat, Shoot: Encoding Images from Arbitrary Camera Rigs by Implicitly Unprojecting to 3D is retained as REFERENCE because it provides an algorithmic or policy mechanism around 3D Vision, BEV, sensor fusion for targeted comparison in Robotics-enabling 3D perception; it is not required for the current intensive reading spine.","Important on-demand reference, but not required in the current intensive sequence.",[],0,./2020/ECCV/2020_ECCV_Lift-Splat-Shoot-Encoding-Images-from-Arbitrary-Camera-Rig/01_overview.md
pr-0946,LIO-SAM: Tightly-coupled Lidar Inertial Odometry via Smoothing and Mapping,2020,IROS,conference,peer_reviewed,Robotics-Enabling 3D Perception,Robotics-enabling 3D perception,REFERENCE,,foundation,"{""learning"":[],""interaction"":[""navigation""],""modality"":[""lidar""],""control_level"":[""state_estimation""],""setting"":[],""embodiment"":[]}",FULL_TEXT_CHECKED,N/A,recorded,identified,paper_specific,https://arxiv.org/abs/2007.00258,released,not_recorded,code:8be10ce5bd26,LiDAR·IMU factor-graph state estimation과 real-time mapping을 mobile robot navigation의 canonical reference로 보강한다.,"Important on-demand reference, but not required in the current intensive sequence.",[],0,./2020/IROS/2020_IROS_LIO-SAM-Tightly-coupled-Lidar-Inertial-Odometry-via-Smooth/01_overview.md
pr-0621,MOPO: Model-based Offline Policy Optimization,2020,NeurIPS,conference,peer_reviewed,Robot Learning and Data,"RL, IL, offline learning, and robot data",NEXT,,method,"{""learning"":[""offline_rl"",""optimization_or_planning"",""reinforcement_learning""],""interaction"":[""contact_rich""],""modality"":[""force_torque""],""control_level"":[""policy""],""setting"":[],""embodiment"":[]}",FULL_TEXT_CHECKED,UNREAD,recorded,identified,paper_specific,https://arxiv.org/abs/2005.13239,released,not_recorded,code:b097179109a2,"MOPO: Model-based Offline Policy Optimization is a NEXT comparison paper because it extends an algorithmic or policy mechanism around Robotics, offline reinforcement learning, model-based RL in RL, IL, offline learning, and robot data, exposing a specialized frontier after the shared CORE spine.","Specialized or frontier extension selected after CORE for the RL, IL, offline learning, and robot data branch.",[],0,./2020/NeurIPS/2020_NeurIPS_MOPO-Model-based-Offline-Policy-Optimization/01_overview.md
pr-0010,NeRF: Representing Scenes as Neural Radiance Fields for View Synthesis,2020,ECCV,conference,peer_reviewed,Neural Scene Representations,Robotics-enabling 3D perception,REFERENCE,,method,"{""learning"":[],""interaction"":[],""modality"":[""point_cloud""],""control_level"":[],""setting"":[],""embodiment"":[]}",FULL_TEXT_CHECKED,N/A,recorded,identified,paper_specific,https://arxiv.org/abs/2003.08934,released,not_recorded,code:badb3622e0d8;metric:map,"NeRF: Representing Scenes as Neural Radiance Fields for View Synthesis is retained as REFERENCE because it provides an algorithmic or policy mechanism around NeRF, 3D reconstruction, representation for targeted comparison in Robotics-enabling 3D perception; it is not required for the current intensive reading spine.","Important on-demand reference, but not required in the current intensive sequence.",[],1,./2020/ECCV/2020_ECCV_NeRF-Representing-Scenes-as-Neural-Radiance-Fields-for-Vie/01_overview.md
pr-0546,nuScenes: A Multimodal Dataset for Autonomous Driving,2020,CVPR,conference,peer_reviewed,Benchmarks and Datasets,Robotics-enabling 3D perception,ARCHIVE,,benchmark_or_dataset,"{""learning"":[],""interaction"":[],""modality"":[""lidar"",""rgb""],""control_level"":[],""setting"":[],""embodiment"":[]}",FULL_TEXT_CHECKED,N/A,recorded,identified,paper_specific,https://arxiv.org/abs/1903.11027,project_only,not_recorded,code:bd0a616e7565,"nuScenes: A Multimodal Dataset for Autonomous Driving is retained as ARCHIVE because its a benchmark, dataset, or evaluation protocol around 3D Vision, LiDAR, sensor fusion preserves historical or adjacent context for Robotics-enabling 3D perception; it is outside the current robotics-first intensive scope.",Historical or adjacent material retained for search; outside the current intensive scope.,[],0,./2020/CVPR/2020_CVPR_nuScenes-A-Multimodal-Dataset-for-Autonomous-Driving/01_overview.md
pr-0748,PDDLStream: Integrating Symbolic Planners and Blackbox Samplers via Optimistic Adaptive Planning,2020,ICAPS,conference,peer_reviewed,Robotics Foundations: Planning and Control,Planning and control,CORE,,foundation,"{""learning"":[""optimization_or_planning""],""interaction"":[""grasping""],""modality"":[],""control_level"":[""feedback_control"",""motion_planning"",""task_planning""],""setting"":[],""embodiment"":[""arm""]}",FULL_TEXT_CHECKED,UNREAD,recorded,source_only,paper_specific,https://ojs.aaai.org/index.php/ICAPS/article/view/6739,released,not_recorded,code:fe4d057d6841;metric:map,"PDDLStream: Integrating Symbolic Planners and Blackbox Samplers via Optimistic Adaptive Planning is a CORE prerequisite because it establishes a reusable formulation or system primitive around Robotics, task and motion planning, symbolic planning, providing a reference point for Planning and control comparisons in the observation-to-action loop.",Common foundation and prerequisite for the Planning and control spine.,[],0,./2020/ICAPS/2020_ICAPS_PDDLStream-Integrating-Symbolic-Planners-and-Blackbox-Samp/01_overview.md
pr-0491,PointContrast: Unsupervised Pre-training for 3D Point Cloud Understanding,2020,ECCV,conference,peer_reviewed,3D Representation Learning,Robotics-enabling 3D perception,REFERENCE,,method,"{""learning"":[""self_supervised""],""interaction"":[],""modality"":[""point_cloud"",""rgb""],""control_level"":[],""setting"":[],""embodiment"":[]}",FULL_TEXT_CHECKED,N/A,recorded,identified,paper_specific,https://arxiv.org/abs/2007.10985,released,not_recorded,code:4707bb51855b;metric:map,"PointContrast: Unsupervised Pre-training for 3D Point Cloud Understanding is retained as REFERENCE because it provides an algorithmic or policy mechanism around 3D Vision, point cloud, representation for targeted comparison in Robotics-enabling 3D perception; it is not required for the current intensive reading spine.","Important on-demand reference, but not required in the current intensive sequence.",[],0,./2020/ECCV/2020_ECCV_PointContrast-Unsupervised-Pre-training-for-3D-Point-Cloud/01_overview.md
pr-0301,PV-RCNN: Point-Voxel Feature Set Abstraction for 3D Object Detection,2020,CVPR,conference,peer_reviewed,Autonomous 3D Perception and Sensor Fusion,Robotics-enabling 3D perception,ARCHIVE,,method,"{""learning"":[],""interaction"":[],""modality"":[""point_cloud"",""rgb""],""control_level"":[""state_estimation""],""setting"":[],""embodiment"":[]}",FULL_TEXT_CHECKED,N/A,recorded,identified,paper_specific,https://arxiv.org/abs/1912.13192,not_identified,not_recorded,benchmark:kitti;benchmark:waymo;metric:map,"PV-RCNN: Point-Voxel Feature Set Abstraction for 3D Object Detection is retained as ARCHIVE because its an algorithmic or policy mechanism around point cloud, 3D Vision preserves historical or adjacent context for Robotics-enabling 3D perception; it is outside the current robotics-first intensive scope.",Historical or adjacent material retained for search; outside the current intensive scope.,[],0,./2020/CVPR/2020_CVPR_PV-RCNN-Point-Voxel-Feature-Set-Abstraction-for-3D-Object/01_overview.md
pr-0677,Recovery RL: Safe Reinforcement Learning with Learned Recovery Zones,2020,RA-L,journal,peer_reviewed,"World Models, Safety, and Recovery","World models, safety, uncertainty, and recovery",CORE,,method,"{""learning"":[""reinforcement_learning"",""world_model""],""interaction"":[""contact_rich""],""modality"":[""force_torque""],""control_level"":[""policy"",""safety_or_recovery""],""setting"":[""real_robot""],""embodiment"":[]}",FULL_TEXT_CHECKED,UNREAD,recorded,identified,paper_specific,https://arxiv.org/abs/2010.15920,project_only,not_recorded,code:6a6d3f32223d,"Recovery RL: Safe Reinforcement Learning with Learned Recovery Zones is a CORE prerequisite because it establishes an algorithmic or policy mechanism around Robotics, safe reinforcement learning, recovery policy, providing a reference point for World models, safety, uncertainty, and recovery comparisons in the observation-to-action loop.","Common foundation and prerequisite for the World models, safety, uncertainty, and recovery spine.",[],0,./2020/RA-L/2020_RA-L_Recovery-RL-Safe-Reinforcement-Learning-with-Learned-Recov/01_overview.md
pr-0026,ReferIt3D: Neural Listeners for Fine-Grained 3D Object Identification in Real-World Scenes,2020,ECCV,conference,peer_reviewed,3D Vision-Language Understanding,Robotics-enabling 3D perception,ARCHIVE,,method,"{""learning"":[],""interaction"":[],""modality"":[""language"",""rgb""],""control_level"":[],""setting"":[""real_robot""],""embodiment"":[]}",FULL_TEXT_CHECKED,N/A,recorded,source_only,paper_specific,https://referit3d.github.io/,released,not_recorded,code:3f3f96fd18e4;metric:map,"ReferIt3D: Neural Listeners for Fine-Grained 3D Object Identification in Real-World Scenes is retained as ARCHIVE because its an algorithmic or policy mechanism around 3D visual grounding, language, scene preserves historical or adjacent context for Robotics-enabling 3D perception; it is outside the current robotics-first intensive scope.",Historical or adjacent material retained for search; outside the current intensive scope.,[],0,./2020/ECCV/2020_ECCV_ReferIt3D-Neural-Listeners-for-Fine-Grained-3D-Object-Iden/01_overview.md
pr-0635,Relay Policy Learning: Solving Long-Horizon Tasks via Imitation and Reinforcement Learning,2020,CoRL,conference,peer_reviewed,Robot Learning and Data,"RL, IL, offline learning, and robot data",NEXT,,method,"{""learning"":[""imitation_learning"",""reinforcement_learning""],""interaction"":[""contact_rich"",""grasping""],""modality"":[""force_torque""],""control_level"":[""policy""],""setting"":[""long_horizon""],""embodiment"":[""arm""]}",FULL_TEXT_CHECKED,UNREAD,recorded,identified,paper_specific,https://proceedings.mlr.press/v100/gupta20a.html,project_only,not_recorded,code:9149654ce870;metric:success-rate,"Relay Policy Learning: Solving Long-Horizon Tasks via Imitation and Reinforcement Learning is a NEXT comparison paper because it extends an algorithmic or policy mechanism around Robotics, Imitation Learning, Reinforcement Learning in RL, IL, offline learning, and robot data, exposing a specialized frontier after the shared CORE spine.","Specialized or frontier extension selected after CORE for the RL, IL, offline learning, and robot data branch.",[],0,./2020/CoRL/2020_CoRL_Relay-Policy-Learning-Solving-Long-Horizon-Tasks-via-Imita/01_overview.md
pr-0753,RLBench: The Robot Learning Benchmark & Learning Environment,2020,RA-L,journal,peer_reviewed,Benchmarks and Datasets,"RL, IL, offline learning, and robot data",NEXT,,benchmark_or_dataset,"{""learning"":[""imitation_learning"",""reinforcement_learning""],""interaction"":[""contact_rich"",""grasping""],""modality"":[""force_torque"",""rgb""],""control_level"":[""policy""],""setting"":[],""embodiment"":[""arm""]}",FULL_TEXT_CHECKED,UNREAD,recorded,identified,paper_specific,https://arxiv.org/abs/1909.12271,released,not_recorded,code:89e55f3f83e4,"RLBench: The Robot Learning Benchmark & Learning Environment is a NEXT comparison paper because it extends a benchmark, dataset, or evaluation protocol around Robotics, Benchmark, Imitation Learning in RL, IL, offline learning, and robot data, exposing a specialized frontier after the shared CORE spine.","Specialized or frontier extension selected after CORE for the RL, IL, offline learning, and robot data branch.",[],0,./2020/RA-L/2020_RA-L_RLBench-The-Robot-Learning-Benchmark-and-Learning-Environm/01_overview.md
pr-0846,robosuite: A Modular Simulation Framework and Benchmark for Robot Learning,2020,arXiv,preprint,preprint,Benchmarks and Datasets,"Manipulation, contact, tactile, and dexterity",REFERENCE,,benchmark_or_dataset,"{""learning"":[],""interaction"":[""grasping""],""modality"":[],""control_level"":[""policy""],""setting"":[""simulation""],""embodiment"":[""arm""]}",FULL_TEXT_CHECKED,N/A,recorded,identified,paper_specific,https://arxiv.org/abs/2009.12293,project_only,not_recorded,code:2692811ea3c7,표준화된 controller·robot·task 조합을 제공해 manipulation learning 실험의 재현성을 높이는 기반 simulator framework다.,"Important on-demand reference, but not required in the current intensive sequence.",[],0,./2020/arXiv/2020_arXiv_robosuite-A-Modular-Simulation-Framework-and-Benchmark-for/01_overview.md
pr-0542,Room-Across-Room: Multilingual Vision-and-Language Navigation with Dense Spatiotemporal Grounding,2020,EMNLP,conference,peer_reviewed,Embodied Navigation and Mapping,Robotics-enabling 3D perception,REFERENCE,,benchmark_or_dataset,"{""learning"":[],""interaction"":[""navigation""],""modality"":[""language"",""rgb""],""control_level"":[""state_estimation""],""setting"":[],""embodiment"":[""mobile""]}",FULL_TEXT_CHECKED,N/A,recorded,source_only,paper_specific,https://aclanthology.org/2020.emnlp-main.356/,released,not_recorded,code:f5638fdedf58,"Room-Across-Room: Multilingual Vision-and-Language Navigation with Dense Spatiotemporal Grounding is retained as REFERENCE because it provides a benchmark, dataset, or evaluation protocol around Vision-Language Navigation, Navigation, grounding for targeted comparison in Robotics-enabling 3D perception; it is not required for the current intensive reading spine.","Important on-demand reference, but not required in the current intensive sequence.",[],0,./2020/EMNLP/2020_EMNLP_Room-Across-Room-Multilingual-Vision-and-Language-Navigati/01_overview.md
pr-0950,SAPIEN: A SimulAted Part-Based Interactive ENvironment,2020,CVPR,conference,peer_reviewed,Benchmarks and Datasets,"RL, IL, offline learning, and robot data",REFERENCE,,system,"{""learning"":[],""interaction"":[""grasping""],""modality"":[],""control_level"":[],""setting"":[""simulation""],""embodiment"":[""arm""]}",FULL_TEXT_CHECKED,N/A,recorded,source_only,paper_specific,https://openaccess.thecvf.com/content_CVPR_2020/html/Xiang_SAPIEN_A_SimulAted_Part-Based_Interactive_ENvironment_CVPR_2020_paper.html,project_only,not_recorded,code:a13a8b71dca9,articulated object part-level geometry와 physics interaction을 제공해 manipulation perception·RL benchmark의 canonical simulator를 보강한다.,"Important on-demand reference, but not required in the current intensive sequence.",[],0,./2020/CVPR/2020_CVPR_SAPIEN-A-SimulAted-Part-Based-Interactive-ENvironment/01_overview.md
pr-0025,ScanRefer: 3D Object Localization in RGB-D Scans using Natural Language,2020,ECCV,conference,peer_reviewed,3D Vision-Language Understanding,Robotics-enabling 3D perception,ARCHIVE,,method,"{""learning"":[],""interaction"":[],""modality"":[""depth"",""language"",""rgb""],""control_level"":[],""setting"":[],""embodiment"":[]}",FULL_TEXT_CHECKED,N/A,recorded,identified,paper_specific,https://arxiv.org/abs/1912.08830,project_only,not_recorded,benchmark:scanrefer;code:07ceb309a282;metric:map,"ScanRefer: 3D Object Localization in RGB-D Scans using Natural Language is retained as ARCHIVE because its an algorithmic or policy mechanism around 3D visual grounding, RGB-D, semantic preserves historical or adjacent context for Robotics-enabling 3D perception; it is outside the current robotics-first intensive scope.",Historical or adjacent material retained for search; outside the current intensive scope.,[],0,./2020/ECCV/2020_ECCV_ScanRefer-3D-Object-Localization-in-RGB-D-Scans-using-Natu/01_overview.md
pr-0014,SE(3)-Transformers: 3D Roto-Translation Equivariant Attention Networks,2020,NeurIPS,conference,peer_reviewed,"3D Geometry, Registration, and Equivariance",Robotics-enabling 3D perception,REFERENCE,,method,"{""learning"":[],""interaction"":[],""modality"":[""point_cloud""],""control_level"":[],""setting"":[],""embodiment"":[]}",FULL_TEXT_CHECKED,N/A,recorded,identified,paper_specific,https://arxiv.org/abs/2006.10503,released,not_recorded,code:f7cf03d0fcff;metric:map,"SE(3)-Transformers: 3D Roto-Translation Equivariant Attention Networks is retained as REFERENCE because it provides an algorithmic or policy mechanism around equivariant, 3D geometry, Transformer for targeted comparison in Robotics-enabling 3D perception; it is not required for the current intensive reading spine.","Important on-demand reference, but not required in the current intensive sequence.",[],0,./2020/NeurIPS/2020_NeurIPS_SE3-Transformers-3D-Roto-Translation-Equivariant-Attention/01_overview.md
pr-0738,SoftGym: Benchmarking Deep Reinforcement Learning for Deformable Object Manipulation,2020,CoRL,conference,peer_reviewed,"Manipulation, Contact, and Dexterity","Manipulation, contact, tactile, and dexterity",NEXT,,benchmark_or_dataset,"{""learning"":[""reinforcement_learning""],""interaction"":[""contact_rich"",""deformable"",""grasping""],""modality"":[""force_torque""],""control_level"":[],""setting"":[""simulation""],""embodiment"":[""arm""]}",FULL_TEXT_CHECKED,UNREAD,recorded,identified,paper_specific,https://arxiv.org/abs/2011.07215,project_only,not_recorded,code:14ccef1c6d00,"SoftGym: Benchmarking Deep Reinforcement Learning for Deformable Object Manipulation is a NEXT comparison paper because it extends a benchmark, dataset, or evaluation protocol around Robotics, deformable object, Benchmark in Manipulation, contact, tactile, and dexterity, exposing a specialized frontier after the shared CORE spine.","Specialized or frontier extension selected after CORE for the Manipulation, contact, tactile, and dexterity branch.",[],0,./2020/CoRL/2020_CoRL_SoftGym-Benchmarking-Deep-Reinforcement-Learning-for-Defor/01_overview.md
pr-0501,Transporter Networks: Rearranging the Visual World for Robotic Manipulation,2020,CoRL,conference,peer_reviewed,"Manipulation, Contact, and Dexterity","Manipulation, contact, tactile, and dexterity",REFERENCE,,method,"{""learning"":[""imitation_learning"",""vla""],""interaction"":[""contact_rich"",""grasping""],""modality"":[""language"",""rgb""],""control_level"":[],""setting"":[],""embodiment"":[""arm""]}",FULL_TEXT_CHECKED,N/A,recorded,identified,paper_specific,https://arxiv.org/abs/2010.14406,released,not_recorded,code:e9b9ecea3d8e,"Transporter Networks: Rearranging the Visual World for Robotic Manipulation is retained as REFERENCE because it provides an algorithmic or policy mechanism around Robotics, Vision-Language-Action, equivariance for targeted comparison in Manipulation, contact, tactile, and dexterity; it is not required for the current intensive reading spine.","Important on-demand reference, but not required in the current intensive sequence.",[],0,./2020/CoRL/2020_CoRL_Transporter-Networks-Rearranging-the-Visual-World-for-Robo/01_overview.md
pr-0548,Waymo Open Dataset: An Autonomous Driving Dataset,2020,CVPR,conference,peer_reviewed,Benchmarks and Datasets,Robotics-enabling 3D perception,ARCHIVE,,benchmark_or_dataset,"{""learning"":[],""interaction"":[],""modality"":[""lidar"",""rgb""],""control_level"":[],""setting"":[],""embodiment"":[]}",FULL_TEXT_CHECKED,N/A,recorded,identified,paper_specific,https://arxiv.org/abs/1912.04838,project_only,not_recorded,code:db03a71f7bac,"Waymo Open Dataset: An Autonomous Driving Dataset is retained as ARCHIVE because its a benchmark, dataset, or evaluation protocol around 3D Vision, LiDAR, sensor fusion preserves historical or adjacent context for Robotics-enabling 3D perception; it is outside the current robotics-first intensive scope.",Historical or adjacent material retained for search; outside the current intensive scope.,[],0,./2020/CVPR/2020_CVPR_Waymo-Open-Dataset-An-Autonomous-Driving-Dataset/01_overview.md
pr-0027,3DVG-Transformer: Relation Modeling for Visual Grounding on Point Clouds,2021,ICCV,conference,peer_reviewed,3D Vision-Language Understanding,Robotics-enabling 3D perception,ARCHIVE,,method,"{""learning"":[],""interaction"":[],""modality"":[""language"",""point_cloud"",""rgb""],""control_level"":[],""setting"":[],""embodiment"":[]}",FULL_TEXT_CHECKED,N/A,recorded,source_only,paper_specific,https://openaccess.thecvf.com/content/ICCV2021/html/Zhao_3DVG-Transformer_Relation_Modeling_for_Visual_Grounding_on_Point_Clouds_ICCV_2021_paper.html,released,not_recorded,benchmark:nr3d;benchmark:referit3d;benchmark:scanrefer;benchmark:sr3d;code:90da3def3f8c;metric:map,"3DVG-Transformer: Relation Modeling for Visual Grounding on Point Clouds is retained as ARCHIVE because its an algorithmic or policy mechanism around 3D visual grounding, Graph Reasoning, Transformer preserves historical or adjacent context for Robotics-enabling 3D perception; it is outside the current robotics-first intensive scope.",Historical or adjacent material retained for search; outside the current intensive scope.,[],0,./2021/ICCV/2021_ICCV_3DVG-Transformer-Relation-Modeling-for-Visual-Grounding-on/01_overview.md
pr-0623,A Minimalist Approach to Offline Reinforcement Learning,2021,NeurIPS,conference,peer_reviewed,Robot Learning and Data,"RL, IL, offline learning, and robot data",NEXT,,method,"{""learning"":[""imitation_learning"",""offline_rl"",""reinforcement_learning""],""interaction"":[""contact_rich""],""modality"":[""force_torque""],""control_level"":[""feedback_control"",""policy""],""setting"":[],""embodiment"":[]}",FULL_TEXT_CHECKED,UNREAD,recorded,identified,paper_specific,https://arxiv.org/abs/2106.06860,released,not_recorded,code:9b04e399838f,"A Minimalist Approach to Offline Reinforcement Learning is a NEXT comparison paper because it extends an algorithmic or policy mechanism around Robotics, offline reinforcement learning, behavior cloning in RL, IL, offline learning, and robot data, exposing a specialized frontier after the shared CORE spine.","Specialized or frontier extension selected after CORE for the RL, IL, offline learning, and robot data branch.",[],0,./2021/NeurIPS/2021_NeurIPS_A-Minimalist-Approach-to-Offline-Reinforcement-Learning/01_overview.md
pr-0713,Act the Part: Learning Interaction Strategies for Articulated Object Part Discovery,2021,ICCV,conference,peer_reviewed,Robotics-Enabling 3D Perception,Robotics-enabling 3D perception,NEXT,,method,"{""learning"":[],""interaction"":[],""modality"":[""rgb""],""control_level"":[""state_estimation""],""setting"":[],""embodiment"":[]}",FULL_TEXT_CHECKED,UNREAD,recorded,identified,paper_specific,https://arxiv.org/abs/2105.01047,project_only,not_recorded,code:17122680acc8;metric:map,"Act the Part: Learning Interaction Strategies for Articulated Object Part Discovery is a NEXT comparison paper because it extends an algorithmic or policy mechanism around Robotics, 3D Vision, active perception in Robotics-enabling 3D perception, exposing a specialized frontier after the shared CORE spine.",Specialized or frontier extension selected after CORE for the Robotics-enabling 3D perception branch.,[],0,./2021/ICCV/2021_ICCV_Act-the-Part-Learning-Interaction-Strategies-for-Articulat/01_overview.md
pr-0533,ALIGN: Scaling Up Visual and Vision-Language Representation Learning With Noisy Text Supervision,2021,ICML,conference,peer_reviewed,Foundations: Vision and Language Models,,REFERENCE,,foundation,"{""learning"":[],""interaction"":[],""modality"":[""language"",""rgb""],""control_level"":[],""setting"":[],""embodiment"":[]}",FULL_TEXT_CHECKED,N/A,recorded,identified,paper_specific,https://arxiv.org/abs/2102.05918,not_released,not_recorded,,"ALIGN: Scaling Up Visual and Vision-Language Representation Learning With Noisy Text Supervision is retained as REFERENCE because it provides a reusable formulation or system primitive around Vision-Language Model, alignment, representation for targeted comparison in Foundations: Vision and Language Models; it is not required for the current intensive reading spine.","Important on-demand reference, but not required in the current intensive sequence.",[],0,./2021/ICML/2021_ICML_ALIGN-Scaling-Up-Visual-and-Vision-Language-Representation/01_overview.md
pr-0851,AMP: Adversarial Motion Priors for Stylized Physics-Based Character Control,2021,ACM Transactions on Graphics,journal,peer_reviewed,"Locomotion, Whole-Body, and Mobile Manipulation","Locomotion, whole-body, mobile manipulation, and humanoids",CORE,,method,"{""learning"":[""reinforcement_learning""],""interaction"":[""contact_rich"",""grasping"",""locomotion"",""whole_body""],""modality"":[""force_torque""],""control_level"":[""feedback_control"",""whole_body""],""setting"":[],""embodiment"":[""arm"",""humanoid"",""mobile""]}",FULL_TEXT_CHECKED,UNREAD,recorded,identified,paper_specific,https://doi.org/10.1145/3450626.3459670,project_only,not_recorded,code:7121d585ed09,motion dataset를 adversarial style prior로 사용해 task reward와 자연스러운 whole-body motion을 결합한 humanoid/control 대표 foundation이다.,"Common foundation and prerequisite for the Locomotion, whole-body, mobile manipulation, and humanoids spine.",[],0,./2021/ACM-Transactions-on-Grap/2021_ACM-Transactions-on-Grap_AMP-Adversarial-Motion-Priors-for-Stylized-Physics-Based-C/01_overview.md
pr-0004,An Image is Worth 16x16 Words: Transformers for Image Recognition at Scale,2021,ICLR,conference,peer_reviewed,Foundations: Vision and Language Models,,ARCHIVE,,foundation,"{""learning"":[],""interaction"":[],""modality"":[""language"",""rgb""],""control_level"":[],""setting"":[],""embodiment"":[]}",FULL_TEXT_CHECKED,N/A,recorded,identified,paper_specific,https://arxiv.org/abs/2010.11929,released,not_recorded,code:7ca095f3eb8b,"An Image is Worth 16x16 Words: Transformers for Image Recognition at Scale is retained as ARCHIVE because its a reusable formulation or system primitive around Vision Transformer, representation preserves historical or adjacent context for Foundations: Vision and Language Models; it is outside the current robotics-first intensive scope.",Historical or adjacent material retained for search; outside the current intensive scope.,[],0,./2021/ICLR/2021_ICLR_An-Image-is-Worth-16x16-Words-Transformers-for-Image-Recog/01_overview.md
pr-0598,Blind Bipedal Stair Traversal via Sim-to-Real Reinforcement Learning,2021,RSS,conference,peer_reviewed,Robotics Foundations: Robot Learning,"Locomotion, whole-body, mobile manipulation, and humanoids",REFERENCE,,foundation,"{""learning"":[""reinforcement_learning""],""interaction"":[""contact_rich"",""locomotion""],""modality"":[""force_torque"",""proprioception""],""control_level"":[""policy""],""setting"":[""sim_to_real""],""embodiment"":[""humanoid""]}",FULL_TEXT_CHECKED,N/A,recorded,source_only,paper_specific,https://www.roboticsproceedings.org/rss17/p061.html,project_only,not_recorded,code:269f750a0cc7,"Blind Bipedal Stair Traversal via Sim-to-Real Reinforcement Learning is retained as REFERENCE because it provides a reusable formulation or system primitive around Robotics, bipedal locomotion, Reinforcement Learning for targeted comparison in Locomotion, whole-body, mobile manipulation, and humanoids; it is not required for the current intensive reading spine.","Important on-demand reference, but not required in the current intensive sequence.",[],0,./2021/RSS/2021_RSS_Blind-Bipedal-Stair-Traversal-via-Sim-to-Real-Reinforcemen/01_overview.md
pr-0298,CenterPoint: Center-based 3D Object Detection and Tracking,2021,CVPR,conference,peer_reviewed,Autonomous 3D Perception and Sensor Fusion,Robotics-enabling 3D perception,ARCHIVE,,method,"{""learning"":[],""interaction"":[],""modality"":[""point_cloud"",""rgb""],""control_level"":[""state_estimation""],""setting"":[],""embodiment"":[]}",FULL_TEXT_CHECKED,N/A,recorded,identified,paper_specific,https://arxiv.org/abs/2006.11275,not_identified,not_recorded,benchmark:nuscenes;benchmark:waymo;metric:map,"CenterPoint: Center-based 3D Object Detection and Tracking is retained as ARCHIVE because its an algorithmic or policy mechanism around point cloud, 3D Vision preserves historical or adjacent context for Robotics-enabling 3D perception; it is outside the current robotics-first intensive scope.",Historical or adjacent material retained for search; outside the current intensive scope.,[],0,./2021/CVPR/2021_CVPR_CenterPoint-Center-based-3D-Object-Detection-and-Tracking/01_overview.md
pr-0502,CLIPort: What and Where Pathways for Robotic Manipulation,2021,CoRL,conference,peer_reviewed,VLA and Generalist Robot Policies,VLA and generalist robot policies,CORE,,method,"{""learning"":[""vla""],""interaction"":[""grasping""],""modality"":[""language"",""rgb""],""control_level"":[""policy""],""setting"":[],""embodiment"":[""arm""]}",FULL_TEXT_CHECKED,UNREAD,recorded,identified,paper_specific,https://arxiv.org/abs/2109.12098,project_only,not_recorded,code:84b77b18f289;metric:success-rate,"CLIPort: What and Where Pathways for Robotic Manipulation is a CORE prerequisite because it establishes an algorithmic or policy mechanism around Robotics, Vision-Language-Action, CLIP, providing a reference point for VLA and generalist robot policies comparisons in the observation-to-action loop.",Common foundation and prerequisite for the VLA and generalist robot policies spine.,[],0,./2021/CoRL/2021_CoRL_CLIPort-What-and-Where-Pathways-for-Robotic-Manipulation/01_overview.md
pr-0646,Contact-GraspNet: Efficient 6-DoF Grasp Generation in Cluttered Scenes,2021,ICRA,conference,peer_reviewed,"Manipulation, Contact, and Dexterity","Manipulation, contact, tactile, and dexterity",CORE,,method,"{""learning"":[],""interaction"":[""contact_rich"",""grasping""],""modality"":[],""control_level"":[],""setting"":[],""embodiment"":[""arm""]}",FULL_TEXT_CHECKED,UNREAD,recorded,identified,paper_specific,https://arxiv.org/abs/2103.14127,released,not_recorded,code:1ac16079bbca,"Contact-GraspNet: Efficient 6-DoF Grasp Generation in Cluttered Scenes is a CORE prerequisite because it establishes an algorithmic or policy mechanism around Robotics, grasping, contact prediction, providing a reference point for Manipulation, contact, tactile, and dexterity comparisons in the observation-to-action loop.","Common foundation and prerequisite for the Manipulation, contact, tactile, and dexterity spine.",[],0,./2021/ICRA/2021_ICRA_Contact-GraspNet-Efficient-6-DoF-Grasp-Generation-in-Clutt/01_overview.md
pr-0018,Decision Transformer: Reinforcement Learning via Sequence Modeling,2021,NeurIPS,conference,peer_reviewed,Robotics Foundations: Robot Learning,"RL, IL, offline learning, and robot data",CORE,,foundation,"{""learning"":[""reinforcement_learning""],""interaction"":[""contact_rich""],""modality"":[""force_torque""],""control_level"":[""policy""],""setting"":[],""embodiment"":[]}",FULL_TEXT_CHECKED,UNREAD,recorded,identified,paper_specific,https://arxiv.org/abs/2106.01345,released,not_recorded,code:cd3f79948902,"Decision Transformer: Reinforcement Learning via Sequence Modeling is a CORE prerequisite because it establishes a reusable formulation or system primitive around Reinforcement Learning, Transformer, policy, providing a reference point for RL, IL, offline learning, and robot data comparisons in the observation-to-action loop.","Common foundation and prerequisite for the RL, IL, offline learning, and robot data spine.",[],0,./2021/NeurIPS/2021_NeurIPS_Decision-Transformer-Reinforcement-Learning-via-Sequence-M/01_overview.md
pr-0515,Denoising Diffusion Implicit Models,2021,ICLR,conference,peer_reviewed,Foundations: Generative Models,,REFERENCE,,foundation,"{""learning"":[""diffusion""],""interaction"":[],""modality"":[],""control_level"":[],""setting"":[],""embodiment"":[]}",FULL_TEXT_CHECKED,N/A,recorded,identified,paper_specific,https://arxiv.org/abs/2010.02502,released,not_recorded,code:c156074a6656,"Denoising Diffusion Implicit Models is retained as REFERENCE because it provides a reusable formulation or system primitive around Diffusion, sampling, Generation for targeted comparison in Foundations: Generative Models; it is not required for the current intensive reading spine.","Important on-demand reference, but not required in the current intensive sequence.",[],0,./2021/ICLR/2021_ICLR_Denoising-Diffusion-Implicit-Models/01_overview.md
pr-0549,DETR3D: 3D Object Detection from Multi-view Images via 3D-to-2D Queries,2021,CoRL,conference,peer_reviewed,Autonomous 3D Perception and Sensor Fusion,Robotics-enabling 3D perception,REFERENCE,,method,"{""learning"":[],""interaction"":[],""modality"":[""rgb""],""control_level"":[""state_estimation""],""setting"":[],""embodiment"":[]}",FULL_TEXT_CHECKED,N/A,recorded,identified,paper_specific,https://arxiv.org/abs/2110.06922,released,not_recorded,benchmark:nuscenes;code:8cafc66aa51d;metric:ate;metric:map;metric:translation-error,"DETR3D: 3D Object Detection from Multi-view Images via 3D-to-2D Queries is retained as REFERENCE because it provides an algorithmic or policy mechanism around 3D Vision, BEV, 3D detection for targeted comparison in Robotics-enabling 3D perception; it is not required for the current intensive reading spine.","Important on-demand reference, but not required in the current intensive sequence.",[],0,./2021/CoRL/2021_CoRL_DETR3D-3D-Object-Detection-from-Multi-view-Images-via-3D-t/01_overview.md
pr-0017,"DROID-SLAM: Deep Visual SLAM for Monocular, Stereo, and RGB-D Cameras",2021,NeurIPS,conference,peer_reviewed,"3D Geometry, Reconstruction, and SLAM",Robotics-enabling 3D perception,CORE,,method,"{""learning"":[],""interaction"":[""navigation""],""modality"":[""depth"",""point_cloud"",""rgb""],""control_level"":[""state_estimation""],""setting"":[],""embodiment"":[]}",FULL_TEXT_CHECKED,UNREAD,recorded,identified,paper_specific,https://arxiv.org/abs/2108.10869,released,not_recorded,code:cfa1e209fb6a;metric:map,"DROID-SLAM: Deep Visual SLAM for Monocular, Stereo, and RGB-D Cameras is a CORE prerequisite because it establishes an algorithmic or policy mechanism around SLAM, RGB-D, geometry, providing a reference point for Robotics-enabling 3D perception comparisons in the observation-to-action loop.",Common foundation and prerequisite for the Robotics-enabling 3D perception spine.,[],0,./2021/NeurIPS/2021_NeurIPS_DROID-SLAM-Deep-Visual-SLAM-for-Monocular-Stereo-and-RGB-D/01_overview.md
pr-0015,E(n) Equivariant Graph Neural Networks,2021,ICML,conference,peer_reviewed,"3D Geometry, Registration, and Equivariance",Robotics-enabling 3D perception,REFERENCE,,method,"{""learning"":[],""interaction"":[],""modality"":[""point_cloud""],""control_level"":[],""setting"":[],""embodiment"":[]}",FULL_TEXT_CHECKED,N/A,recorded,identified,paper_specific,https://arxiv.org/abs/2102.09844,released,not_recorded,code:b5fb1eddbf94;metric:map,"E(n) Equivariant Graph Neural Networks is retained as REFERENCE because it provides an algorithmic or policy mechanism around equivariant, Graph Reasoning, 3D geometry for targeted comparison in Robotics-enabling 3D perception; it is not required for the current intensive reading spine.","Important on-demand reference, but not required in the current intensive sequence.",[],0,./2021/ICML/2021_ICML_En-Equivariant-Graph-Neural-Networks/01_overview.md
pr-0531,Emerging Properties in Self-Supervised Vision Transformers,2021,ICCV,conference,peer_reviewed,Foundations: Vision and Language Models,,REFERENCE,,foundation,"{""learning"":[""self_supervised""],""interaction"":[],""modality"":[""language"",""rgb""],""control_level"":[],""setting"":[],""embodiment"":[]}",FULL_TEXT_CHECKED,N/A,recorded,identified,paper_specific,https://arxiv.org/abs/2104.14294,released,not_recorded,code:3720677cb566,"Emerging Properties in Self-Supervised Vision Transformers is retained as REFERENCE because it provides a reusable formulation or system primitive around Vision Foundation Model, self-supervised, representation for targeted comparison in Foundations: Vision and Language Models; it is not required for the current intensive reading spine.","Important on-demand reference, but not required in the current intensive sequence.",[],0,./2021/ICCV/2021_ICCV_Emerging-Properties-in-Self-Supervised-Vision-Transformers/01_overview.md
pr-0948,Habitat 2.0: Training Home Assistants to Rearrange their Habitat,2021,NeurIPS,conference,peer_reviewed,Benchmarks and Datasets,"Locomotion, whole-body, mobile manipulation, and humanoids",REFERENCE,,benchmark_or_dataset,"{""learning"":[],""interaction"":[""grasping""],""modality"":[],""control_level"":[],""setting"":[""long_horizon"",""simulation""],""embodiment"":[""arm"",""mobile""]}",FULL_TEXT_CHECKED,N/A,recorded,source_only,paper_specific,https://proceedings.neurips.cc/paper_files/paper/2021/hash/021bbc7ee20b71134d53e20206bd6feb-Abstract.html,project_only,not_recorded,code:dff0004823eb,interactive physics·articulated home·mobile manipulation task를 하나의 simulator/benchmark로 묶은 canonical embodied robotics reference다.,"Important on-demand reference, but not required in the current intensive sequence.",[],0,./2021/NeurIPS/2021_NeurIPS_Habitat-2.0-Training-Home-Assistants-to-Rearrange-their-Ha/01_overview.md
pr-0537,In-Place Scene Labelling and Understanding with Implicit Scene Representation,2021,ICCV,conference,peer_reviewed,Language-Grounded 3D Scene Representations,Robotics-enabling 3D perception,ARCHIVE,,method,"{""learning"":[],""interaction"":[],""modality"":[""language"",""point_cloud"",""rgb""],""control_level"":[],""setting"":[],""embodiment"":[]}",FULL_TEXT_CHECKED,N/A,recorded,identified,paper_specific,https://arxiv.org/abs/2103.15875,project_only,not_recorded,code:415a069630f3;metric:map,"In-Place Scene Labelling and Understanding with Implicit Scene Representation is retained as ARCHIVE because its an algorithmic or policy mechanism around NeRF, semantic, 3D Vision preserves historical or adjacent context for Robotics-enabling 3D perception; it is outside the current robotics-first intensive scope.",Historical or adjacent material retained for search; outside the current intensive scope.,[],0,./2021/ICCV/2021_ICCV_In-Place-Scene-Labelling-and-Understanding-with-Implicit-S/01_overview.md
pr-0861,Isaac Gym: High Performance GPU Based Physics Simulation For Robot Learning,2021,NeurIPS Datasets and Benchmarks,conference,peer_reviewed,Benchmarks and Datasets,"RL, IL, offline learning, and robot data",NEXT,,benchmark_or_dataset,"{""learning"":[""reinforcement_learning""],""interaction"":[""contact_rich""],""modality"":[""force_torque""],""control_level"":[""policy""],""setting"":[""simulation""],""embodiment"":[]}",FULL_TEXT_CHECKED,UNREAD,recorded,source_only,paper_specific,https://research.nvidia.com/labs/srl/publication/makoviychuk-2021-isaac/,not_identified,not_recorded,,simulation과 RL tensor computation을 GPU에 통합해 massive-parallel robot learning을 가능하게 한 NVIDIA 계보의 핵심 infrastructure paper다.,"Specialized or frontier extension selected after CORE for the RL, IL, offline learning, and robot data branch.",[],1,./2021/NeurIPS-Datasets-and-Ben/2021_NeurIPS-Datasets-and-Ben_Isaac-Gym-High-Performance-GPU-Based-Physics-Simulation-Fo/01_overview.md
pr-0740,"Learning to Rearrange Deformable Cables, Fabrics, and Bags with Goal-Conditioned Transporter Networks",2021,ICRA,conference,peer_reviewed,"Manipulation, Contact, and Dexterity","Manipulation, contact, tactile, and dexterity",REFERENCE,,method,"{""learning"":[],""interaction"":[""contact_rich"",""deformable"",""grasping""],""modality"":[""rgb""],""control_level"":[""feedback_control""],""setting"":[],""embodiment"":[""arm""]}",FULL_TEXT_CHECKED,N/A,recorded,identified,paper_specific,https://arxiv.org/abs/2012.03385,project_only,not_recorded,code:3fd2e4eaef17,"Learning to Rearrange Deformable Cables, Fabrics, and Bags with Goal-Conditioned Transporter Networks is retained as REFERENCE because it provides an algorithmic or policy mechanism around Robotics, deformable object, cable manipulation for targeted comparison in Manipulation, contact, tactile, and dexterity; it is not required for the current intensive reading spine.","Important on-demand reference, but not required in the current intensive sequence.",[],0,./2021/ICRA/2021_ICRA_Learning-to-Rearrange-Deformable-Cables-Fabrics-and-Bags-w/01_overview.md
pr-0565,Learning to Walk in Minutes Using Massively Parallel Deep Reinforcement Learning,2021,CoRL,conference,peer_reviewed,Robotics Foundations: Robot Learning,"Locomotion, whole-body, mobile manipulation, and humanoids",REFERENCE,,foundation,"{""learning"":[""reinforcement_learning""],""interaction"":[""contact_rich"",""locomotion""],""modality"":[""force_torque""],""control_level"":[""policy""],""setting"":[""simulation""],""embodiment"":[]}",FULL_TEXT_CHECKED,N/A,recorded,source_only,paper_specific,https://proceedings.mlr.press/v164/rudin22a.html,project_only,not_recorded,code:e9521031e41c,"Learning to Walk in Minutes Using Massively Parallel Deep Reinforcement Learning is retained as REFERENCE because it provides a reusable formulation or system primitive around Robotics, locomotion, Reinforcement Learning for targeted comparison in Locomotion, whole-body, mobile manipulation, and humanoids; it is not required for the current intensive reading spine.","Important on-demand reference, but not required in the current intensive sequence.",[],0,./2021/CoRL/2021_CoRL_Learning-to-Walk-in-Minutes-Using-Massively-Parallel-Deep/01_overview.md
pr-0005,Learning Transferable Visual Models From Natural Language Supervision,2021,ICML,conference,peer_reviewed,Foundations: Vision and Language Models,VLA and generalist robot policies,CORE,,foundation,"{""learning"":[],""interaction"":[],""modality"":[""language"",""rgb""],""control_level"":[],""setting"":[],""embodiment"":[]}",FULL_TEXT_CHECKED,UNREAD,recorded,identified,paper_specific,https://arxiv.org/abs/2103.00020,released,not_recorded,code:02f37b52594f,"Learning Transferable Visual Models From Natural Language Supervision is a CORE prerequisite because it establishes a reusable formulation or system primitive around CLIP, Vision-Language Model, alignment, providing a reference point for VLA and generalist robot policies comparisons in the observation-to-action loop.",Common foundation and prerequisite for the VLA and generalist robot policies spine.,[],0,./2021/ICML/2021_ICML_Learning-Transferable-Visual-Models-From-Natural-Language/01_overview.md
pr-0847,ManiSkill: Generalizable Manipulation Skill Benchmark with Large-Scale Demonstrations,2021,NeurIPS Datasets and Benchmarks,conference,peer_reviewed,Benchmarks and Datasets,"Manipulation, contact, tactile, and dexterity",REFERENCE,,benchmark_or_dataset,"{""learning"":[""imitation_learning""],""interaction"":[""grasping""],""modality"":[],""control_level"":[],""setting"":[""simulation""],""embodiment"":[""arm""]}",FULL_TEXT_CHECKED,N/A,recorded,source_only,paper_specific,https://datasets-benchmarks-proceedings.neurips.cc/paper_files/paper/2021/hash/eda80a3d5b344bc40f3bc04f65b7a357-Abstract-round2.html,project_only,not_recorded,code:ddf647bcf077,large-scale demonstrations와 object-level generalization을 결합한 manipulation benchmark로 modern GPU simulation/data generation 계보의 핵심이다.,"Important on-demand reference, but not required in the current intensive sequence.",[],1,./2021/NeurIPS-Datasets-and-Ben/2021_NeurIPS-Datasets-and-Ben_ManiSkill-Generalizable-Manipulation-Skill-Benchmark-with/01_overview.md
pr-0494,Mip-NeRF: A Multiscale Representation for Anti-Aliasing Neural Radiance Fields,2021,ICCV,conference,peer_reviewed,Neural Scene Representations,Robotics-enabling 3D perception,ARCHIVE,,method,"{""learning"":[],""interaction"":[],""modality"":[""point_cloud"",""rgb""],""control_level"":[],""setting"":[],""embodiment"":[]}",FULL_TEXT_CHECKED,N/A,recorded,identified,paper_specific,https://arxiv.org/abs/2103.13415,project_only,not_recorded,code:82b005775e82;metric:map,"Mip-NeRF: A Multiscale Representation for Anti-Aliasing Neural Radiance Fields is retained as ARCHIVE because its an algorithmic or policy mechanism around NeRF, 3D Vision, representation preserves historical or adjacent context for Robotics-enabling 3D perception; it is outside the current robotics-first intensive scope.",Historical or adjacent material retained for search; outside the current intensive scope.,[],0,./2021/ICCV/2021_ICCV_Mip-NeRF-A-Multiscale-Representation-for-Anti-Aliasing-Neu/01_overview.md
pr-0856,MT-Opt: Continuous Multi-Task Robotic Reinforcement Learning at Scale,2021,arXiv,preprint,preprint,Robot Learning and Data,"RL, IL, offline learning, and robot data",NEXT,,method,"{""learning"":[""reinforcement_learning""],""interaction"":[""contact_rich""],""modality"":[""force_torque""],""control_level"":[""policy""],""setting"":[],""embodiment"":[]}",FULL_TEXT_CHECKED,UNREAD,recorded,identified,paper_specific,https://arxiv.org/abs/2104.08212,not_identified,not_recorded,metric:success-rate,Google의 large-scale real-robot multi-task RL lineage를 보여 주며 QT-Opt에서 generalist robot learning으로 이어지는 핵심 bridge다.,"Specialized or frontier extension selected after CORE for the RL, IL, offline learning, and robot data branch.",[],0,./2021/arXiv/2021_arXiv_MT-Opt-Continuous-Multi-Task-Robotic-Reinforcement-Learnin/01_overview.md
pr-0503,Neural Descriptor Fields: SE(3)-Equivariant Object Representations for Manipulation,2021,CoRL,conference,peer_reviewed,"Manipulation, Contact, and Dexterity","Manipulation, contact, tactile, and dexterity",NEXT,,method,"{""learning"":[],""interaction"":[""contact_rich"",""grasping""],""modality"":[""point_cloud""],""control_level"":[],""setting"":[],""embodiment"":[""arm""]}",FULL_TEXT_CHECKED,UNREAD,recorded,identified,paper_specific,https://arxiv.org/abs/2112.05124,released,not_recorded,code:39cf014b7e33;metric:map,"Neural Descriptor Fields: SE(3)-Equivariant Object Representations for Manipulation is a NEXT comparison paper because it extends an algorithmic or policy mechanism around Robotics, equivariant, 3D geometry in Manipulation, contact, tactile, and dexterity, exposing a specialized frontier after the shared CORE spine.","Specialized or frontier extension selected after CORE for the Manipulation, contact, tactile, and dexterity branch.",[],0,./2021/CoRL/2021_CoRL_Neural-Descriptor-Fields-SE3-Equivariant-Object-Representa/01_overview.md
pr-0511,NeuS: Learning Neural Implicit Surfaces by Volume Rendering for Multi-view Reconstruction,2021,NeurIPS,conference,peer_reviewed,Neural Scene Representations,Robotics-enabling 3D perception,REFERENCE,,method,"{""learning"":[],""interaction"":[],""modality"":[""point_cloud"",""rgb""],""control_level"":[],""setting"":[],""embodiment"":[]}",FULL_TEXT_CHECKED,N/A,recorded,identified,paper_specific,https://arxiv.org/abs/2106.10689,project_only,not_recorded,benchmark:dtu;code:035f79712bf6;metric:chamfer;metric:map,"NeuS: Learning Neural Implicit Surfaces by Volume Rendering for Multi-view Reconstruction is retained as REFERENCE because it provides an algorithmic or policy mechanism around 3D Vision, NeRF, surface reconstruction for targeted comparison in Robotics-enabling 3D perception; it is not required for the current intensive reading spine.","Important on-demand reference, but not required in the current intensive sequence.",[],0,./2021/NeurIPS/2021_NeurIPS_NeuS-Learning-Neural-Implicit-Surfaces-by-Volume-Rendering/01_overview.md
pr-0297,Point Transformer,2021,ICCV,conference,peer_reviewed,3D Representation Learning,Robotics-enabling 3D perception,REFERENCE,,method,"{""learning"":[],""interaction"":[],""modality"":[""point_cloud"",""rgb""],""control_level"":[],""setting"":[],""embodiment"":[]}",FULL_TEXT_CHECKED,N/A,recorded,identified,paper_specific,https://arxiv.org/abs/2012.09164,not_identified,not_recorded,metric:map,"Point Transformer is retained as REFERENCE because it provides an algorithmic or policy mechanism around point cloud, 3D Vision for targeted comparison in Robotics-enabling 3D perception; it is not required for the current intensive reading spine.","Important on-demand reference, but not required in the current intensive sequence.",[],0,./2021/ICCV/2021_ICCV_Point-Transformer/01_overview.md
pr-0564,RMA: Rapid Motor Adaptation for Legged Robots,2021,RSS,conference,peer_reviewed,Robotics Foundations: Robot Learning,"Locomotion, whole-body, mobile manipulation, and humanoids",CORE,,foundation,"{""learning"":[],""interaction"":[""locomotion""],""modality"":[],""control_level"":[""policy""],""setting"":[""sim_to_real""],""embodiment"":[""legged""]}",FULL_TEXT_CHECKED,UNREAD,recorded,identified,paper_specific,https://arxiv.org/abs/2107.04034,project_only,not_recorded,code:d149219e76c6,"RMA: Rapid Motor Adaptation for Legged Robots is a CORE prerequisite because it establishes a reusable formulation or system primitive around Robotics, locomotion, sim-to-real, providing a reference point for Locomotion, whole-body, mobile manipulation, and humanoids comparisons in the observation-to-action loop.","Common foundation and prerequisite for the Locomotion, whole-body, mobile manipulation, and humanoids spine.",[],0,./2021/RSS/2021_RSS_RMA-Rapid-Motor-Adaptation-for-Legged-Robots/01_overview.md
pr-0484,Score-Based Generative Modeling through Stochastic Differential Equations,2021,ICLR,conference,peer_reviewed,Foundations: Generative Models,,REFERENCE,,foundation,"{""learning"":[""diffusion""],""interaction"":[],""modality"":[],""control_level"":[],""setting"":[],""embodiment"":[]}",FULL_TEXT_CHECKED,N/A,recorded,identified,paper_specific,https://arxiv.org/abs/2011.13456,released,not_recorded,code:578d0731f9b8,"Score-Based Generative Modeling through Stochastic Differential Equations is retained as REFERENCE because it provides a reusable formulation or system primitive around Diffusion, score model, Generation for targeted comparison in Foundations: Generative Models; it is not required for the current intensive reading spine.","Important on-demand reference, but not required in the current intensive sequence.",[],0,./2021/ICLR/2021_ICLR_Score-Based-Generative-Modeling-through-Stochastic-Differe/01_overview.md
pr-0509,Self-Supervised Pretraining of 3D Features on any Point-Cloud,2021,ICCV,conference,peer_reviewed,3D Representation Learning,Robotics-enabling 3D perception,REFERENCE,,method,"{""learning"":[""self_supervised""],""interaction"":[],""modality"":[""point_cloud"",""rgb""],""control_level"":[],""setting"":[],""embodiment"":[]}",FULL_TEXT_CHECKED,N/A,recorded,identified,paper_specific,https://arxiv.org/abs/2101.02691,released,not_recorded,code:34abe9530293;metric:map,"Self-Supervised Pretraining of 3D Features on any Point-Cloud is retained as REFERENCE because it provides an algorithmic or policy mechanism around 3D Vision, point cloud, representation for targeted comparison in Robotics-enabling 3D perception; it is not required for the current intensive reading spine.","Important on-demand reference, but not required in the current intensive sequence.",[],0,./2021/ICCV/2021_ICCV_Self-Supervised-Pretraining-of-3D-Features-on-any-Point-Cl/01_overview.md
pr-0744,SurRoL: An Open-source Reinforcement Learning Centered and dVRK Compatible Platform for Surgical Robot Learning,2021,IROS,conference,peer_reviewed,Robot Learning and Data,"Manipulation, contact, tactile, and dexterity",REFERENCE,,method,"{""learning"":[""reinforcement_learning""],""interaction"":[""contact_rich"",""grasping""],""modality"":[""force_torque""],""control_level"":[""policy""],""setting"":[""sim_to_real"",""simulation""],""embodiment"":[""arm"",""dexterous_hand""]}",FULL_TEXT_CHECKED,N/A,recorded,identified,paper_specific,https://ieeexplore.ieee.org/document/9635867,released,not_recorded,code:63ee7e61696e;metric:success-rate,"SurRoL: An Open-source Reinforcement Learning Centered and dVRK Compatible Platform for Surgical Robot Learning is retained as REFERENCE because it provides an algorithmic or policy mechanism around Robotics, surgical robotics, Reinforcement Learning for targeted comparison in Manipulation, contact, tactile, and dexterity; it is not required for the current intensive reading spine.","Important on-demand reference, but not required in the current intensive sequence.",[],0,./2021/IROS/2021_IROS_SurRoL-An-Open-source-Reinforcement-Learning-Centered-and/01_overview.md
pr-0521,Vision Transformers for Dense Prediction,2021,ICCV,conference,peer_reviewed,"3D Geometry, Reconstruction, and SLAM",Robotics-enabling 3D perception,REFERENCE,,method,"{""learning"":[],""interaction"":[""navigation""],""modality"":[""depth"",""point_cloud"",""rgb""],""control_level"":[""state_estimation""],""setting"":[],""embodiment"":[]}",FULL_TEXT_CHECKED,N/A,recorded,identified,paper_specific,https://arxiv.org/abs/2103.13413,released,not_recorded,code:e803979b7710;metric:map,"Vision Transformers for Dense Prediction is retained as REFERENCE because it provides an algorithmic or policy mechanism around 3D Vision, monocular depth, Vision Transformer for targeted comparison in Robotics-enabling 3D perception; it is not required for the current intensive reading spine.","Important on-demand reference, but not required in the current intensive sequence.",[],0,./2021/ICCV/2021_ICCV_Vision-Transformers-for-Dense-Prediction/01_overview.md
pr-0747,What Matters in Learning from Offline Human Demonstrations for Robot Manipulation,2021,CoRL,conference,peer_reviewed,Robot Learning and Data,"RL, IL, offline learning, and robot data",CORE,,benchmark_or_dataset,"{""learning"":[""imitation_learning""],""interaction"":[""grasping""],""modality"":[],""control_level"":[""policy""],""setting"":[],""embodiment"":[""arm""]}",FULL_TEXT_CHECKED,UNREAD,recorded,source_only,paper_specific,https://proceedings.mlr.press/v164/mandlekar22a.html,project_only,not_recorded,code:9a47701fc15c;metric:success-rate,"What Matters in Learning from Offline Human Demonstrations for Robot Manipulation is a CORE prerequisite because it establishes a benchmark, dataset, or evaluation protocol around Robotics, Imitation Learning, offline learning, providing a reference point for RL, IL, offline learning, and robot data comparisons in the observation-to-action loop.","Common foundation and prerequisite for the RL, IL, offline learning, and robot data spine.",[],0,./2021/CoRL/2021_CoRL_What-Matters-in-Learning-from-Offline-Human-Demonstrations/01_overview.md
pr-0712,Where2Act: From Pixels to Actions for Articulated 3D Objects,2021,ICCV,conference,peer_reviewed,Robotics-Enabling 3D Perception,Robotics-enabling 3D perception,NEXT,,method,"{""learning"":[],""interaction"":[],""modality"":[""point_cloud"",""rgb""],""control_level"":[""state_estimation""],""setting"":[],""embodiment"":[]}",FULL_TEXT_CHECKED,UNREAD,recorded,identified,paper_specific,https://arxiv.org/abs/2101.02692,project_only,not_recorded,code:455d7db5e4db,"Where2Act: From Pixels to Actions for Articulated 3D Objects is a NEXT comparison paper because it extends an algorithmic or policy mechanism around Robotics, 3D Vision, affordance in Robotics-enabling 3D perception, exposing a specialized frontier after the shared CORE spine.",Specialized or frontier extension selected after CORE for the Robotics-enabling 3D perception branch.,[],0,./2021/ICCV/2021_ICCV_Where2Act-From-Pixels-to-Actions-for-Articulated-3D-Object/01_overview.md
pr-0857,A Generalist Agent,2022,arXiv,preprint,preprint,VLA and Generalist Robot Policies,VLA and generalist robot policies,NEXT,,method,"{""learning"":[""vla""],""interaction"":[],""modality"":[""language""],""control_level"":[""policy""],""setting"":[],""embodiment"":[]}",FULL_TEXT_CHECKED,UNREAD,recorded,identified,paper_specific,https://arxiv.org/abs/2205.06175,project_only,not_recorded,code:f46a165baea7;metric:success-rate,Gato는 text·vision·control을 단일 token sequence model로 통합한 generalist-agent 계보의 대표작으로 PaLM-E/VLA 배경을 보강한다.,Specialized or frontier extension selected after CORE for the VLA and generalist robot policies branch.,[],0,./2022/arXiv/2022_arXiv_A-Generalist-Agent/01_overview.md
pr-0536,BC-Z: Zero-Shot Task Generalization with Robotic Imitation Learning,2022,CoRL,conference,peer_reviewed,VLA and Generalist Robot Policies,VLA and generalist robot policies,NEXT,,method,"{""learning"":[""imitation_learning"",""vla""],""interaction"":[],""modality"":[""language"",""rgb""],""control_level"":[""policy""],""setting"":[],""embodiment"":[]}",FULL_TEXT_CHECKED,UNREAD,recorded,identified,paper_specific,https://arxiv.org/abs/2202.02005,project_only,not_recorded,code:f6188d58988f;metric:success-rate,"BC-Z: Zero-Shot Task Generalization with Robotic Imitation Learning is a NEXT comparison paper because it extends an algorithmic or policy mechanism around Robotics, Imitation Learning, Vision-Language-Action in VLA and generalist robot policies, exposing a specialized frontier after the shared CORE spine.",Specialized or frontier extension selected after CORE for the VLA and generalist robot policies branch.,[],0,./2022/CoRL/2022_CoRL_BC-Z-Zero-Shot-Task-Generalization-with-Robotic-Imitation/01_overview.md
pr-0839,Behavior Transformers: Cloning k modes with one stone,2022,NeurIPS,conference,peer_reviewed,Robot Learning and Data,"RL, IL, offline learning, and robot data",NEXT,,method,"{""learning"":[""imitation_learning""],""interaction"":[],""modality"":[],""control_level"":[""policy""],""setting"":[],""embodiment"":[]}",FULL_TEXT_CHECKED,UNREAD,recorded,source_only,paper_specific,https://proceedings.neurips.cc/paper_files/paper/2022/hash/90d17e882adbdda42349db6f50123817-Abstract-Conference.html,project_only,not_recorded,code:bf33c74cefc5;metric:success-rate,multimodal demonstration behavior를 transformer policy로 복제하는 diffusion-policy 이전의 강한 generative/action-token IL baseline이다.,"Specialized or frontier extension selected after CORE for the RL, IL, offline learning, and robot data branch.",[],0,./2022/NeurIPS/2022_NeurIPS_Behavior-Transformers-Cloning-k-modes-with-one-stone/01_overview.md
pr-0730,"BEHAVIOR-1K: A Benchmark for Embodied AI with 1,000 Everyday Activities and Realistic Simulation",2022,CoRL,conference,peer_reviewed,Robot Learning and Data,"RL, IL, offline learning, and robot data",REFERENCE,,benchmark_or_dataset,"{""learning"":[],""interaction"":[],""modality"":[],""control_level"":[""policy""],""setting"":[""long_horizon"",""simulation""],""embodiment"":[]}",FULL_TEXT_CHECKED,N/A,recorded,identified,paper_specific,https://proceedings.mlr.press/v205/li23s.html,project_only,not_recorded,benchmark:behavior-1k;code:fd69ea18324f,"BEHAVIOR-1K: A Benchmark for Embodied AI with 1,000 Everyday Activities and Realistic Simulation is retained as REFERENCE because it provides a benchmark, dataset, or evaluation protocol around Robotics, Benchmark, Embodied AI for targeted comparison in RL, IL, offline learning, and robot data; it is not required for the current intensive reading spine.","Important on-demand reference, but not required in the current intensive sequence.",[],0,./2022/CoRL/2022_CoRL_BEHAVIOR-1K-A-Benchmark-for-Embodied-AI-with-1000-Everyday/01_overview.md
pr-0043,BEVFormer: Learning Bird's-Eye-View Representation from Multi-Camera Images via Spatiotemporal Transformers,2022,ECCV,conference,peer_reviewed,Autonomous 3D Perception and Sensor Fusion,Planning and control,REFERENCE,,method,"{""learning"":[""optimization_or_planning""],""interaction"":[],""modality"":[""rgb""],""control_level"":[""state_estimation""],""setting"":[],""embodiment"":[]}",FULL_TEXT_CHECKED,N/A,recorded,identified,paper_specific,https://arxiv.org/abs/2203.17270,released,not_recorded,benchmark:nuscenes;benchmark:waymo;code:3ee3d26c0c3a;metric:iou;metric:map,"BEVFormer: Learning Bird's-Eye-View Representation from Multi-Camera Images via Spatiotemporal Transformers is retained as REFERENCE because it provides an algorithmic or policy mechanism around sensor fusion, 3D perception, Planning for targeted comparison in Planning and control; it is not required for the current intensive reading spine.","Important on-demand reference, but not required in the current intensive sequence.",[],0,./2022/ECCV/2022_ECCV_BEVFormer-Learning-Bird-s-Eye-View-Representation-from-Mul/01_overview.md
pr-0534,BLIP: Bootstrapping Language-Image Pre-training for Unified Vision-Language Understanding and Generation,2022,ICML,conference,peer_reviewed,Foundations: Vision and Language Models,,REFERENCE,,foundation,"{""learning"":[],""interaction"":[],""modality"":[""language"",""rgb""],""control_level"":[],""setting"":[],""embodiment"":[]}",FULL_TEXT_CHECKED,N/A,recorded,identified,paper_specific,https://arxiv.org/abs/2201.12086,released,not_recorded,code:41b8d8e96b79;metric:cider,"BLIP: Bootstrapping Language-Image Pre-training for Unified Vision-Language Understanding and Generation is retained as REFERENCE because it provides a reusable formulation or system primitive around Vision-Language Model, alignment, Generation for targeted comparison in Foundations: Vision and Language Models; it is not required for the current intensive reading spine.","Important on-demand reference, but not required in the current intensive sequence.",[],0,./2022/ICML/2022_ICML_BLIP-Bootstrapping-Language-Image-Pre-training-for-Unified/01_overview.md
pr-0041,CALVIN: A Benchmark for Language-Conditioned Policy Learning for Long-Horizon Robot Manipulation Tasks,2022,RA-L,journal,peer_reviewed,Benchmarks and Datasets,VLA and generalist robot policies,NEXT,,benchmark_or_dataset,"{""learning"":[""vla""],""interaction"":[""grasping""],""modality"":[""language"",""rgb""],""control_level"":[""policy""],""setting"":[""long_horizon""],""embodiment"":[""arm""]}",FULL_TEXT_CHECKED,UNREAD,recorded,identified,paper_specific,https://arxiv.org/abs/2112.03227,project_only,not_recorded,benchmark:calvin;code:c318b14bc454,"CALVIN: A Benchmark for Language-Conditioned Policy Learning for Long-Horizon Robot Manipulation Tasks is a NEXT comparison paper because it extends a benchmark, dataset, or evaluation protocol around Vision-Language-Action, Benchmark, Robotics in VLA and generalist robot policies, exposing a specialized frontier after the shared CORE spine.",Specialized or frontier extension selected after CORE for the VLA and generalist robot policies branch.,[],0,./2022/RA-L/2022_RA-L_CALVIN-A-Benchmark-for-Language-Conditioned-Policy-Learnin/01_overview.md
pr-0529,Chain-of-Thought Prompting Elicits Reasoning in Large Language Models,2022,NeurIPS,conference,peer_reviewed,Foundations: Vision and Language Models,,REFERENCE,,foundation,"{""learning"":[],""interaction"":[],""modality"":[""language"",""rgb""],""control_level"":[],""setting"":[],""embodiment"":[]}",FULL_TEXT_CHECKED,N/A,recorded,identified,paper_specific,https://arxiv.org/abs/2201.11903,not_identified,not_recorded,,"Chain-of-Thought Prompting Elicits Reasoning in Large Language Models is retained as REFERENCE because it provides a reusable formulation or system primitive around LLM, reasoning, Chain-of-Thought for targeted comparison in Foundations: Vision and Language Models; it is not required for the current intensive reading spine.","Important on-demand reference, but not required in the current intensive sequence.",[],0,./2022/NeurIPS/2022_NeurIPS_Chain-of-Thought-Prompting-Elicits-Reasoning-in-Large-Lang/01_overview.md
pr-0516,Classifier-Free Diffusion Guidance,2022,arXiv,preprint,preprint,Foundations: Generative Models,,REFERENCE,,foundation,"{""learning"":[""diffusion""],""interaction"":[],""modality"":[],""control_level"":[],""setting"":[],""embodiment"":[]}",FULL_TEXT_CHECKED,N/A,recorded,identified,paper_specific,https://arxiv.org/abs/2207.12598,not_identified,not_recorded,,"Classifier-Free Diffusion Guidance is retained as REFERENCE because it provides a reusable formulation or system primitive around Diffusion, guidance, Generation for targeted comparison in Foundations: Generative Models; it is not required for the current intensive reading spine.","Important on-demand reference, but not required in the current intensive sequence.",[],0,./2022/arxiv/2022_arxiv_Classifier-Free-Diffusion-Guidance/01_overview.md
pr-0682,DayDreamer: World Models for Physical Robot Learning,2022,CoRL,conference,peer_reviewed,"World Models, Safety, and Recovery","World models, safety, uncertainty, and recovery",CORE,,method,"{""learning"":[""reinforcement_learning"",""world_model""],""interaction"":[""contact_rich""],""modality"":[""force_torque""],""control_level"":[""policy"",""safety_or_recovery""],""setting"":[""real_robot""],""embodiment"":[]}",FULL_TEXT_CHECKED,UNREAD,recorded,identified,paper_specific,https://proceedings.mlr.press/v205/wu23c.html,project_only,not_recorded,code:c5c491739891,"DayDreamer: World Models for Physical Robot Learning is a CORE prerequisite because it establishes an algorithmic or policy mechanism around Robotics, world model, real robot, providing a reference point for World models, safety, uncertainty, and recovery comparisons in the observation-to-action loop.","Common foundation and prerequisite for the World models, safety, uncertainty, and recovery spine.",[],0,./2022/CoRL/2022_CoRL_DayDreamer-World-Models-for-Physical-Robot-Learning/01_overview.md
pr-0545,Detecting Twenty-thousand Classes using Image-level Supervision,2022,ECCV,conference,peer_reviewed,Embodied Navigation and Mapping,Robotics-enabling 3D perception,ARCHIVE,,method,"{""learning"":[],""interaction"":[""navigation""],""modality"":[""language"",""rgb""],""control_level"":[""state_estimation""],""setting"":[],""embodiment"":[""mobile""]}",FULL_TEXT_CHECKED,N/A,recorded,identified,paper_specific,https://arxiv.org/abs/2201.02605,released,not_recorded,code:33a07a4956f7;metric:map,"Detecting Twenty-thousand Classes using Image-level Supervision is retained as ARCHIVE because its an algorithmic or policy mechanism around Vision-Language Model, open-vocabulary, detection preserves historical or adjacent context for Robotics-enabling 3D perception; it is outside the current robotics-first intensive scope.",Historical or adjacent material retained for search; outside the current intensive scope.,[],0,./2022/ECCV/2022_ECCV_Detecting-Twenty-thousand-Classes-using-Image-level-Superv/01_overview.md
pr-0742,DextAIRity: Deformable Manipulation Can be a Breeze,2022,RSS,conference,peer_reviewed,"Manipulation, Contact, and Dexterity","Manipulation, contact, tactile, and dexterity",REFERENCE,,method,"{""learning"":[],""interaction"":[""contact_rich"",""deformable"",""grasping""],""modality"":[],""control_level"":[""feedback_control""],""setting"":[""real_robot""],""embodiment"":[""arm"",""dexterous_hand""]}",FULL_TEXT_CHECKED,N/A,recorded,identified,paper_specific,https://arxiv.org/abs/2203.01197,project_only,not_recorded,code:96ff81a62230,"DextAIRity: Deformable Manipulation Can be a Breeze is retained as REFERENCE because it provides an algorithmic or policy mechanism around Robotics, deformable object, cloth manipulation for targeted comparison in Manipulation, contact, tactile, and dexterity; it is not required for the current intensive reading spine.","Important on-demand reference, but not required in the current intensive sequence.",[],0,./2022/RSS/2022_RSS_DextAIRity-Deformable-Manipulation-Can-be-a-Breeze/01_overview.md
pr-0741,DiffSkill: Skill Abstraction from Differentiable Physics for Deformable Object Manipulations with Tools,2022,ICLR,conference,peer_reviewed,"Manipulation, Contact, and Dexterity","Manipulation, contact, tactile, and dexterity",NEXT,,method,"{""learning"":[""optimization_or_planning""],""interaction"":[""contact_rich"",""deformable"",""grasping""],""modality"":[],""control_level"":[],""setting"":[],""embodiment"":[""arm""]}",FULL_TEXT_CHECKED,UNREAD,recorded,identified,paper_specific,https://arxiv.org/abs/2203.17275,project_only,not_recorded,code:db56679f42d2,"DiffSkill: Skill Abstraction from Differentiable Physics for Deformable Object Manipulations with Tools is a NEXT comparison paper because it extends an algorithmic or policy mechanism around Robotics, deformable object, tool use in Manipulation, contact, tactile, and dexterity, exposing a specialized frontier after the shared CORE spine.","Specialized or frontier extension selected after CORE for the Manipulation, contact, tactile, and dexterity branch.",[],0,./2022/ICLR/2022_ICLR_DiffSkill-Skill-Abstraction-from-Differentiable-Physics-fo/01_overview.md
pr-0714,Ditto: Building Digital Twins of Articulated Objects from Interaction,2022,CVPR,conference,peer_reviewed,Robotics-Enabling 3D Perception,Robotics-enabling 3D perception,NEXT,,method,"{""learning"":[],""interaction"":[],""modality"":[""rgb""],""control_level"":[""state_estimation""],""setting"":[],""embodiment"":[]}",FULL_TEXT_CHECKED,UNREAD,recorded,identified,paper_specific,https://arxiv.org/abs/2202.08227,project_only,not_recorded,code:ac9fdb87caab,"Ditto: Building Digital Twins of Articulated Objects from Interaction is a NEXT comparison paper because it extends an algorithmic or policy mechanism around Robotics, 3D Vision, digital twin in Robotics-enabling 3D perception, exposing a specialized frontier after the shared CORE spine.",Specialized or frontier extension selected after CORE for the Robotics-enabling 3D perception branch.,[],0,./2022/CVPR/2022_CVPR_Ditto-Building-Digital-Twins-of-Articulated-Objects-from-I/01_overview.md
pr-0020,"Do As I Can, Not As I Say: Grounding Language in Robotic Affordances",2022,CoRL,conference,peer_reviewed,VLA and Generalist Robot Policies,VLA and generalist robot policies,REFERENCE,,method,"{""learning"":[""optimization_or_planning"",""vla""],""interaction"":[],""modality"":[""language""],""control_level"":[""policy""],""setting"":[],""embodiment"":[]}",FULL_TEXT_CHECKED,N/A,recorded,identified,paper_specific,https://arxiv.org/abs/2204.01691,project_only,not_recorded,code:df7800637b37;metric:success-rate,"Do As I Can, Not As I Say: Grounding Language in Robotic Affordances is retained as REFERENCE because it provides an algorithmic or policy mechanism around LLM, affordance, Planning for targeted comparison in VLA and generalist robot policies; it is not required for the current intensive reading spine.","Important on-demand reference, but not required in the current intensive sequence.",[],0,./2022/CoRL/2022_CoRL_Do-As-I-Can-Not-As-I-Say-Grounding-Language-in-Robotic-Aff/01_overview.md
pr-0736,Factory: Fast Contact for Robotic Assembly,2022,RSS,conference,peer_reviewed,"Manipulation, Contact, and Dexterity","Manipulation, contact, tactile, and dexterity",CORE,,method,"{""learning"":[""reinforcement_learning""],""interaction"":[""assembly"",""contact_rich"",""grasping""],""modality"":[""force_torque""],""control_level"":[],""setting"":[""sim_to_real"",""simulation""],""embodiment"":[""arm""]}",FULL_TEXT_CHECKED,UNREAD,recorded,identified,paper_specific,https://arxiv.org/abs/2205.03532,released,not_recorded,code:0daa1c22a5d1,"Factory: Fast Contact for Robotic Assembly is a CORE prerequisite because it establishes an algorithmic or policy mechanism around Robotics, assembly, contact-rich manipulation, providing a reference point for Manipulation, contact, tactile, and dexterity comparisons in the observation-to-action loop.","Common foundation and prerequisite for the Manipulation, contact, tactile, and dexterity spine.",[],0,./2022/RSS/2022_RSS_Factory-Fast-Contact-for-Robotic-Assembly/01_overview.md
pr-0707,Failure Prediction with Statistical Guarantees for Vision-Based Robot Control,2022,RSS,conference,peer_reviewed,"World Models, Safety, and Recovery","World models, safety, uncertainty, and recovery",REFERENCE,,method,"{""learning"":[""world_model""],""interaction"":[],""modality"":[""rgb""],""control_level"":[""feedback_control"",""safety_or_recovery""],""setting"":[],""embodiment"":[]}",FULL_TEXT_CHECKED,N/A,recorded,identified,paper_specific,https://arxiv.org/abs/2202.05894,not_released,not_recorded,,"Failure Prediction with Statistical Guarantees for Vision-Based Robot Control is retained as REFERENCE because it provides an algorithmic or policy mechanism around Robotics, failure prediction, vision-based control for targeted comparison in World models, safety, uncertainty, and recovery; it is not required for the current intensive reading spine.","Important on-demand reference, but not required in the current intensive sequence.",[],0,./2022/RSS/2022_RSS_Failure-Prediction-with-Statistical-Guarantees-for-Vision/01_overview.md
pr-0947,FAST-LIO2: Fast Direct LiDAR-inertial Odometry,2022,T-RO,journal,peer_reviewed,Robotics-Enabling 3D Perception,Robotics-enabling 3D perception,REFERENCE,,foundation,"{""learning"":[],""interaction"":[""navigation""],""modality"":[""lidar""],""control_level"":[""state_estimation""],""setting"":[""real_time""],""embodiment"":[]}",FULL_TEXT_CHECKED,N/A,recorded,identified,paper_specific,https://arxiv.org/abs/2107.06829,released,not_recorded,code:5a82e1d257fa,raw LiDAR point direct registration과 ikd-Tree map update로 고주파 robot state estimation을 제공하는 대표 foundation이다.,"Important on-demand reference, but not required in the current intensive sequence.",[],0,./2022/T-RO/2022_T-RO_FAST-LIO2-Fast-Direct-LiDAR-inertial-Odometry/01_overview.md
pr-0486,Flamingo: a Visual Language Model for Few-Shot Learning,2022,NeurIPS,conference,peer_reviewed,Foundations: Vision and Language Models,,REFERENCE,,foundation,"{""learning"":[],""interaction"":[],""modality"":[""language"",""rgb""],""control_level"":[],""setting"":[],""embodiment"":[]}",FULL_TEXT_CHECKED,N/A,recorded,identified,paper_specific,https://arxiv.org/abs/2204.14198,not_released,not_recorded,,"Flamingo: a Visual Language Model for Few-Shot Learning is retained as REFERENCE because it provides a reusable formulation or system primitive around Vision-Language Model, few-shot, alignment for targeted comparison in Foundations: Vision and Language Models; it is not required for the current intensive reading spine.","Important on-demand reference, but not required in the current intensive sequence.",[],0,./2022/NeurIPS/2022_NeurIPS_Flamingo-a-Visual-Language-Model-for-Few-Shot-Learning/01_overview.md
pr-0739,FlingBot: The Unreasonable Effectiveness of Dynamic Manipulation for Cloth Unfolding,2022,ICRA,conference,peer_reviewed,"Manipulation, Contact, and Dexterity","Manipulation, contact, tactile, and dexterity",REFERENCE,,method,"{""learning"":[],""interaction"":[""contact_rich"",""deformable"",""grasping""],""modality"":[""rgb""],""control_level"":[""feedback_control""],""setting"":[],""embodiment"":[""arm""]}",FULL_TEXT_CHECKED,N/A,recorded,identified,paper_specific,https://arxiv.org/abs/2105.03655,project_only,not_recorded,code:8deb32d452d6,"FlingBot: The Unreasonable Effectiveness of Dynamic Manipulation for Cloth Unfolding is retained as REFERENCE because it provides an algorithmic or policy mechanism around Robotics, deformable object, cloth manipulation for targeted comparison in Manipulation, contact, tactile, and dexterity; it is not required for the current intensive reading spine.","Important on-demand reference, but not required in the current intensive sequence.",[],0,./2022/ICRA/2022_ICRA_FlingBot-The-Unreasonable-Effectiveness-of-Dynamic-Manipul/01_overview.md
pr-0715,FlowBot3D: Learning 3D Articulation Flow to Manipulate Articulated Objects,2022,RSS,conference,peer_reviewed,Robotics-Enabling 3D Perception,Robotics-enabling 3D perception,NEXT,,method,"{""learning"":[],""interaction"":[""grasping""],""modality"":[""point_cloud"",""rgb""],""control_level"":[""state_estimation""],""setting"":[],""embodiment"":[""arm""]}",FULL_TEXT_CHECKED,UNREAD,recorded,identified,paper_specific,https://arxiv.org/abs/2205.04382,project_only,not_recorded,code:e3c0f6c23f39,"FlowBot3D: Learning 3D Articulation Flow to Manipulate Articulated Objects is a NEXT comparison paper because it extends an algorithmic or policy mechanism around Robotics, 3D Vision, scene flow in Robotics-enabling 3D perception, exposing a specialized frontier after the shared CORE spine.",Specialized or frontier extension selected after CORE for the Robotics-enabling 3D perception branch.,[],0,./2022/RSS/2022_RSS_FlowBot3D-Learning-3D-Articulation-Flow-to-Manipulate-Arti/01_overview.md
pr-0009,High-Resolution Image Synthesis with Latent Diffusion Models,2022,CVPR,conference,peer_reviewed,Foundations: Generative Models,,REFERENCE,,foundation,"{""learning"":[""diffusion""],""interaction"":[],""modality"":[""rgb""],""control_level"":[],""setting"":[],""embodiment"":[]}",FULL_TEXT_CHECKED,N/A,recorded,identified,paper_specific,https://arxiv.org/abs/2112.10752,released,not_recorded,code:ed4ff13cd7d6,"High-Resolution Image Synthesis with Latent Diffusion Models is retained as REFERENCE because it provides a reusable formulation or system primitive around Diffusion, latent representation, Generation for targeted comparison in Foundations: Generative Models; it is not required for the current intensive reading spine.","Important on-demand reference, but not required in the current intensive sequence.",[],0,./2022/CVPR/2022_CVPR_High-Resolution-Image-Synthesis-with-Latent-Diffusion-Mode/01_overview.md
pr-0636,Implicit Behavioral Cloning,2022,CoRL,conference,peer_reviewed,Robot Learning and Data,"RL, IL, offline learning, and robot data",CORE,,method,"{""learning"":[""imitation_learning""],""interaction"":[],""modality"":[],""control_level"":[""policy""],""setting"":[],""embodiment"":[]}",FULL_TEXT_CHECKED,UNREAD,recorded,identified,paper_specific,https://proceedings.mlr.press/v164/florence22a.html,project_only,not_recorded,code:9329ef98192a;metric:success-rate,"Implicit Behavioral Cloning is a CORE prerequisite because it establishes an algorithmic or policy mechanism around Robotics, Imitation Learning, energy-based model, providing a reference point for RL, IL, offline learning, and robot data comparisons in the observation-to-action loop.","Common foundation and prerequisite for the RL, IL, offline learning, and robot data spine.",[],0,./2022/CoRL/2022_CoRL_Implicit-Behavioral-Cloning/01_overview.md
pr-0718,Inner Monologue: Embodied Reasoning through Planning with Language Models,2022,CoRL,conference,peer_reviewed,Planning and Long-Horizon Reasoning,VLA and generalist robot policies,NEXT,,method,"{""learning"":[""optimization_or_planning""],""interaction"":[""grasping""],""modality"":[""language""],""control_level"":[],""setting"":[""long_horizon""],""embodiment"":[""arm""]}",FULL_TEXT_CHECKED,UNREAD,recorded,identified,paper_specific,https://proceedings.mlr.press/v205/huang23c.html,project_only,not_recorded,code:2d1b0f762255;metric:success-rate,"Inner Monologue: Embodied Reasoning through Planning with Language Models is a NEXT comparison paper because it extends an algorithmic or policy mechanism around Robotics, LLM planning, feedback in VLA and generalist robot policies, exposing a specialized frontier after the shared CORE spine.",Specialized or frontier extension selected after CORE for the VLA and generalist robot policies branch.,[],0,./2022/CoRL/2022_CoRL_Inner-Monologue-Embodied-Reasoning-through-Planning-with-L/01_overview.md
pr-0495,Instant Neural Graphics Primitives with a Multiresolution Hash Encoding,2022,SIGGRAPH,conference,peer_reviewed,Neural Scene Representations,Robotics-enabling 3D perception,REFERENCE,,method,"{""learning"":[],""interaction"":[],""modality"":[""point_cloud"",""rgb""],""control_level"":[],""setting"":[],""embodiment"":[]}",FULL_TEXT_CHECKED,N/A,recorded,identified,paper_specific,https://arxiv.org/abs/2201.05989,project_only,not_recorded,code:e57d228c6f1c;metric:map;metric:psnr,"Instant Neural Graphics Primitives with a Multiresolution Hash Encoding is retained as REFERENCE because it provides an algorithmic or policy mechanism around NeRF, 3D Vision, representation for targeted comparison in Robotics-enabling 3D perception; it is not required for the current intensive reading spine.","Important on-demand reference, but not required in the current intensive sequence.",[],0,./2022/SIGGRAPH/2022_SIGGRAPH_Instant-Neural-Graphics-Primitives-with-a-Multiresolution/01_overview.md
pr-0543,Language-driven Semantic Segmentation,2022,ICLR,conference,peer_reviewed,Embodied Navigation and Mapping,Robotics-enabling 3D perception,ARCHIVE,,method,"{""learning"":[],""interaction"":[""navigation""],""modality"":[""language"",""rgb""],""control_level"":[""state_estimation""],""setting"":[],""embodiment"":[""mobile""]}",FULL_TEXT_CHECKED,N/A,recorded,identified,paper_specific,https://arxiv.org/abs/2201.03546,released,not_recorded,code:1908a157d12c;metric:map,"Language-driven Semantic Segmentation is retained as ARCHIVE because its an algorithmic or policy mechanism around Vision-Language Model, semantic, open-vocabulary preserves historical or adjacent context for Robotics-enabling 3D perception; it is outside the current robotics-first intensive scope.",Historical or adjacent material retained for search; outside the current intensive scope.,[],0,./2022/ICLR/2022_ICLR_Language-driven-Semantic-Segmentation/01_overview.md
pr-0656,Learning Robust Perceptive Locomotion for Quadrupedal Robots in the Wild,2022,Science Robotics,journal,peer_reviewed,"Locomotion, Whole-Body, and Mobile Manipulation","Locomotion, whole-body, mobile manipulation, and humanoids",CORE,,method,"{""learning"":[],""interaction"":[""grasping"",""locomotion"",""whole_body""],""modality"":[],""control_level"":[""state_estimation"",""whole_body""],""setting"":[],""embodiment"":[""arm"",""legged"",""mobile""]}",FULL_TEXT_CHECKED,UNREAD,recorded,identified,paper_specific,https://arxiv.org/abs/2201.08117,project_only,not_recorded,code:7a750bb5be3b,"Learning Robust Perceptive Locomotion for Quadrupedal Robots in the Wild is a CORE prerequisite because it establishes an algorithmic or policy mechanism around Robotics, quadruped locomotion, perception, providing a reference point for Locomotion, whole-body, mobile manipulation, and humanoids comparisons in the observation-to-action loop.","Common foundation and prerequisite for the Locomotion, whole-body, mobile manipulation, and humanoids spine.",[],0,./2022/Science-Robotics/2022_Science-Robotics_Learning-Robust-Perceptive-Locomotion-for-Quadrupedal-Robo/01_overview.md
pr-0530,Masked Autoencoders Are Scalable Vision Learners,2022,CVPR,conference,peer_reviewed,Foundations: Vision and Language Models,,REFERENCE,,foundation,"{""learning"":[""self_supervised""],""interaction"":[],""modality"":[""language"",""rgb""],""control_level"":[],""setting"":[],""embodiment"":[]}",FULL_TEXT_CHECKED,N/A,recorded,identified,paper_specific,https://arxiv.org/abs/2111.06377,released,not_recorded,code:dd39ffcde30d,"Masked Autoencoders Are Scalable Vision Learners is retained as REFERENCE because it provides a reusable formulation or system primitive around Vision Foundation Model, self-supervised, representation for targeted comparison in Foundations: Vision and Language Models; it is not required for the current intensive reading spine.","Important on-demand reference, but not required in the current intensive sequence.",[],0,./2022/CVPR/2022_CVPR_Masked-Autoencoders-Are-Scalable-Vision-Learners/01_overview.md
pr-0841,Masked Visual Pre-training for Motor Control,2022,arXiv,preprint,preprint,Robot Learning and Data,Planning and control,REFERENCE,,method,"{""learning"":[""imitation_learning""],""interaction"":[],""modality"":[],""control_level"":[""feedback_control"",""policy""],""setting"":[],""embodiment"":[]}",FULL_TEXT_CHECKED,N/A,recorded,identified,paper_specific,https://arxiv.org/abs/2203.06173,project_only,not_recorded,code:78ca51d4e3c2;metric:success-rate,masked image pretraining을 embodied motor control로 transfer한 MVP 계열 foundation으로 robot representation baseline을 보강한다.,"Important on-demand reference, but not required in the current intensive sequence.",[],0,./2022/arXiv/2022_arXiv_Masked-Visual-Pre-training-for-Motor-Control/01_overview.md
pr-0510,Mip-NeRF 360: Unbounded Anti-Aliased Neural Radiance Fields,2022,CVPR,conference,peer_reviewed,Neural Scene Representations,Robotics-enabling 3D perception,REFERENCE,,method,"{""learning"":[],""interaction"":[],""modality"":[""point_cloud"",""rgb""],""control_level"":[],""setting"":[],""embodiment"":[]}",FULL_TEXT_CHECKED,N/A,recorded,identified,paper_specific,https://arxiv.org/abs/2111.12077,project_only,not_recorded,code:ede7fed39f13;metric:map,"Mip-NeRF 360: Unbounded Anti-Aliased Neural Radiance Fields is retained as REFERENCE because it provides an algorithmic or policy mechanism around NeRF, 3D Vision, representation for targeted comparison in Robotics-enabling 3D perception; it is not required for the current intensive reading spine.","Important on-demand reference, but not required in the current intensive sequence.",[],0,./2022/CVPR/2022_CVPR_Mip-NeRF-360-Unbounded-Anti-Aliased-Neural-Radiance-Fields/01_overview.md
pr-0513,MonoScene: Monocular 3D Semantic Scene Completion,2022,CVPR,conference,peer_reviewed,Autonomous 3D Perception and Sensor Fusion,Robotics-enabling 3D perception,REFERENCE,,method,"{""learning"":[],""interaction"":[],""modality"":[""rgb""],""control_level"":[""state_estimation""],""setting"":[],""embodiment"":[]}",FULL_TEXT_CHECKED,N/A,recorded,identified,paper_specific,https://arxiv.org/abs/2112.00726,released,not_recorded,code:6d771419f842;metric:iou;metric:map;metric:miou,"MonoScene: Monocular 3D Semantic Scene Completion is retained as REFERENCE because it provides an algorithmic or policy mechanism around 3D Vision, semantic, occupancy for targeted comparison in Robotics-enabling 3D perception; it is not required for the current intensive reading spine.","Important on-demand reference, but not required in the current intensive sequence.",[],0,./2022/CVPR/2022_CVPR_MonoScene-Monocular-3D-Semantic-Scene-Completion/01_overview.md
pr-0624,Offline Reinforcement Learning with Implicit Q-Learning,2022,ICLR,conference,peer_reviewed,Robot Learning and Data,"RL, IL, offline learning, and robot data",CORE,,method,"{""learning"":[""offline_rl"",""reinforcement_learning""],""interaction"":[""contact_rich""],""modality"":[""force_torque""],""control_level"":[""feedback_control"",""policy""],""setting"":[],""embodiment"":[]}",FULL_TEXT_CHECKED,UNREAD,recorded,identified,paper_specific,https://openreview.net/forum?id=68n2s9ZJWF8,released,not_recorded,code:f1d8ea795c0f,"Offline Reinforcement Learning with Implicit Q-Learning is a CORE prerequisite because it establishes an algorithmic or policy mechanism around Robotics, offline reinforcement learning, implicit Q-learning, providing a reference point for RL, IL, offline learning, and robot data comparisons in the observation-to-action loop.","Common foundation and prerequisite for the RL, IL, offline learning, and robot data spine.",[],0,./2022/ICLR/2022_ICLR_Offline-Reinforcement-Learning-with-Implicit-Q-Learning/01_overview.md
pr-0544,OpenSeg: Scaling Open-Vocabulary Image Segmentation with Image-Level Labels,2022,ECCV,conference,peer_reviewed,Embodied Navigation and Mapping,Robotics-enabling 3D perception,ARCHIVE,,method,"{""learning"":[],""interaction"":[""navigation""],""modality"":[""language"",""rgb""],""control_level"":[""state_estimation""],""setting"":[],""embodiment"":[""mobile""]}",FULL_TEXT_CHECKED,N/A,recorded,identified,paper_specific,https://arxiv.org/abs/2112.12143,released,not_recorded,code:a970aac0061a;metric:map,"OpenSeg: Scaling Open-Vocabulary Image Segmentation with Image-Level Labels is retained as ARCHIVE because its an algorithmic or policy mechanism around Vision-Language Model, semantic, open-vocabulary preserves historical or adjacent context for Robotics-enabling 3D perception; it is outside the current robotics-first intensive scope.",Historical or adjacent material retained for search; outside the current intensive scope.,[],0,./2022/ECCV/2022_ECCV_OpenSeg-Scaling-Open-Vocabulary-Image-Segmentation-with-Im/01_overview.md
pr-0302,PETR: Position Embedding Transformation for Multi-View 3D Object Detection,2022,ECCV,conference,peer_reviewed,Autonomous 3D Perception and Sensor Fusion,Robotics-enabling 3D perception,ARCHIVE,,method,"{""learning"":[],""interaction"":[],""modality"":[""rgb""],""control_level"":[""state_estimation""],""setting"":[],""embodiment"":[]}",FULL_TEXT_CHECKED,N/A,recorded,identified,paper_specific,https://arxiv.org/abs/2203.05625,not_identified,not_recorded,benchmark:nuscenes;metric:map,PETR: Position Embedding Transformation for Multi-View 3D Object Detection is retained as ARCHIVE because its an algorithmic or policy mechanism around 3D Vision preserves historical or adjacent context for Robotics-enabling 3D perception; it is outside the current robotics-first intensive scope.,Historical or adjacent material retained for search; outside the current intensive scope.,[],0,./2022/ECCV/2022_ECCV_PETR-Position-Embedding-Transformation-for-Multi-View-3D-O/01_overview.md
pr-0299,Point-BERT: Pre-training 3D Point Cloud Transformers with Masked Point Modeling,2022,CVPR,conference,peer_reviewed,3D Representation Learning,Robotics-enabling 3D perception,REFERENCE,,method,"{""learning"":[],""interaction"":[],""modality"":[""point_cloud"",""rgb""],""control_level"":[],""setting"":[],""embodiment"":[]}",FULL_TEXT_CHECKED,N/A,recorded,identified,paper_specific,https://arxiv.org/abs/2111.14819,not_identified,not_recorded,metric:map,"Point-BERT: Pre-training 3D Point Cloud Transformers with Masked Point Modeling is retained as REFERENCE because it provides an algorithmic or policy mechanism around point cloud, 3D Vision for targeted comparison in Robotics-enabling 3D perception; it is not required for the current intensive reading spine.","Important on-demand reference, but not required in the current intensive sequence.",[],0,./2022/CVPR/2022_CVPR_Point-BERT-Pre-training-3D-Point-Cloud-Transformers-with-M/01_overview.md
pr-0300,Point-MAE: Masked Autoencoders for Point Cloud Self-supervised Learning,2022,ECCV,conference,peer_reviewed,3D Representation Learning,Robotics-enabling 3D perception,REFERENCE,,method,"{""learning"":[""self_supervised""],""interaction"":[],""modality"":[""point_cloud"",""rgb""],""control_level"":[],""setting"":[],""embodiment"":[]}",FULL_TEXT_CHECKED,N/A,recorded,identified,paper_specific,https://arxiv.org/abs/2203.06604,not_identified,not_recorded,metric:map,"Point-MAE: Masked Autoencoders for Point Cloud Self-supervised Learning is retained as REFERENCE because it provides an algorithmic or policy mechanism around point cloud, 3D Vision for targeted comparison in Robotics-enabling 3D perception; it is not required for the current intensive reading spine.","Important on-demand reference, but not required in the current intensive sequence.",[],0,./2022/ECCV/2022_ECCV_Point-MAE-Masked-Autoencoders-for-Point-Cloud-Self-supervi/01_overview.md
pr-0842,R3M: A Universal Visual Representation for Robot Manipulation,2022,CoRL,conference,peer_reviewed,Robot Learning and Data,"RL, IL, offline learning, and robot data",NEXT,,method,"{""learning"":[],""interaction"":[""grasping""],""modality"":[""video""],""control_level"":[""policy""],""setting"":[],""embodiment"":[""arm""]}",FULL_TEXT_CHECKED,UNREAD,recorded,source_only,paper_specific,https://proceedings.mlr.press/v205/nair23a.html,project_only,not_recorded,code:f6566595b0b5,egocentric video에서 학습한 reusable robot manipulation representation의 대표 baseline이다.,"Specialized or frontier extension selected after CORE for the RL, IL, offline learning, and robot data branch.",[],0,./2022/CoRL/2022_CoRL_R3M-A-Universal-Visual-Representation-for-Robot-Manipulati/01_overview.md
pr-0657,Rapid Locomotion via Reinforcement Learning,2022,RSS,conference,peer_reviewed,"Locomotion, Whole-Body, and Mobile Manipulation","Locomotion, whole-body, mobile manipulation, and humanoids",REFERENCE,,method,"{""learning"":[""reinforcement_learning""],""interaction"":[""contact_rich"",""grasping"",""locomotion"",""whole_body""],""modality"":[""force_torque""],""control_level"":[""whole_body""],""setting"":[],""embodiment"":[""arm"",""legged"",""mobile""]}",FULL_TEXT_CHECKED,N/A,recorded,identified,paper_specific,https://www.roboticsproceedings.org/rss18/p022.html,project_only,not_recorded,code:cdd43b2bf2ed,"Rapid Locomotion via Reinforcement Learning is retained as REFERENCE because it provides an algorithmic or policy mechanism around Robotics, quadruped locomotion, Reinforcement Learning for targeted comparison in Locomotion, whole-body, mobile manipulation, and humanoids; it is not required for the current intensive reading spine.","Important on-demand reference, but not required in the current intensive sequence.",[],0,./2022/RSS/2022_RSS_Rapid-Locomotion-via-Reinforcement-Learning/01_overview.md
pr-0021,RT-1: Robotics Transformer for Real-World Control at Scale,2022,arXiv,preprint,preprint,VLA and Generalist Robot Policies,VLA and generalist robot policies,CORE,,method,"{""learning"":[""imitation_learning"",""vla""],""interaction"":[],""modality"":[""language""],""control_level"":[""feedback_control"",""policy""],""setting"":[""real_robot""],""embodiment"":[]}",FULL_TEXT_CHECKED,UNREAD,recorded,identified,paper_specific,https://arxiv.org/abs/2212.06817,project_only,not_recorded,code:3dee041c223d;metric:success-rate,"RT-1: Robotics Transformer for Real-World Control at Scale is a CORE prerequisite because it establishes an algorithmic or policy mechanism around VLA, Robotics, Imitation Learning, providing a reference point for VLA and generalist robot policies comparisons in the observation-to-action loop.",Common foundation and prerequisite for the VLA and generalist robot policies spine.,[],1,./2022/arxiv/2022_arxiv_RT-1-Robotics-Transformer-for-Real-World-Control-at-Scale/01_overview.md
pr-0498,ScanQA: 3D Question Answering for Spatial Scene Understanding,2022,CVPR,conference,peer_reviewed,3D Vision-Language Understanding,Robotics-enabling 3D perception,ARCHIVE,,method,"{""learning"":[],""interaction"":[],""modality"":[""language"",""rgb""],""control_level"":[],""setting"":[],""embodiment"":[]}",FULL_TEXT_CHECKED,N/A,recorded,identified,paper_specific,https://arxiv.org/abs/2112.10482,released,not_recorded,code:e177b62fef3f;metric:map,"ScanQA: 3D Question Answering for Spatial Scene Understanding is retained as ARCHIVE because its an algorithmic or policy mechanism around 3D Vision, Vision-Language, grounding preserves historical or adjacent context for Robotics-enabling 3D perception; it is outside the current robotics-first intensive scope.",Historical or adjacent material retained for search; outside the current intensive scope.,[],0,./2022/CVPR/2022_CVPR_ScanQA-3D-Question-Answering-for-Spatial-Scene-Understandi/01_overview.md
pr-0850,"TACTO: A Fast, Flexible, and Open-source Simulator for High-Resolution Vision-based Tactile Sensors",2022,IEEE Robotics and Automation Letters,journal,peer_reviewed,Benchmarks and Datasets,"Manipulation, contact, tactile, and dexterity",REFERENCE,,benchmark_or_dataset,"{""learning"":[],""interaction"":[""contact_rich""],""modality"":[""rgb"",""tactile""],""control_level"":[],""setting"":[""simulation""],""embodiment"":[]}",FULL_TEXT_CHECKED,N/A,recorded,identified,paper_specific,https://doi.org/10.1109/LRA.2022.3146945,released,not_recorded,code:8f3f17e3c18e,GelSight/DIGIT류 vision-based tactile sensor를 빠르게 simulate해 tactile policy 학습과 sim-to-real 연구를 가능하게 하는 기반 도구다.,"Important on-demand reference, but not required in the current intensive sequence.",[],0,./2022/IEEE-Robotics-and-Automa/2022_IEEE-Robotics-and-Automa_TACTO-A-Fast-Flexible-and-Open-source-Simulator-for-High-R/01_overview.md
pr-0681,Temporal Difference Learning for Model Predictive Control,2022,ICLR,conference,peer_reviewed,"World Models, Safety, and Recovery","World models, safety, uncertainty, and recovery",REFERENCE,,method,"{""learning"":[""reinforcement_learning"",""world_model""],""interaction"":[""contact_rich""],""modality"":[""force_torque""],""control_level"":[""feedback_control"",""safety_or_recovery""],""setting"":[],""embodiment"":[]}",FULL_TEXT_CHECKED,N/A,recorded,identified,paper_specific,https://arxiv.org/abs/2203.04955,project_only,not_recorded,code:ae0501c303d9,"Temporal Difference Learning for Model Predictive Control is retained as REFERENCE because it provides an algorithmic or policy mechanism around Robotics, world model, model predictive control for targeted comparison in World models, safety, uncertainty, and recovery; it is not required for the current intensive reading spine.","Important on-demand reference, but not required in the current intensive sequence.",[],0,./2022/ICLR/2022_ICLR_Temporal-Difference-Learning-for-Model-Predictive-Control/01_overview.md
pr-0528,Training language models to follow instructions with human feedback,2022,NeurIPS,conference,peer_reviewed,Foundations: Vision and Language Models,,REFERENCE,,foundation,"{""learning"":[],""interaction"":[],""modality"":[""language"",""rgb""],""control_level"":[],""setting"":[],""embodiment"":[]}",FULL_TEXT_CHECKED,N/A,recorded,identified,paper_specific,https://arxiv.org/abs/2203.02155,not_released,not_recorded,,"Training language models to follow instructions with human feedback is retained as REFERENCE because it provides a reusable formulation or system primitive around LLM, instruction tuning, alignment for targeted comparison in Foundations: Vision and Language Models; it is not required for the current intensive reading spine.","Important on-demand reference, but not required in the current intensive sequence.",[],0,./2022/NeurIPS/2022_NeurIPS_Training-language-models-to-follow-instructions-with-human/01_overview.md
pr-0716,UMPNet: Universal Manipulation Policy Network for Articulated Objects,2022,RA-L,journal,peer_reviewed,Robotics-Enabling 3D Perception,"Manipulation, contact, tactile, and dexterity",NEXT,,method,"{""learning"":[],""interaction"":[""grasping""],""modality"":[""rgb""],""control_level"":[""policy"",""state_estimation""],""setting"":[],""embodiment"":[""arm""]}",FULL_TEXT_CHECKED,UNREAD,recorded,identified,paper_specific,https://arxiv.org/abs/2109.05668,project_only,not_recorded,code:e3efdfc93ca0;metric:map,"UMPNet: Universal Manipulation Policy Network for Articulated Objects is a NEXT comparison paper because it extends an algorithmic or policy mechanism around Robotics, 3D Vision, active perception in Manipulation, contact, tactile, and dexterity, exposing a specialized frontier after the shared CORE spine.","Specialized or frontier extension selected after CORE for the Manipulation, contact, tactile, and dexterity branch.",[],0,./2022/RA-L/2022_RA-L_UMPNet-Universal-Manipulation-Policy-Network-for-Articulat/01_overview.md
pr-0658,Walk These Ways: Tuning Robot Control for Generalization with Multiplicity of Behavior,2022,CoRL,conference,peer_reviewed,"Locomotion, Whole-Body, and Mobile Manipulation","Locomotion, whole-body, mobile manipulation, and humanoids",NEXT,,method,"{""learning"":[""reinforcement_learning""],""interaction"":[""contact_rich"",""grasping"",""locomotion"",""whole_body""],""modality"":[""force_torque""],""control_level"":[""feedback_control"",""whole_body""],""setting"":[],""embodiment"":[""arm"",""legged"",""mobile""]}",FULL_TEXT_CHECKED,UNREAD,recorded,identified,paper_specific,https://proceedings.mlr.press/v205/margolis23a.html,project_only,not_recorded,code:7aabbce1f404,"Walk These Ways: Tuning Robot Control for Generalization with Multiplicity of Behavior is a NEXT comparison paper because it extends an algorithmic or policy mechanism around Robotics, quadruped locomotion, Reinforcement Learning in Locomotion, whole-body, mobile manipulation, and humanoids, exposing a specialized frontier after the shared CORE spine.","Specialized or frontier extension selected after CORE for the Locomotion, whole-body, mobile manipulation, and humanoids branch.",[],0,./2022/CoRL/2022_CoRL_Walk-These-Ways-Tuning-Robot-Control-for-Generalization-wi/01_overview.md
pr-0011,3D Gaussian Splatting for Real-Time Radiance Field Rendering,2023,SIGGRAPH,conference,peer_reviewed,Neural Scene Representations,Robotics-enabling 3D perception,CORE,,method,"{""learning"":[],""interaction"":[],""modality"":[""point_cloud""],""control_level"":[],""setting"":[""real_time""],""embodiment"":[]}",FULL_TEXT_CHECKED,UNREAD,recorded,identified,paper_specific,https://arxiv.org/abs/2308.04079,released,not_recorded,code:4ed13de83659;metric:map,"3D Gaussian Splatting for Real-Time Radiance Field Rendering is a CORE prerequisite because it establishes an algorithmic or policy mechanism around Gaussian Splatting, 3D reconstruction, representation, providing a reference point for Robotics-enabling 3D perception comparisons in the observation-to-action loop.",Common foundation and prerequisite for the Robotics-enabling 3D perception spine.,"[{""type"":""builds_on"",""paper_id"":""pr-0010"",""confidence"":""inferred""}]",0,./2023/SIGGRAPH/2023_SIGGRAPH_3D-Gaussian-Splatting-for-Real-Time-Radiance-Field-Renderi/01_overview.md
pr-0034,3D-LLM: Injecting the 3D World into Large Language Models,2023,NeurIPS,conference,peer_reviewed,3D Vision-Language Understanding,Robotics-enabling 3D perception,ARCHIVE,,method,"{""learning"":[],""interaction"":[],""modality"":[""language"",""rgb""],""control_level"":[],""setting"":[],""embodiment"":[]}",FULL_TEXT_CHECKED,N/A,recorded,identified,paper_specific,https://arxiv.org/abs/2307.12981,project_only,not_recorded,benchmark:scanqa;code:9528b203a284;metric:bleu;metric:cider;metric:map,"3D-LLM: Injecting the 3D World into Large Language Models is retained as ARCHIVE because its an algorithmic or policy mechanism around LLM, 3D Vision, Vision-Language preserves historical or adjacent context for Robotics-enabling 3D perception; it is outside the current robotics-first intensive scope.",Historical or adjacent material retained for search; outside the current intensive scope.,[],0,./2023/NeurIPS/2023_NeurIPS_3D-LLM-Injecting-the-3D-World-into-Large-Language-Models/01_overview.md
pr-0035,3D-VisTA: Pre-trained Transformer for 3D Vision and Text Alignment,2023,ICCV,conference,peer_reviewed,3D Vision-Language Understanding,Robotics-enabling 3D perception,ARCHIVE,,method,"{""learning"":[],""interaction"":[],""modality"":[""language"",""rgb""],""control_level"":[],""setting"":[],""embodiment"":[]}",FULL_TEXT_CHECKED,N/A,recorded,identified,paper_specific,https://arxiv.org/abs/2308.04352,project_only,not_recorded,code:bc1af2246081;metric:map,"3D-VisTA: Pre-trained Transformer for 3D Vision and Text Alignment is retained as ARCHIVE because its an algorithmic or policy mechanism around 3D Vision-Language, alignment, Transformer preserves historical or adjacent context for Robotics-enabling 3D perception; it is outside the current robotics-first intensive scope.",Historical or adjacent material retained for search; outside the current intensive scope.,[],0,./2023/ICCV/2023_ICCV_3D-VisTA-Pre-trained-Transformer-for-3D-Vision-and-Text-Al/01_overview.md
pr-0726,AnyTeleop: A General Vision-Based Dexterous Robot Arm-Hand Teleoperation System,2023,RSS,conference,peer_reviewed,Robot Learning and Data,"Manipulation, contact, tactile, and dexterity",REFERENCE,,system,"{""learning"":[],""interaction"":[""grasping""],""modality"":[""rgb""],""control_level"":[""policy""],""setting"":[],""embodiment"":[""arm"",""dexterous_hand""]}",FULL_TEXT_CHECKED,N/A,recorded,identified,paper_specific,https://www.roboticsproceedings.org/rss19/p015.html,project_only,not_recorded,code:0a6983462e00;metric:success-rate,"AnyTeleop: A General Vision-Based Dexterous Robot Arm-Hand Teleoperation System is retained as REFERENCE because it provides an integrated system or deployment interface around Robotics, teleoperation, cross-embodiment for targeted comparison in Manipulation, contact, tactile, and dexterity; it is not required for the current intensive reading spine.","Important on-demand reference, but not required in the current intensive sequence.",[],0,./2023/RSS/2023_RSS_AnyTeleop-A-General-Vision-Based-Dexterous-Robot-Arm-Hand/01_overview.md
pr-0042,Benchmarking Knowledge Transfer for Lifelong Robot Learning,2023,NeurIPS,conference,peer_reviewed,Benchmarks and Datasets,"RL, IL, offline learning, and robot data",NEXT,,benchmark_or_dataset,"{""learning"":[""imitation_learning""],""interaction"":[],""modality"":[],""control_level"":[""policy""],""setting"":[""long_horizon""],""embodiment"":[]}",FULL_TEXT_CHECKED,UNREAD,recorded,identified,paper_specific,https://arxiv.org/abs/2306.03310,project_only,not_recorded,benchmark:libero;code:667fe9598225;metric:auc;metric:success-rate,"Benchmarking Knowledge Transfer for Lifelong Robot Learning is a NEXT comparison paper because it extends a benchmark, dataset, or evaluation protocol around Robotics, Imitation Learning, Benchmark in RL, IL, offline learning, and robot data, exposing a specialized frontier after the shared CORE spine.","Specialized or frontier extension selected after CORE for the RL, IL, offline learning, and robot data branch.",[],0,./2023/NeurIPS/2023_NeurIPS_Benchmarking-Knowledge-Transfer-for-Lifelong-Robot-Learnin/01_overview.md
pr-0303,BEVDepth: Acquisition of Reliable Depth for Multi-view 3D Object Detection,2023,AAAI,conference,peer_reviewed,Autonomous 3D Perception and Sensor Fusion,Robotics-enabling 3D perception,ARCHIVE,,method,"{""learning"":[],""interaction"":[],""modality"":[""depth"",""rgb""],""control_level"":[""state_estimation""],""setting"":[],""embodiment"":[]}",FULL_TEXT_CHECKED,N/A,recorded,identified,paper_specific,https://arxiv.org/abs/2206.10092,not_identified,not_recorded,benchmark:nuscenes;metric:map,"BEVDepth: Acquisition of Reliable Depth for Multi-view 3D Object Detection is retained as ARCHIVE because its an algorithmic or policy mechanism around depth, 3D Vision preserves historical or adjacent context for Robotics-enabling 3D perception; it is outside the current robotics-first intensive scope.",Historical or adjacent material retained for search; outside the current intensive scope.,[],0,./2023/AAAI/2023_AAAI_BEVDepth-Acquisition-of-Reliable-Depth-for-Multi-view-3D-O/01_overview.md
pr-0044,BEVFusion: Multi-Task Multi-Sensor Fusion with Unified Bird's-Eye View Representation,2023,ICRA,conference,peer_reviewed,Autonomous 3D Perception and Sensor Fusion,Robotics-enabling 3D perception,REFERENCE,,method,"{""learning"":[],""interaction"":[],""modality"":[""lidar""],""control_level"":[""state_estimation""],""setting"":[],""embodiment"":[]}",FULL_TEXT_CHECKED,N/A,recorded,identified,paper_specific,https://arxiv.org/abs/2205.13542,released,not_recorded,benchmark:nuscenes;code:4aad1ad0374a;metric:map,"BEVFusion: Multi-Task Multi-Sensor Fusion with Unified Bird's-Eye View Representation is retained as REFERENCE because it provides an algorithmic or policy mechanism around sensor fusion, LiDAR, 3D perception for targeted comparison in Robotics-enabling 3D perception; it is not required for the current intensive reading spine.","Important on-demand reference, but not required in the current intensive sequence.",[],0,./2023/ICRA/2023_ICRA_BEVFusion-Multi-Task-Multi-Sensor-Fusion-with-Unified-Bird/01_overview.md
pr-0487,BLIP-2: Bootstrapping Language-Image Pre-training with Frozen Image Encoders and Large Language Models,2023,ICML,conference,peer_reviewed,Foundations: Vision and Language Models,,REFERENCE,,foundation,"{""learning"":[],""interaction"":[],""modality"":[""language"",""rgb""],""control_level"":[],""setting"":[],""embodiment"":[]}",FULL_TEXT_CHECKED,N/A,recorded,identified,paper_specific,https://arxiv.org/abs/2301.12597,released,not_recorded,code:ab7f3097d1d9,"BLIP-2: Bootstrapping Language-Image Pre-training with Frozen Image Encoders and Large Language Models is retained as REFERENCE because it provides a reusable formulation or system primitive around Vision-Language Model, LLM, alignment for targeted comparison in Foundations: Vision and Language Models; it is not required for the current intensive reading spine.","Important on-demand reference, but not required in the current intensive sequence.",[],0,./2023/ICML/2023_ICML_BLIP-2-Bootstrapping-Language-Image-Pre-training-with-Froz/01_overview.md
pr-0733,BridgeData V2: A Dataset for Robot Learning at Scale,2023,CoRL,conference,peer_reviewed,Robot Learning and Data,"Manipulation, contact, tactile, and dexterity",REFERENCE,,benchmark_or_dataset,"{""learning"":[""imitation_learning""],""interaction"":[""grasping""],""modality"":[],""control_level"":[""policy""],""setting"":[],""embodiment"":[""arm""]}",FULL_TEXT_CHECKED,N/A,recorded,identified,paper_specific,https://arxiv.org/abs/2308.12952,project_only,not_recorded,code:8575a9ee2a65;metric:success-rate,"BridgeData V2: A Dataset for Robot Learning at Scale is retained as REFERENCE because it provides a benchmark, dataset, or evaluation protocol around Robotics, Dataset, Imitation Learning for targeted comparison in Manipulation, contact, tactile, and dexterity; it is not required for the current intensive reading spine.","Important on-demand reference, but not required in the current intensive sequence.",[],0,./2023/CoRL/2023_CoRL_BridgeData-V2-A-Dataset-for-Robot-Learning-at-Scale/01_overview.md
pr-0029,CLIP-Fields: Weakly Supervised Semantic Fields for Robotic Memory,2023,RSS,conference,peer_reviewed,Embodied Navigation and Mapping,Robotics-enabling 3D perception,REFERENCE,,method,"{""learning"":[],""interaction"":[""navigation""],""modality"":[""point_cloud""],""control_level"":[""state_estimation""],""setting"":[],""embodiment"":[""mobile""]}",FULL_TEXT_CHECKED,N/A,recorded,identified,paper_specific,https://arxiv.org/abs/2210.05663,project_only,not_recorded,benchmark:hm3d;code:95bfcd6dcdb4;metric:map,"CLIP-Fields: Weakly Supervised Semantic Fields for Robotic Memory is retained as REFERENCE because it provides an algorithmic or policy mechanism around CLIP, Robotics, semantic for targeted comparison in Robotics-enabling 3D perception; it is not required for the current intensive reading spine.","Important on-demand reference, but not required in the current intensive sequence.",[],0,./2023/RSS/2023_RSS_CLIP-Fields-Weakly-Supervised-Semantic-Fields-for-Robotic/01_overview.md
pr-0039,Code as Policies: Language Model Programs for Embodied Control,2023,ICRA,conference,peer_reviewed,VLA and Generalist Robot Policies,VLA and generalist robot policies,REFERENCE,,method,"{""learning"":[""optimization_or_planning"",""vla""],""interaction"":[],""modality"":[""language""],""control_level"":[""feedback_control"",""policy""],""setting"":[],""embodiment"":[]}",FULL_TEXT_CHECKED,N/A,recorded,identified,paper_specific,https://arxiv.org/abs/2209.07753,project_only,not_recorded,code:52b85d989ac3;metric:success-rate,"Code as Policies: Language Model Programs for Embodied Control is retained as REFERENCE because it provides an algorithmic or policy mechanism around LLM, Planning, Robotics for targeted comparison in VLA and generalist robot policies; it is not required for the current intensive reading spine.","Important on-demand reference, but not required in the current intensive sequence.",[],0,./2023/ICRA/2023_ICRA_Code-as-Policies-Language-Model-Programs-for-Embodied-Cont/01_overview.md
pr-0030,ConceptFusion: Open-set Multimodal 3D Mapping,2023,RSS,conference,peer_reviewed,Embodied Navigation and Mapping,Robotics-enabling 3D perception,CORE,,method,"{""learning"":[],""interaction"":[""navigation""],""modality"":[],""control_level"":[""state_estimation""],""setting"":[],""embodiment"":[""mobile""]}",FULL_TEXT_CHECKED,UNREAD,recorded,identified,paper_specific,https://arxiv.org/abs/2302.07241,project_only,not_recorded,code:3e8dcf8a35ea;metric:map,"ConceptFusion: Open-set Multimodal 3D Mapping is a CORE prerequisite because it establishes an algorithmic or policy mechanism around sensor fusion, open-vocabulary, SLAM, providing a reference point for Robotics-enabling 3D perception comparisons in the observation-to-action loop.",Common foundation and prerequisite for the Robotics-enabling 3D perception spine.,[],0,./2023/RSS/2023_RSS_ConceptFusion-Open-set-Multimodal-3D-Mapping/01_overview.md
pr-0660,Demonstrating A Walk in the Park: Learning to Walk in 20 Minutes With Model-Free Reinforcement Learning,2023,RSS,conference,peer_reviewed,"Locomotion, Whole-Body, and Mobile Manipulation","Locomotion, whole-body, mobile manipulation, and humanoids",REFERENCE,,method,"{""learning"":[""reinforcement_learning""],""interaction"":[""contact_rich"",""grasping"",""locomotion"",""whole_body""],""modality"":[""force_torque""],""control_level"":[""whole_body""],""setting"":[""real_robot""],""embodiment"":[""arm"",""legged"",""mobile""]}",FULL_TEXT_CHECKED,N/A,recorded,identified,paper_specific,https://roboticsproceedings.org/rss19/p056.html,project_only,not_recorded,code:09fa4ea864ff,"Demonstrating A Walk in the Park: Learning to Walk in 20 Minutes With Model-Free Reinforcement Learning is retained as REFERENCE because it provides an algorithmic or policy mechanism around Robotics, quadruped locomotion, real-world reinforcement learning for targeted comparison in Locomotion, whole-body, mobile manipulation, and humanoids; it is not required for the current intensive reading spine.","Important on-demand reference, but not required in the current intensive sequence.",[],0,./2023/RSS/2023_RSS_Demonstrating-A-Walk-in-the-Park-Learning-to-Walk-in-20-Mi/01_overview.md
pr-0866,DeXtreme: Transfer of Agile In-hand Manipulation from Simulation to Reality,2023,ICRA,conference,peer_reviewed,"Manipulation, Contact, and Dexterity","Manipulation, contact, tactile, and dexterity",NEXT,,method,"{""learning"":[""reinforcement_learning""],""interaction"":[""contact_rich"",""grasping""],""modality"":[""force_torque""],""control_level"":[],""setting"":[""sim_to_real"",""simulation""],""embodiment"":[""arm"",""dexterous_hand""]}",FULL_TEXT_CHECKED,UNREAD,recorded,source_only,paper_specific,https://research.nvidia.com/publication/2023-06_dextreme-transfer-agile-hand-manipulation-simulation-reality,not_identified,not_recorded,,"GPU simulation, domain randomization과 real-time perception을 결합한 agile in-hand sim-to-real의 대표 NVIDIA paper다.","Specialized or frontier extension selected after CORE for the Manipulation, contact, tactile, and dexterity branch.",[],0,./2023/ICRA/2023_ICRA_DeXtreme-Transfer-of-Agile-In-hand-Manipulation-from-Simul/01_overview.md
pr-0019,Diffusion Policy: Visuomotor Policy Learning via Action Diffusion,2023,RSS,conference,peer_reviewed,Robotics Foundations: Robot Learning,"RL, IL, offline learning, and robot data",CORE,,foundation,"{""learning"":[""diffusion"",""imitation_learning""],""interaction"":[],""modality"":[],""control_level"":[""policy""],""setting"":[],""embodiment"":[]}",FULL_TEXT_CHECKED,UNREAD,recorded,identified,paper_specific,https://arxiv.org/abs/2303.04137,released,not_recorded,code:6c575906f856;metric:success-rate,"Diffusion Policy: Visuomotor Policy Learning via Action Diffusion is a CORE prerequisite because it establishes a reusable formulation or system primitive around Diffusion, Imitation Learning, Robotics, providing a reference point for RL, IL, offline learning, and robot data comparisons in the observation-to-action loop.","Common foundation and prerequisite for the RL, IL, offline learning, and robot data spine.","[{""type"":""builds_on"",""paper_id"":""pr-0008"",""confidence"":""verified""},{""type"":""baseline_for"",""paper_id"":""pr-0051"",""confidence"":""verified""},{""type"":""baseline_for"",""paper_id"":""pr-0577"",""confidence"":""verified""},{""type"":""baseline_for"",""paper_id"":""pr-0924"",""confidence"":""verified""},{""type"":""baseline_for"",""paper_id"":""pr-0751"",""confidence"":""verified""},{""type"":""baseline_for"",""paper_id"":""pr-0897"",""confidence"":""verified""}]",6,./2023/RSS/2023_RSS_Diffusion-Policy-Visuomotor-Policy-Learning-via-Action-Dif/01_overview.md
pr-0006,DINOv2: Learning Robust Visual Features without Supervision,2023,TMLR,journal,peer_reviewed,Foundations: Vision and Language Models,,REFERENCE,,foundation,"{""learning"":[""self_supervised""],""interaction"":[],""modality"":[""language"",""rgb""],""control_level"":[],""setting"":[],""embodiment"":[]}",FULL_TEXT_CHECKED,N/A,recorded,identified,paper_specific,https://arxiv.org/abs/2304.07193,released,not_recorded,code:aa771dcce5ff,"DINOv2: Learning Robust Visual Features without Supervision is retained as REFERENCE because it provides a reusable formulation or system primitive around self-supervised, representation for targeted comparison in Foundations: Vision and Language Models; it is not required for the current intensive reading spine.","Important on-demand reference, but not required in the current intensive sequence.",[],0,./2023/TMLR/2023_TMLR_DINOv2-Learning-Robust-Visual-Features-without-Supervision/01_overview.md
pr-0538,Distilled Feature Fields Enable Few-Shot Language-Guided Manipulation,2023,CoRL,conference,peer_reviewed,Language-Grounded 3D Scene Representations,"Manipulation, contact, tactile, and dexterity",NEXT,,method,"{""learning"":[],""interaction"":[""grasping""],""modality"":[""language"",""point_cloud"",""rgb""],""control_level"":[],""setting"":[],""embodiment"":[""arm""]}",FULL_TEXT_CHECKED,UNREAD,recorded,source_only,paper_specific,https://proceedings.mlr.press/v229/shen23a.html,project_only,not_recorded,code:31e6588f0e0c;metric:map,"Distilled Feature Fields Enable Few-Shot Language-Guided Manipulation is a NEXT comparison paper because it extends an algorithmic or policy mechanism around Robotics, NeRF, Vision-Language in Manipulation, contact, tactile, and dexterity, exposing a specialized frontier after the shared CORE spine.","Specialized or frontier extension selected after CORE for the Manipulation, contact, tactile, and dexterity branch.",[],0,./2023/CoRL/2023_CoRL_Distilled-Feature-Fields-Enable-Few-Shot-Language-Guided-M/01_overview.md
pr-0485,DreamFusion: Text-to-3D using 2D Diffusion,2023,ICLR,conference,peer_reviewed,3D Generative Modeling,Robotics-enabling 3D perception,REFERENCE,,method,"{""learning"":[""diffusion""],""interaction"":[],""modality"":[""rgb""],""control_level"":[],""setting"":[],""embodiment"":[]}",FULL_TEXT_CHECKED,N/A,recorded,identified,paper_specific,https://arxiv.org/abs/2209.14988,project_only,not_recorded,code:cd59f2c6d4a8,"DreamFusion: Text-to-3D using 2D Diffusion is retained as REFERENCE because it provides an algorithmic or policy mechanism around 3D Vision, Diffusion, Generation for targeted comparison in Robotics-enabling 3D perception; it is not required for the current intensive reading spine.","Important on-demand reference, but not required in the current intensive sequence.",[],0,./2023/ICLR/2023_ICLR_DreamFusion-Text-to-3D-using-2D-Diffusion/01_overview.md
pr-0659,DreamWaQ: Learning Robust Quadrupedal Locomotion with Implicit Terrain Imagination via Deep Reinforcement Learning,2023,ICRA,conference,peer_reviewed,"Locomotion, Whole-Body, and Mobile Manipulation","Locomotion, whole-body, mobile manipulation, and humanoids",REFERENCE,,method,"{""learning"":[""reinforcement_learning""],""interaction"":[""contact_rich"",""grasping"",""locomotion"",""whole_body""],""modality"":[""force_torque""],""control_level"":[""whole_body""],""setting"":[],""embodiment"":[""arm"",""legged"",""mobile""]}",FULL_TEXT_CHECKED,N/A,recorded,identified,paper_specific,https://arxiv.org/abs/2301.10602,released,not_recorded,code:109fd7cf8d3e,"DreamWaQ: Learning Robust Quadrupedal Locomotion with Implicit Terrain Imagination via Deep Reinforcement Learning is retained as REFERENCE because it provides an algorithmic or policy mechanism around Robotics, quadruped locomotion, Reinforcement Learning for targeted comparison in Locomotion, whole-body, mobile manipulation, and humanoids; it is not required for the current intensive reading spine.","Important on-demand reference, but not required in the current intensive sequence.",[],0,./2023/ICRA/2023_ICRA_DreamWaQ-Learning-Robust-Quadrupedal-Locomotion-with-Impli/01_overview.md
pr-0925,Efficient Online Reinforcement Learning with Offline Data,2023,ICML,conference,peer_reviewed,Robot Learning and Data,"RL, IL, offline learning, and robot data",NEXT,,method,"{""learning"":[""offline_rl"",""reinforcement_learning""],""interaction"":[""contact_rich""],""modality"":[""force_torque""],""control_level"":[""policy""],""setting"":[],""embodiment"":[]}",FULL_TEXT_CHECKED,UNREAD,recorded,identified,paper_specific,https://proceedings.mlr.press/v202/ball23a.html,released,not_recorded,code:e352e67bd768,"오프라인 trajectory를 온라인 interaction과 결합하는 실용적 RL baseline으로, robot data를 수집한 뒤 online improvement를 설계할 때 필요한 reference다.","Specialized or frontier extension selected after CORE for the RL, IL, offline learning, and robot data branch.",[],0,./2023/ICML/2023_ICML_Efficient-Online-Reinforcement-Learning-with-Offline-Data/01_overview.md
pr-0745,Flow Matching for Generative Modeling,2023,ICLR,conference,peer_reviewed,Foundations: Generative Models,"RL, IL, offline learning, and robot data",CORE,,foundation,"{""learning"":[""flow_matching""],""interaction"":[],""modality"":[],""control_level"":[],""setting"":[],""embodiment"":[]}",FULL_TEXT_CHECKED,UNREAD,recorded,identified,paper_specific,https://iclr.cc/virtual/2023/poster/11309,project_only,not_recorded,code:862114a53c6e,"Flow Matching for Generative Modeling is a CORE prerequisite because it establishes a reusable formulation or system primitive around Flow Matching, generative modeling, continuous normalizing flow, providing a reference point for RL, IL, offline learning, and robot data comparisons in the observation-to-action loop.","Common foundation and prerequisite for the RL, IL, offline learning, and robot data spine.",[],3,./2023/ICLR/2023_ICLR_Flow-Matching-for-Generative-Modeling/01_overview.md
pr-0735,FurnitureBench: Reproducible Real-World Benchmark for Long-Horizon Complex Manipulation,2023,RSS,conference,peer_reviewed,Robot Learning and Data,"Manipulation, contact, tactile, and dexterity",NEXT,,benchmark_or_dataset,"{""learning"":[],""interaction"":[""assembly"",""grasping""],""modality"":[],""control_level"":[""policy""],""setting"":[""long_horizon"",""real_robot""],""embodiment"":[""arm""]}",FULL_TEXT_CHECKED,UNREAD,recorded,identified,paper_specific,https://arxiv.org/abs/2305.12821,project_only,not_recorded,code:8d18c20ad4ae,"FurnitureBench: Reproducible Real-World Benchmark for Long-Horizon Complex Manipulation is a NEXT comparison paper because it extends a benchmark, dataset, or evaluation protocol around Robotics, Benchmark, assembly in Manipulation, contact, tactile, and dexterity, exposing a specialized frontier after the shared CORE spine.","Specialized or frontier extension selected after CORE for the Manipulation, contact, tactile, and dexterity branch.",[],0,./2023/RSS/2023_RSS_FurnitureBench-Reproducible-Real-World-Benchmark-for-Long/01_overview.md
pr-0647,Global Planning for Contact-Rich Manipulation via Local Smoothing of Quasi-Dynamic Contact Models,2023,T-RO,journal,peer_reviewed,"Manipulation, Contact, and Dexterity","Manipulation, contact, tactile, and dexterity",CORE,,method,"{""learning"":[""optimization_or_planning""],""interaction"":[""contact_rich"",""grasping""],""modality"":[],""control_level"":[],""setting"":[],""embodiment"":[""arm""]}",FULL_TEXT_CHECKED,UNREAD,recorded,identified,paper_specific,https://arxiv.org/abs/2206.10787,released,not_recorded,code:5438a16757fc,"Global Planning for Contact-Rich Manipulation via Local Smoothing of Quasi-Dynamic Contact Models is a CORE prerequisite because it establishes an algorithmic or policy mechanism around Robotics, contact-rich manipulation, Planning, providing a reference point for Manipulation, contact, tactile, and dexterity comparisons in the observation-to-action loop.","Common foundation and prerequisite for the Manipulation, contact, tactile, and dexterity spine.",[],0,./2023/T-RO/2023_T-RO_Global-Planning-for-Contact-Rich-Manipulation-via-Local-Sm/01_overview.md
pr-0737,IndustReal: Transferring Contact-Rich Assembly Tasks from Simulation to Reality,2023,RSS,conference,peer_reviewed,"Manipulation, Contact, and Dexterity","Manipulation, contact, tactile, and dexterity",NEXT,,method,"{""learning"":[""reinforcement_learning""],""interaction"":[""assembly"",""contact_rich"",""grasping""],""modality"":[""force_torque""],""control_level"":[],""setting"":[""sim_to_real"",""simulation""],""embodiment"":[""arm""]}",FULL_TEXT_CHECKED,UNREAD,recorded,identified,paper_specific,https://arxiv.org/abs/2305.17110,project_only,not_recorded,code:383b7e188583,"IndustReal: Transferring Contact-Rich Assembly Tasks from Simulation to Reality is a NEXT comparison paper because it extends an algorithmic or policy mechanism around Robotics, assembly, contact-rich manipulation in Manipulation, contact, tactile, and dexterity, exposing a specialized frontier after the shared CORE spine.","Specialized or frontier extension selected after CORE for the Manipulation, contact, tactile, and dexterity branch.",[],0,./2023/RSS/2023_RSS_IndustReal-Transferring-Contact-Rich-Assembly-Tasks-from-S/01_overview.md
pr-0566,Learning Fine-Grained Bimanual Manipulation with Low-Cost Hardware,2023,RSS,conference,peer_reviewed,Robotics Foundations: Robot Learning,"Manipulation, contact, tactile, and dexterity",NEXT,,foundation,"{""learning"":[""imitation_learning""],""interaction"":[""grasping""],""modality"":[],""control_level"":[""policy""],""setting"":[""real_robot""],""embodiment"":[""arm"",""bimanual""]}",FULL_TEXT_CHECKED,UNREAD,recorded,identified,paper_specific,https://arxiv.org/abs/2304.13705,project_only,not_recorded,code:aefa798498bf,"Learning Fine-Grained Bimanual Manipulation with Low-Cost Hardware is a NEXT comparison paper because it extends a reusable formulation or system primitive around Robotics, bimanual manipulation, Imitation Learning in Manipulation, contact, tactile, and dexterity, exposing a specialized frontier after the shared CORE spine.","Specialized or frontier extension selected after CORE for the Manipulation, contact, tactile, and dexterity branch.",[],0,./2023/RSS/2023_RSS_Learning-Fine-Grained-Bimanual-Manipulation-with-Low-Cost/01_overview.md
pr-0031,LERF: Language Embedded Radiance Fields,2023,ICCV,conference,peer_reviewed,Language-Grounded 3D Scene Representations,Robotics-enabling 3D perception,REFERENCE,,method,"{""learning"":[],""interaction"":[],""modality"":[""language"",""point_cloud"",""rgb""],""control_level"":[],""setting"":[],""embodiment"":[]}",FULL_TEXT_CHECKED,N/A,recorded,identified,paper_specific,https://arxiv.org/abs/2303.09553,project_only,not_recorded,code:adc16a96f325;metric:map,"LERF: Language Embedded Radiance Fields is retained as REFERENCE because it provides an algorithmic or policy mechanism around NeRF, Vision-Language, grounding for targeted comparison in Robotics-enabling 3D perception; it is not required for the current intensive reading spine.","Important on-demand reference, but not required in the current intensive sequence.",[],0,./2023/ICCV/2023_ICCV_LERF-Language-Embedded-Radiance-Fields/01_overview.md
pr-0722,LLM+P: Empowering Large Language Models with Optimal Planning Proficiency,2023,arXiv,preprint,preprint,Planning and Long-Horizon Reasoning,Planning and control,REFERENCE,,method,"{""learning"":[""optimization_or_planning""],""interaction"":[],""modality"":[""language""],""control_level"":[],""setting"":[""long_horizon""],""embodiment"":[]}",FULL_TEXT_CHECKED,N/A,recorded,identified,paper_specific,https://arxiv.org/abs/2304.11477,released,not_recorded,code:61f4debcc5f0;metric:map,"LLM+P: Empowering Large Language Models with Optimal Planning Proficiency is retained as ARCHIVE because its an algorithmic or policy mechanism around Robotics, LLM planning, classical planning preserves historical or adjacent context for Planning and control; it is outside the current robotics-first intensive scope.",Historical or adjacent material retained for search; outside the current intensive scope.,[],0,./2023/arXiv/2023_arXiv_LLM+P-Empowering-Large-Language-Models-with-Optimal-Planni/01_overview.md
pr-0637,MimicGen: A Data Generation System for Scalable Robot Learning using Human Demonstrations,2023,CoRL,conference,peer_reviewed,Robot Learning and Data,"RL, IL, offline learning, and robot data",NEXT,,system,"{""learning"":[""imitation_learning""],""interaction"":[""grasping""],""modality"":[],""control_level"":[""policy""],""setting"":[],""embodiment"":[""arm""]}",FULL_TEXT_CHECKED,UNREAD,recorded,identified,paper_specific,https://proceedings.mlr.press/v229/mandlekar23a.html,project_only,not_recorded,code:5095b4acb959;metric:success-rate,"MimicGen: A Data Generation System for Scalable Robot Learning using Human Demonstrations is a NEXT comparison paper because it extends an integrated robotics system and deployment interface around Robotics, Imitation Learning, data generation in RL, IL, offline learning, and robot data, exposing a specialized frontier after the shared CORE spine.","Specialized or frontier extension selected after CORE for the RL, IL, offline learning, and robot data branch.",[],0,./2023/CoRL/2023_CoRL_MimicGen-A-Data-Generation-System-for-Scalable-Robot-Learn/01_overview.md
pr-0727,MimicPlay: Long-Horizon Imitation Learning by Watching Human Play,2023,CoRL,conference,peer_reviewed,Robot Learning and Data,"RL, IL, offline learning, and robot data",NEXT,,method,"{""learning"":[""imitation_learning""],""interaction"":[""grasping""],""modality"":[""video""],""control_level"":[""policy""],""setting"":[""long_horizon""],""embodiment"":[""arm""]}",FULL_TEXT_CHECKED,UNREAD,recorded,identified,paper_specific,https://arxiv.org/abs/2302.12422,project_only,not_recorded,code:b40231a171d3;metric:success-rate,"MimicPlay: Long-Horizon Imitation Learning by Watching Human Play is a NEXT comparison paper because it extends an algorithmic or policy mechanism around Robotics, Imitation Learning, human video in RL, IL, offline learning, and robot data, exposing a specialized frontier after the shared CORE spine.","Specialized or frontier extension selected after CORE for the RL, IL, offline learning, and robot data branch.",[],0,./2023/CoRL/2023_CoRL_MimicPlay-Long-Horizon-Imitation-Learning-by-Watching-Huma/01_overview.md
pr-0547,Occ3D: A Large-Scale 3D Occupancy Prediction Benchmark for Autonomous Driving,2023,NeurIPS,conference,peer_reviewed,Autonomous 3D Perception and Sensor Fusion,Robotics-enabling 3D perception,REFERENCE,,benchmark_or_dataset,"{""learning"":[],""interaction"":[],""modality"":[""rgb""],""control_level"":[""state_estimation""],""setting"":[],""embodiment"":[]}",FULL_TEXT_CHECKED,N/A,recorded,identified,paper_specific,https://arxiv.org/abs/2304.14365,project_only,not_recorded,benchmark:nuscenes;benchmark:waymo;code:b761e5635ed8,"Occ3D: A Large-Scale 3D Occupancy Prediction Benchmark for Autonomous Driving is retained as REFERENCE because it provides a benchmark, dataset, or evaluation protocol around 3D Vision, occupancy, sensor fusion for targeted comparison in Robotics-enabling 3D perception; it is not required for the current intensive reading spine.","Important on-demand reference, but not required in the current intensive sequence.",[],0,./2023/NeurIPS/2023_NeurIPS_Occ3D-A-Large-Scale-3D-Occupancy-Prediction-Benchmark-for/01_overview.md
pr-0514,OccFormer: Dual-path Transformer for Vision-based 3D Semantic Occupancy Prediction,2023,ICCV,conference,peer_reviewed,Autonomous 3D Perception and Sensor Fusion,Robotics-enabling 3D perception,REFERENCE,,method,"{""learning"":[],""interaction"":[],""modality"":[""rgb""],""control_level"":[""state_estimation""],""setting"":[],""embodiment"":[]}",FULL_TEXT_CHECKED,N/A,recorded,identified,paper_specific,https://arxiv.org/abs/2304.05316,released,not_recorded,benchmark:nuscenes;benchmark:semantickitti;code:86643572de24;metric:map,"OccFormer: Dual-path Transformer for Vision-based 3D Semantic Occupancy Prediction is retained as REFERENCE because it provides an algorithmic or policy mechanism around 3D Vision, semantic, occupancy for targeted comparison in Robotics-enabling 3D perception; it is not required for the current intensive reading spine.","Important on-demand reference, but not required in the current intensive sequence.",[],0,./2023/ICCV/2023_ICCV_OccFormer-Dual-path-Transformer-for-Vision-based-3D-Semant/01_overview.md
pr-0669,On Bringing Robots Home,2023,arXiv,preprint,preprint,"Locomotion, Whole-Body, and Mobile Manipulation","Locomotion, whole-body, mobile manipulation, and humanoids",REFERENCE,,method,"{""learning"":[],""interaction"":[""grasping"",""locomotion"",""whole_body""],""modality"":[],""control_level"":[""whole_body""],""setting"":[],""embodiment"":[""arm"",""mobile""]}",FULL_TEXT_CHECKED,N/A,recorded,identified,paper_specific,https://arxiv.org/abs/2311.16098,project_only,not_recorded,code:e3a83b5de002;metric:success-rate,"On Bringing Robots Home is retained as REFERENCE because it provides an algorithmic or policy mechanism around Robotics, mobile manipulation, home robotics for targeted comparison in Locomotion, whole-body, mobile manipulation, and humanoids; it is not required for the current intensive reading spine.","Important on-demand reference, but not required in the current intensive sequence.",[],0,./2023/arXiv/2023_arXiv_On-Bringing-Robots-Home/01_overview.md
pr-0033,OpenMask3D: Open-Vocabulary 3D Instance Segmentation,2023,NeurIPS,conference,peer_reviewed,Embodied Navigation and Mapping,Robotics-enabling 3D perception,ARCHIVE,,method,"{""learning"":[],""interaction"":[""navigation""],""modality"":[],""control_level"":[""state_estimation""],""setting"":[],""embodiment"":[""mobile""]}",FULL_TEXT_CHECKED,N/A,recorded,identified,paper_specific,https://arxiv.org/abs/2306.13631,project_only,not_recorded,benchmark:scannet200;code:1edb264056d1;metric:map,"OpenMask3D: Open-Vocabulary 3D Instance Segmentation is retained as ARCHIVE because its an algorithmic or policy mechanism around open-vocabulary, 3D segmentation, CLIP preserves historical or adjacent context for Robotics-enabling 3D perception; it is outside the current robotics-first intensive scope.",Historical or adjacent material retained for search; outside the current intensive scope.,[],0,./2023/NeurIPS/2023_NeurIPS_OpenMask3D-Open-Vocabulary-3D-Instance-Segmentation/01_overview.md
pr-0032,OpenScene: 3D Scene Understanding with Open Vocabularies,2023,CVPR,conference,peer_reviewed,Embodied Navigation and Mapping,Robotics-enabling 3D perception,ARCHIVE,,method,"{""learning"":[],""interaction"":[""navigation""],""modality"":[],""control_level"":[""state_estimation""],""setting"":[],""embodiment"":[""mobile""]}",FULL_TEXT_CHECKED,N/A,recorded,identified,paper_specific,https://arxiv.org/abs/2211.15654,project_only,not_recorded,code:8bb040ca62ad;metric:map,"OpenScene: 3D Scene Understanding with Open Vocabularies is retained as ARCHIVE because its an algorithmic or policy mechanism around open-vocabulary, 3D semantic, CLIP preserves historical or adjacent context for Robotics-enabling 3D perception; it is outside the current robotics-first intensive scope.",Historical or adjacent material retained for search; outside the current intensive scope.,[],0,./2023/CVPR/2023_CVPR_OpenScene-3D-Scene-Understanding-with-Open-Vocabularies/01_overview.md
pr-0862,Orbit: A Unified Simulation Framework for Interactive Robot Learning Environments,2023,IEEE Robotics and Automation Letters,journal,peer_reviewed,Benchmarks and Datasets,"RL, IL, offline learning, and robot data",REFERENCE,,benchmark_or_dataset,"{""learning"":[],""interaction"":[],""modality"":[],""control_level"":[""policy""],""setting"":[""simulation""],""embodiment"":[]}",FULL_TEXT_CHECKED,N/A,recorded,identified,paper_specific,https://doi.org/10.1109/LRA.2023.3270034,project_only,not_recorded,code:13bb93d8008c,Isaac Sim 위에서 locomotion·manipulation 학습 환경을 modular하게 구성한 framework로 Isaac Lab의 직접 전신이다.,"Important on-demand reference, but not required in the current intensive sequence.",[],0,./2023/IEEE-Robotics-and-Automa/2023_IEEE-Robotics-and-Automa_Orbit-A-Unified-Simulation-Framework-for-Interactive-Robot/01_overview.md
pr-0023,PaLM-E: An Embodied Multimodal Language Model,2023,ICML,conference,peer_reviewed,VLA and Generalist Robot Policies,VLA and generalist robot policies,CORE,,method,"{""learning"":[""vla""],""interaction"":[],""modality"":[""language"",""rgb""],""control_level"":[""policy""],""setting"":[],""embodiment"":[]}",FULL_TEXT_CHECKED,UNREAD,recorded,identified,paper_specific,https://arxiv.org/abs/2303.03378,project_only,not_recorded,code:a07957b7a581;metric:success-rate,"PaLM-E: An Embodied Multimodal Language Model is a CORE prerequisite because it establishes an algorithmic or policy mechanism around LLM, Vision-Language, Robotics, providing a reference point for VLA and generalist robot policies comparisons in the observation-to-action loop.",Common foundation and prerequisite for the VLA and generalist robot policies spine.,[],0,./2023/ICML/2023_ICML_PaLM-E-An-Embodied-Multimodal-Language-Model/01_overview.md
pr-0036,Perceiver-Actor: A Multi-Task Transformer for Robotic Manipulation,2023,CoRL,conference,peer_reviewed,VLA and Generalist Robot Policies,VLA and generalist robot policies,NEXT,,method,"{""learning"":[""imitation_learning"",""vla""],""interaction"":[""grasping""],""modality"":[""language""],""control_level"":[""policy""],""setting"":[],""embodiment"":[""arm""]}",FULL_TEXT_CHECKED,UNREAD,recorded,identified,paper_specific,https://arxiv.org/abs/2209.05451,project_only,not_recorded,code:d5dc4dc941e3;metric:success-rate,"Perceiver-Actor: A Multi-Task Transformer for Robotic Manipulation is a NEXT comparison paper because it extends an algorithmic or policy mechanism around Robotics, Imitation Learning, 3D manipulation in VLA and generalist robot policies, exposing a specialized frontier after the shared CORE spine.",Specialized or frontier extension selected after CORE for the VLA and generalist robot policies branch.,[],0,./2023/CoRL/2023_CoRL_Perceiver-Actor-A-Multi-Task-Transformer-for-Robotic-Manip/01_overview.md
pr-0852,Perpetual Humanoid Control for Real-time Simulated Avatars,2023,ICCV,conference,peer_reviewed,"Locomotion, Whole-Body, and Mobile Manipulation","Locomotion, whole-body, mobile manipulation, and humanoids",NEXT,,method,"{""learning"":[],""interaction"":[""grasping"",""locomotion"",""whole_body""],""modality"":[],""control_level"":[""feedback_control"",""whole_body""],""setting"":[""real_time""],""embodiment"":[""arm"",""humanoid"",""mobile""]}",FULL_TEXT_CHECKED,UNREAD,recorded,source_only,paper_specific,https://openaccess.thecvf.com/content/ICCV2023/html/Luo_Perpetual_Humanoid_Control_for_Real-time_Simulated_Avatars_ICCV_2023_paper.html,project_only,not_recorded,code:8b1630fca385;metric:success-rate,대규모 motion을 real-time으로 추종하고 실패에서 회복하는 simulated humanoid controller의 주요 lineage paper다.,"Specialized or frontier extension selected after CORE for the Locomotion, whole-body, mobile manipulation, and humanoids branch.",[],0,./2023/ICCV/2023_ICCV_Perpetual-Humanoid-Control-for-Real-time-Simulated-Avatars/01_overview.md
pr-0045,Planning-oriented Autonomous Driving,2023,CVPR,conference,peer_reviewed,Autonomous 3D Perception and Sensor Fusion,Planning and control,REFERENCE,,method,"{""learning"":[""optimization_or_planning""],""interaction"":[],""modality"":[],""control_level"":[""state_estimation""],""setting"":[],""embodiment"":[]}",FULL_TEXT_CHECKED,N/A,recorded,identified,paper_specific,https://arxiv.org/abs/2212.10156,released,not_recorded,benchmark:nuscenes;code:1201ff7fa887;metric:map,"Planning-oriented Autonomous Driving is retained as REFERENCE because it provides an algorithmic or policy mechanism around Planning, sensor fusion, 3D perception for targeted comparison in Planning and control; it is not required for the current intensive reading spine.","Important on-demand reference, but not required in the current intensive sequence.",[],0,./2023/CVPR/2023_CVPR_Planning-oriented-Autonomous-Driving/01_overview.md
pr-0719,ProgPrompt: Generating Situated Robot Task Plans using Large Language Models,2023,ICRA,conference,peer_reviewed,Planning and Long-Horizon Reasoning,Planning and control,REFERENCE,,method,"{""learning"":[""optimization_or_planning""],""interaction"":[],""modality"":[""language""],""control_level"":[],""setting"":[""long_horizon""],""embodiment"":[]}",FULL_TEXT_CHECKED,N/A,recorded,identified,paper_specific,https://ieeexplore.ieee.org/document/10161317,project_only,not_recorded,code:0e6b1408e30a;metric:map,"ProgPrompt: Generating Situated Robot Task Plans using Large Language Models is retained as REFERENCE because it provides an algorithmic or policy mechanism around Robotics, LLM planning, program synthesis for targeted comparison in Planning and control; it is not required for the current intensive reading spine.","Important on-demand reference, but not required in the current intensive sequence.",[],0,./2023/ICRA/2023_ICRA_ProgPrompt-Generating-Situated-Robot-Task-Plans-using-Larg/01_overview.md
pr-0723,RoboCat: A Self-Improving Generalist Agent for Robotic Manipulation,2023,arXiv,preprint,preprint,Robot Learning and Data,VLA and generalist robot policies,REFERENCE,,method,"{""learning"":[],""interaction"":[""grasping""],""modality"":[],""control_level"":[""policy""],""setting"":[],""embodiment"":[""arm""]}",FULL_TEXT_CHECKED,N/A,recorded,identified,paper_specific,https://arxiv.org/abs/2306.11706,project_only,not_recorded,code:a566b7e9ee69;metric:success-rate,"RoboCat: A Self-Improving Generalist Agent for Robotic Manipulation is retained as REFERENCE because it provides an algorithmic or policy mechanism around Robotics, generalist policy, cross-embodiment for targeted comparison in VLA and generalist robot policies; it is not required for the current intensive reading spine.","Important on-demand reference, but not required in the current intensive sequence.",[],0,./2023/arXiv/2023_arXiv_RoboCat-A-Self-Improving-Generalist-Agent-for-Robotic-Mani/01_overview.md
pr-0706,Robots That Ask For Help: Uncertainty Alignment for Large Language Model Planners,2023,CoRL,conference,peer_reviewed,"World Models, Safety, and Recovery","World models, safety, uncertainty, and recovery",REFERENCE,,method,"{""learning"":[""optimization_or_planning"",""world_model""],""interaction"":[],""modality"":[""language""],""control_level"":[""safety_or_recovery""],""setting"":[],""embodiment"":[]}",FULL_TEXT_CHECKED,N/A,recorded,identified,paper_specific,https://arxiv.org/abs/2307.01928,project_only,not_recorded,code:e19f3fad0136;metric:success-rate,"Robots That Ask For Help: Uncertainty Alignment for Large Language Model Planners is retained as REFERENCE because it provides an algorithmic or policy mechanism around Robotics, LLM planning, uncertainty for targeted comparison in World models, safety, uncertainty, and recovery; it is not required for the current intensive reading spine.","Important on-demand reference, but not required in the current intensive sequence.",[],0,./2023/CoRL/2023_CoRL_Robots-That-Ask-For-Help-Uncertainty-Alignment-for-Large-L/01_overview.md
pr-0022,RT-2: Vision-Language-Action Models Transfer Web Knowledge to Robotic Control,2023,CoRL,conference,peer_reviewed,VLA and Generalist Robot Policies,VLA and generalist robot policies,CORE,,method,"{""learning"":[""vla""],""interaction"":[],""modality"":[""language"",""rgb""],""control_level"":[""feedback_control"",""policy""],""setting"":[],""embodiment"":[]}",FULL_TEXT_CHECKED,UNREAD,recorded,identified,paper_specific,https://arxiv.org/abs/2307.15818,project_only,not_recorded,code:eb109a29f8a9;metric:success-rate,"RT-2: Vision-Language-Action Models Transfer Web Knowledge to Robotic Control is a CORE prerequisite because it establishes an algorithmic or policy mechanism around VLA, Vision-Language Model, Robotics, providing a reference point for VLA and generalist robot policies comparisons in the observation-to-action loop.",Common foundation and prerequisite for the VLA and generalist robot policies spine.,"[{""type"":""extends"",""paper_id"":""pr-0021"",""confidence"":""inferred""}]",0,./2023/CoRL/2023_CoRL_RT-2-Vision-Language-Action-Models-Transfer-Web-Knowledge/01_overview.md
pr-0728,RT-Trajectory: Robotic Task Generalization via Hindsight Trajectory Sketches,2023,arXiv,preprint,preprint,Robot Learning and Data,VLA and generalist robot policies,REFERENCE,,method,"{""learning"":[""vla""],""interaction"":[],""modality"":[""language""],""control_level"":[""motion_planning"",""policy""],""setting"":[],""embodiment"":[]}",FULL_TEXT_CHECKED,N/A,recorded,identified,paper_specific,https://arxiv.org/abs/2311.01977,project_only,not_recorded,code:d67f922daddf;metric:success-rate,"RT-Trajectory: Robotic Task Generalization via Hindsight Trajectory Sketches is retained as REFERENCE because it provides an algorithmic or policy mechanism around Robotics, VLA, trajectory representation for targeted comparison in VLA and generalist robot policies; it is not required for the current intensive reading spine.","Important on-demand reference, but not required in the current intensive sequence.",[],0,./2023/arXiv/2023_arXiv_RT-Trajectory-Robotic-Task-Generalization-via-Hindsight-Tr/01_overview.md
pr-0037,RVT: Robotic View Transformer for 3D Object Manipulation,2023,CoRL,conference,peer_reviewed,VLA and Generalist Robot Policies,Robotics-enabling 3D perception,CORE,,method,"{""learning"":[""vla""],""interaction"":[""grasping""],""modality"":[""language""],""control_level"":[""policy""],""setting"":[],""embodiment"":[""arm""]}",FULL_TEXT_CHECKED,UNREAD,recorded,identified,paper_specific,https://arxiv.org/abs/2306.14896,project_only,not_recorded,benchmark:rlbench;code:89265d6f7568;metric:map,"RVT: Robotic View Transformer for 3D Object Manipulation is a CORE prerequisite because it establishes an algorithmic or policy mechanism around Robotics, 3D manipulation, Transformer, providing a reference point for Robotics-enabling 3D perception comparisons in the observation-to-action loop.",Common foundation and prerequisite for the Robotics-enabling 3D perception spine.,[],0,./2023/CoRL/2023_CoRL_RVT-Robotic-View-Transformer-for-3D-Object-Manipulation/01_overview.md
pr-0720,SayPlan: Grounding Large Language Models using 3D Scene Graphs for Scalable Robot Task Planning,2023,CoRL,conference,peer_reviewed,Planning and Long-Horizon Reasoning,VLA and generalist robot policies,NEXT,,method,"{""learning"":[""optimization_or_planning""],""interaction"":[""grasping""],""modality"":[""language"",""rgb""],""control_level"":[""task_planning""],""setting"":[""long_horizon""],""embodiment"":[""arm"",""mobile""]}",FULL_TEXT_CHECKED,UNREAD,recorded,identified,paper_specific,https://proceedings.mlr.press/v229/rana23a.html,project_only,not_recorded,code:33c5e6401902;metric:map,"SayPlan: Grounding Large Language Models using 3D Scene Graphs for Scalable Robot Task Planning is a NEXT comparison paper because it extends an algorithmic or policy mechanism around Robotics, 3D Vision, LLM planning in VLA and generalist robot policies, exposing a specialized frontier after the shared CORE spine.",Specialized or frontier extension selected after CORE for the VLA and generalist robot policies branch.,[],0,./2023/CoRL/2023_CoRL_SayPlan-Grounding-Large-Language-Models-using-3D-Scene-Gra/01_overview.md
pr-0007,Segment Anything,2023,ICCV,conference,peer_reviewed,Foundations: Vision and Language Models,,REFERENCE,,foundation,"{""learning"":[],""interaction"":[],""modality"":[""language"",""rgb""],""control_level"":[],""setting"":[],""embodiment"":[]}",FULL_TEXT_CHECKED,N/A,recorded,identified,paper_specific,https://arxiv.org/abs/2304.02643,released,not_recorded,code:9baf60318e2f,"Segment Anything is retained as REFERENCE because it provides a reusable formulation or system primitive around segmentation, foundation model, prompting for targeted comparison in Foundations: Vision and Language Models; it is not required for the current intensive reading spine.","Important on-demand reference, but not required in the current intensive sequence.",[],0,./2023/ICCV/2023_ICCV_Segment-Anything/01_overview.md
pr-0721,Text2Motion: From Natural Language Instructions to Feasible Plans,2023,ICRA,conference,peer_reviewed,Planning and Long-Horizon Reasoning,Planning and control,REFERENCE,,method,"{""learning"":[""optimization_or_planning""],""interaction"":[],""modality"":[""language""],""control_level"":[""motion_planning""],""setting"":[""long_horizon""],""embodiment"":[]}",FULL_TEXT_CHECKED,N/A,recorded,identified,paper_specific,https://arxiv.org/abs/2303.12153,project_only,not_recorded,code:a6b270157134;metric:map,"Text2Motion: From Natural Language Instructions to Feasible Plans is retained as REFERENCE because it provides an algorithmic or policy mechanism around Robotics, LLM planning, task and motion planning for targeted comparison in Planning and control; it is not required for the current intensive reading spine.","Important on-demand reference, but not required in the current intensive sequence.",[],0,./2023/ICRA/2023_ICRA_Text2Motion-From-Natural-Language-Instructions-to-Feasible/01_overview.md
pr-0492,"ULIP: Learning a Unified Representation of Language, Images, and Point Clouds for 3D Understanding",2023,CVPR,conference,peer_reviewed,3D Representation Learning,Robotics-enabling 3D perception,REFERENCE,,method,"{""learning"":[],""interaction"":[],""modality"":[""language"",""point_cloud"",""rgb""],""control_level"":[],""setting"":[],""embodiment"":[]}",FULL_TEXT_CHECKED,N/A,recorded,identified,paper_specific,https://arxiv.org/abs/2212.05171,released,not_recorded,code:39834c86acdb;metric:map,"ULIP: Learning a Unified Representation of Language, Images, and Point Clouds for 3D Understanding is retained as REFERENCE because it provides an algorithmic or policy mechanism around 3D Vision, Vision-Language Model, point cloud for targeted comparison in Robotics-enabling 3D perception; it is not required for the current intensive reading spine.","Important on-demand reference, but not required in the current intensive sequence.",[],0,./2023/CVPR/2023_CVPR_ULIP-Learning-a-Unified-Representation-of-Language-Images/01_overview.md
pr-0040,VIMA: General Robot Manipulation with Multimodal Prompts,2023,ICML,conference,peer_reviewed,VLA and Generalist Robot Policies,VLA and generalist robot policies,NEXT,,method,"{""learning"":[""imitation_learning"",""vla""],""interaction"":[""grasping""],""modality"":[""language"",""rgb""],""control_level"":[""policy""],""setting"":[],""embodiment"":[""arm""]}",FULL_TEXT_CHECKED,UNREAD,recorded,identified,paper_specific,https://arxiv.org/abs/2210.03094,project_only,not_recorded,code:bd07a882e9ae;metric:success-rate,"VIMA: General Robot Manipulation with Multimodal Prompts is a NEXT comparison paper because it extends an algorithmic or policy mechanism around Vision-Language-Action, Imitation Learning, Robotics in VLA and generalist robot policies, exposing a specialized frontier after the shared CORE spine.",Specialized or frontier extension selected after CORE for the VLA and generalist robot policies branch.,[],0,./2023/ICML/2023_ICML_VIMA-General-Robot-Manipulation-with-Multimodal-Prompts/01_overview.md
pr-0927,ViNT: A Foundation Model for Visual Navigation,2023,CoRL,conference,peer_reviewed,Embodied Navigation and Mapping,"Locomotion, whole-body, mobile manipulation, and humanoids",NEXT,,method,"{""learning"":[],""interaction"":[""navigation""],""modality"":[],""control_level"":[""policy"",""state_estimation""],""setting"":[],""embodiment"":[""mobile""]}",FULL_TEXT_CHECKED,UNREAD,recorded,identified,paper_specific,https://arxiv.org/abs/2306.14846,project_only,not_recorded,code:edf62461d6dc,navigation에서 heterogeneous robot data를 goal-conditioned policy와 adaptation interface로 묶은 canonical foundation이다.,"Specialized or frontier extension selected after CORE for the Locomotion, whole-body, mobile manipulation, and humanoids branch.",[],0,./2023/CoRL/2023_CoRL_ViNT-A-Foundation-Model-for-Visual-Navigation/01_overview.md
pr-0535,Visual Instruction Tuning,2023,NeurIPS,conference,peer_reviewed,Foundations: Vision and Language Models,,REFERENCE,,foundation,"{""learning"":[],""interaction"":[],""modality"":[""language"",""rgb""],""control_level"":[],""setting"":[],""embodiment"":[]}",FULL_TEXT_CHECKED,N/A,recorded,identified,paper_specific,https://arxiv.org/abs/2304.08485,released,not_recorded,code:afd94ebb3a9d,"Visual Instruction Tuning is retained as REFERENCE because it provides a reusable formulation or system primitive around Vision-Language Model, LLM, instruction tuning for targeted comparison in Foundations: Vision and Language Models; it is not required for the current intensive reading spine.","Important on-demand reference, but not required in the current intensive sequence.",[],0,./2023/NeurIPS/2023_NeurIPS_Visual-Instruction-Tuning/01_overview.md
pr-0028,VLMaps: Visual-Language Maps for Robot Navigation,2023,ICRA,conference,peer_reviewed,Embodied Navigation and Mapping,Robotics-enabling 3D perception,NEXT,,method,"{""learning"":[],""interaction"":[""navigation""],""modality"":[""language"",""rgb""],""control_level"":[""state_estimation""],""setting"":[],""embodiment"":[""mobile""]}",FULL_TEXT_CHECKED,UNREAD,recorded,identified,paper_specific,https://arxiv.org/abs/2210.05714,project_only,not_recorded,code:58fd2d93e4da;metric:map,"VLMaps: Visual-Language Maps for Robot Navigation is a NEXT comparison paper because it extends an algorithmic or policy mechanism around Vision-Language Navigation, semantic map, Robotics in Robotics-enabling 3D perception, exposing a specialized frontier after the shared CORE spine.",Specialized or frontier extension selected after CORE for the Robotics-enabling 3D perception branch.,[],0,./2023/ICRA/2023_ICRA_VLMaps-Visual-Language-Maps-for-Robot-Navigation/01_overview.md
pr-0304,VoxFormer: Sparse Voxel Transformer for Camera-based 3D Semantic Scene Completion,2023,CVPR,conference,peer_reviewed,Autonomous 3D Perception and Sensor Fusion,Robotics-enabling 3D perception,REFERENCE,,method,"{""learning"":[],""interaction"":[],""modality"":[""rgb""],""control_level"":[""state_estimation""],""setting"":[],""embodiment"":[]}",FULL_TEXT_CHECKED,N/A,recorded,identified,paper_specific,https://arxiv.org/abs/2302.12251,not_identified,not_recorded,benchmark:semantickitti;metric:map,"VoxFormer: Sparse Voxel Transformer for Camera-based 3D Semantic Scene Completion is retained as REFERENCE because it provides an algorithmic or policy mechanism around semantic, alignment, 3D Vision for targeted comparison in Robotics-enabling 3D perception; it is not required for the current intensive reading spine.","Important on-demand reference, but not required in the current intensive sequence.",[],0,./2023/CVPR/2023_CVPR_VoxFormer-Sparse-Voxel-Transformer-for-Camera-based-3D-Sem/01_overview.md
pr-0038,VoxPoser: Composable 3D Value Maps for Robotic Manipulation with Language Models,2023,CoRL,conference,peer_reviewed,VLA and Generalist Robot Policies,VLA and generalist robot policies,CORE,,method,"{""learning"":[""optimization_or_planning"",""vla""],""interaction"":[""grasping""],""modality"":[""language""],""control_level"":[""policy""],""setting"":[],""embodiment"":[""arm""]}",FULL_TEXT_CHECKED,UNREAD,recorded,identified,paper_specific,https://arxiv.org/abs/2307.05973,project_only,not_recorded,code:87e9ffade399;metric:map;metric:success-rate,"VoxPoser: Composable 3D Value Maps for Robotic Manipulation with Language Models is a CORE prerequisite because it establishes an algorithmic or policy mechanism around LLM, VLM, Planning, providing a reference point for VLA and generalist robot policies comparisons in the observation-to-action loop.",Common foundation and prerequisite for the VLA and generalist robot policies spine.,[],0,./2023/CoRL/2023_CoRL_VoxPoser-Composable-3D-Value-Maps-for-Robotic-Manipulation/01_overview.md
pr-0843,Where are we in the search for an Artificial Visual Cortex for Embodied Intelligence?,2023,arXiv,preprint,preprint,Robot Learning and Data,"RL, IL, offline learning, and robot data",NEXT,,benchmark_or_dataset,"{""learning"":[],""interaction"":[],""modality"":[],""control_level"":[""policy""],""setting"":[],""embodiment"":[]}",FULL_TEXT_CHECKED,UNREAD,recorded,identified,paper_specific,https://arxiv.org/abs/2303.18240,project_only,not_recorded,code:e6f7e7b563a1,VC-1과 함께 embodied task 전반에서 visual representation을 체계적으로 비교한 주요 benchmark/foundation study다.,"Specialized or frontier extension selected after CORE for the RL, IL, offline learning, and robot data branch.",[],0,./2023/arXiv/2023_arXiv_Where-are-we-in-the-search-for-an-Artificial-Visual-Cortex/01_overview.md
pr-0717,Where2Explore: Few-shot Affordance Learning for Unseen Novel Categories of Articulated Objects,2023,NeurIPS,conference,peer_reviewed,Robotics-Enabling 3D Perception,Robotics-enabling 3D perception,NEXT,,method,"{""learning"":[],""interaction"":[],""modality"":[""rgb""],""control_level"":[""state_estimation""],""setting"":[],""embodiment"":[]}",FULL_TEXT_CHECKED,UNREAD,recorded,identified,paper_specific,https://arxiv.org/abs/2309.07473,project_only,not_recorded,code:47da99bb4546;metric:map,"Where2Explore: Few-shot Affordance Learning for Unseen Novel Categories of Articulated Objects is a NEXT comparison paper because it extends an algorithmic or policy mechanism around Robotics, 3D Vision, active exploration in Robotics-enabling 3D perception, exposing a specialized frontier after the shared CORE spine.",Specialized or frontier extension selected after CORE for the Robotics-enabling 3D perception branch.,[],0,./2023/NeurIPS/2023_NeurIPS_Where2Explore-Few-shot-Affordance-Learning-for-Unseen-Nove/01_overview.md
pr-0725,XSkill: Cross Embodiment Skill Discovery,2023,CoRL,conference,peer_reviewed,Robot Learning and Data,VLA and generalist robot policies,NEXT,,method,"{""learning"":[""diffusion"",""imitation_learning""],""interaction"":[],""modality"":[""video""],""control_level"":[""policy""],""setting"":[],""embodiment"":[]}",FULL_TEXT_CHECKED,UNREAD,recorded,identified,paper_specific,https://proceedings.mlr.press/v229/xu23a.html,project_only,not_recorded,code:fde2b2293657;metric:success-rate,"XSkill: Cross Embodiment Skill Discovery is a NEXT comparison paper because it extends an algorithmic or policy mechanism around Robotics, cross-embodiment, skill discovery in VLA and generalist robot policies, exposing a specialized frontier after the shared CORE spine.",Specialized or frontier extension selected after CORE for the VLA and generalist robot policies branch.,[],0,./2023/CoRL/2023_CoRL_XSkill-Cross-Embodiment-Skill-Discovery/01_overview.md
pr-0926,3D Diffusion Policy: Generalizable Visuomotor Policy Learning via Simple 3D Representations,2024,RSS,conference,peer_reviewed,"Manipulation, Contact, and Dexterity","Manipulation, contact, tactile, and dexterity",NEXT,,method,"{""learning"":[""diffusion"",""imitation_learning""],""interaction"":[""contact_rich"",""grasping""],""modality"":[""point_cloud""],""control_level"":[""feedback_control"",""policy""],""setting"":[],""embodiment"":[""arm""]}",FULL_TEXT_CHECKED,UNREAD,recorded,identified,paper_specific,https://www.roboticsproceedings.org/rss20/p067.html,project_only,not_recorded,code:60b08a305e77,3D representation을 실제 manipulation policy의 observation interface로 연결한 대표적인 3D-to-control missing link다.,"Specialized or frontier extension selected after CORE for the Manipulation, contact, tactile, and dexterity branch.","[{""type"":""extends"",""paper_id"":""pr-0019"",""confidence"":""verified""},{""type"":""baseline_for"",""paper_id"":""pr-0084"",""confidence"":""verified""}]",0,./2024/RSS/2024_RSS_3D-Diffusion-Policy-Generalizable-Visuomotor-Policy-Learni/01_overview.md
pr-0322,3D Geometry-Aware Deformable Gaussian Splatting for Dynamic View Synthesis,2024,CVPR,conference,peer_reviewed,Neural Scene Representations,Robotics-enabling 3D perception,ARCHIVE,,method,"{""learning"":[],""interaction"":[""deformable""],""modality"":[""point_cloud"",""rgb""],""control_level"":[],""setting"":[],""embodiment"":[]}",FULL_TEXT_CHECKED,N/A,recorded,source_only,paper_specific,https://openaccess.thecvf.com/content/CVPR2024/html/Lu_3D_Geometry-Aware_Deformable_Gaussian_Splatting_for_Dynamic_View_Synthesis_CVPR_2024_paper.html,not_identified,not_recorded,metric:map,"3D Geometry-Aware Deformable Gaussian Splatting for Dynamic View Synthesis is retained as ARCHIVE because its an algorithmic or policy mechanism around Gaussian Splatting, 3D Vision preserves historical or adjacent context for Robotics-enabling 3D perception; it is outside the current robotics-first intensive scope.",Historical or adjacent material retained for search; outside the current intensive scope.,[],0,./2024/CVPR/2024_CVPR_3D-Geometry-Aware-Deformable-Gaussian-Splatting-for-Dynami/01_overview.md
pr-0203,3D Open-Vocabulary Panoptic Segmentation with 2D-3D Vision-Language Distillation,2024,ECCV,conference,peer_reviewed,3D Vision-Language Understanding,Robotics-enabling 3D perception,ARCHIVE,,method,"{""learning"":[],""interaction"":[],""modality"":[""language"",""rgb""],""control_level"":[],""setting"":[],""embodiment"":[]}",FULL_TEXT_CHECKED,N/A,recorded,source_only,paper_specific,https://www.ecva.net/papers/eccv_2024/papers_ECCV/html/5642_ECCV_2024_paper.php,not_identified,not_recorded,benchmark:nuscenes;metric:map,"3D Open-Vocabulary Panoptic Segmentation with 2D-3D Vision-Language Distillation is retained as ARCHIVE because its an algorithmic or policy mechanism around Vision-Language Model, 3D Vision, semantic preserves historical or adjacent context for Robotics-enabling 3D perception; it is outside the current robotics-first intensive scope.",Historical or adjacent material retained for search; outside the current intensive scope.,[],0,./2024/ECCV/2024_ECCV_3D-Open-Vocabulary-Panoptic-Segmentation-with-2D-3D-Vision/01_overview.md
pr-0204,3D Weakly Supervised Semantic Segmentation with 2D Vision-Language Guidance,2024,ECCV,conference,peer_reviewed,3D Vision-Language Understanding,Robotics-enabling 3D perception,ARCHIVE,,method,"{""learning"":[],""interaction"":[],""modality"":[""language"",""rgb""],""control_level"":[],""setting"":[],""embodiment"":[]}",FULL_TEXT_CHECKED,N/A,recorded,source_only,paper_specific,https://www.ecva.net/papers/eccv_2024/papers_ECCV/html/9223_ECCV_2024_paper.php,not_identified,not_recorded,benchmark:s3dis;benchmark:scannet;metric:map,"3D Weakly Supervised Semantic Segmentation with 2D Vision-Language Guidance is retained as ARCHIVE because its an algorithmic or policy mechanism around Vision-Language Model, 3D Vision, semantic preserves historical or adjacent context for Robotics-enabling 3D perception; it is outside the current robotics-first intensive scope.",Historical or adjacent material retained for search; outside the current intensive scope.,[],0,./2024/ECCV/2024_ECCV_3D-Weakly-Supervised-Semantic-Segmentation-with-2D-Vision/01_overview.md
pr-0939,3D-VLA: A 3D Vision-Language-Action Generative World Model,2024,ICML,conference,peer_reviewed,VLA and Generalist Robot Policies,VLA and generalist robot policies,NEXT,,method,"{""learning"":[""optimization_or_planning"",""vla"",""world_model""],""interaction"":[],""modality"":[""language"",""rgb""],""control_level"":[""policy""],""setting"":[],""embodiment"":[]}",FULL_TEXT_CHECKED,UNREAD,recorded,source_only,paper_specific,https://icml.cc/virtual/2024/poster/34575,not_identified,not_recorded,,3D perception·reasoning·action과 generative world model을 하나의 VLA formulation으로 연결하는 3D-to-behavior bridge다.,Specialized or frontier extension selected after CORE for the VLA and generalist robot policies branch.,[],0,./2024/ICML/2024_ICML_3D-VLA-A-3D-Vision-Language-Action-Generative-World-Model/01_overview.md
pr-0315,3DiffTection: 3D Object Detection with Geometry-Aware Diffusion Features,2024,CVPR,conference,peer_reviewed,3D Generative Modeling,Robotics-enabling 3D perception,ARCHIVE,,method,"{""learning"":[""diffusion""],""interaction"":[],""modality"":[""rgb""],""control_level"":[],""setting"":[],""embodiment"":[]}",FULL_TEXT_CHECKED,N/A,recorded,source_only,paper_specific,https://openaccess.thecvf.com/content/CVPR2024/html/Xu_3DiffTection_3D_Object_Detection_with_Geometry-Aware_Diffusion_Features_CVPR_2024_paper.html,not_identified,not_recorded,,"3DiffTection: 3D Object Detection with Geometry-Aware Diffusion Features is retained as ARCHIVE because its an algorithmic or policy mechanism around Diffusion, Generation, 3D Vision preserves historical or adjacent context for Robotics-enabling 3D perception; it is outside the current robotics-first intensive scope.",Historical or adjacent material retained for search; outside the current intensive scope.,[],0,./2024/CVPR/2024_CVPR_3DiffTection-3D-Object-Detection-with-Geometry-Aware-Diffu/01_overview.md
pr-0328,Align Your Gaussians: Text-to-4D with Dynamic 3D Gaussians and Composed Diffusion Models,2024,CVPR,conference,peer_reviewed,3D Generative Modeling,Robotics-enabling 3D perception,ARCHIVE,,method,"{""learning"":[""diffusion""],""interaction"":[],""modality"":[""point_cloud"",""rgb""],""control_level"":[],""setting"":[],""embodiment"":[]}",FULL_TEXT_CHECKED,N/A,recorded,source_only,paper_specific,https://openaccess.thecvf.com/content/CVPR2024/html/Ling_Align_Your_Gaussians_Text-to-4D_with_Dynamic_3D_Gaussians_and_Composed_CVPR_2024_paper.html,not_identified,not_recorded,,"Align Your Gaussians: Text-to-4D with Dynamic 3D Gaussians and Composed Diffusion Models is retained as ARCHIVE because its an algorithmic or policy mechanism around Gaussian Splatting, geometry, Diffusion preserves historical or adjacent context for Robotics-enabling 3D perception; it is outside the current robotics-first intensive scope.",Historical or adjacent material retained for search; outside the current intensive scope.,[],0,./2024/CVPR/2024_CVPR_Align-Your-Gaussians-Text-to-4D-with-Dynamic-3D-Gaussians/01_overview.md
pr-0050,An Embodied Generalist Agent in 3D World,2024,ICML,conference,peer_reviewed,3D Vision-Language Understanding,Planning and control,REFERENCE,,method,"{""learning"":[""optimization_or_planning""],""interaction"":[],""modality"":[""language"",""rgb""],""control_level"":[],""setting"":[],""embodiment"":[]}",FULL_TEXT_CHECKED,N/A,recorded,identified,paper_specific,https://arxiv.org/abs/2311.12871,project_only,not_recorded,code:7c578e3007fe;metric:map,"An Embodied Generalist Agent in 3D World is retained as REFERENCE because it provides an algorithmic or policy mechanism around LLM, 3D Vision, Planning for targeted comparison in Planning and control; it is not required for the current intensive reading spine.","Important on-demand reference, but not required in the current intensive sequence.",[],0,./2024/ICML/2024_ICML_An-Embodied-Generalist-Agent-in-3D-World/01_overview.md
pr-0932,Any-point Trajectory Modeling for Policy Learning,2024,RSS,conference,peer_reviewed,Robot Learning and Data,"RL, IL, offline learning, and robot data",NEXT,,method,"{""learning"":[""imitation_learning""],""interaction"":[],""modality"":[""language"",""video""],""control_level"":[""motion_planning"",""policy""],""setting"":[],""embodiment"":[]}",FULL_TEXT_CHECKED,UNREAD,recorded,identified,paper_specific,https://www.roboticsproceedings.org/rss20/p092.html,not_identified,not_recorded,,action label이 없는 human video에서 arbitrary point trajectory를 추출해 robot visuomotor policy로 연결하는 video-to-action bridge다.,"Specialized or frontier extension selected after CORE for the RL, IL, offline learning, and robot data branch.",[],0,./2024/RSS/2024_RSS_Any-point-Trajectory-Modeling-for-Policy-Learning/01_overview.md
pr-0661,ANYmal Parkour: Learning Agile Navigation for Quadrupedal Robots,2024,Science Robotics,journal,peer_reviewed,"Locomotion, Whole-Body, and Mobile Manipulation","Locomotion, whole-body, mobile manipulation, and humanoids",CORE,,method,"{""learning"":[],""interaction"":[""grasping"",""locomotion"",""navigation"",""whole_body""],""modality"":[],""control_level"":[""whole_body""],""setting"":[],""embodiment"":[""arm"",""legged"",""mobile""]}",FULL_TEXT_CHECKED,UNREAD,recorded,identified,paper_specific,https://arxiv.org/abs/2306.14874,project_only,not_recorded,code:daffb0078ed7,"ANYmal Parkour: Learning Agile Navigation for Quadrupedal Robots is a CORE prerequisite because it establishes an algorithmic or policy mechanism around Robotics, quadruped locomotion, parkour, providing a reference point for Locomotion, whole-body, mobile manipulation, and humanoids comparisons in the observation-to-action loop.","Common foundation and prerequisite for the Locomotion, whole-body, mobile manipulation, and humanoids spine.",[],0,./2024/Science-Robotics/2024_Science-Robotics_ANYmal-Parkour-Learning-Agile-Navigation-for-Quadrupedal-R/01_overview.md
pr-0858,AutoRT: Embodied Foundation Models for Large Scale Orchestration of Robotic Agents,2024,arXiv,preprint,preprint,Robot Learning and Data,VLA and generalist robot policies,NEXT,,foundation,"{""learning"":[],""interaction"":[],""modality"":[],""control_level"":[""policy""],""setting"":[],""embodiment"":[]}",FULL_TEXT_CHECKED,UNREAD,recorded,source_only,paper_specific,https://deepmind.google/research/publications/48151/,not_identified,not_recorded,metric:success-rate,foundation model을 robot fleet의 task proposal·safety filtering·data collection orchestration에 사용한 Google lineage의 중요한 data-engine paper다.,Specialized or frontier extension selected after CORE for the VLA and generalist robot policies branch.,[],0,./2024/arXiv/2024_arXiv_AutoRT-Embodied-Foundation-Models-for-Large-Scale-Orchestr/01_overview.md
pr-0324,Bayesian Diffusion Models for 3D Shape Reconstruction,2024,CVPR,conference,peer_reviewed,3D Generative Modeling,Robotics-enabling 3D perception,ARCHIVE,,method,"{""learning"":[""diffusion""],""interaction"":[],""modality"":[""rgb""],""control_level"":[],""setting"":[],""embodiment"":[]}",FULL_TEXT_CHECKED,N/A,recorded,source_only,paper_specific,https://openaccess.thecvf.com/content/CVPR2024/html/Xu_Bayesian_Diffusion_Models_for_3D_Shape_Reconstruction_CVPR_2024_paper.html,not_identified,not_recorded,,"Bayesian Diffusion Models for 3D Shape Reconstruction is retained as ARCHIVE because its an algorithmic or policy mechanism around 3D reconstruction, Diffusion, Generation preserves historical or adjacent context for Robotics-enabling 3D perception; it is outside the current robotics-first intensive scope.",Historical or adjacent material retained for search; outside the current intensive scope.,[],0,./2024/CVPR/2024_CVPR_Bayesian-Diffusion-Models-for-3D-Shape-Reconstruction/01_overview.md
pr-0711,Binding Touch to Everything: Learning Unified Multimodal Tactile Representations,2024,CVPR,conference,peer_reviewed,"Manipulation, Contact, and Dexterity","Manipulation, contact, tactile, and dexterity",NEXT,,method,"{""learning"":[],""interaction"":[""contact_rich"",""grasping""],""modality"":[""language"",""rgb"",""tactile""],""control_level"":[],""setting"":[],""embodiment"":[""arm""]}",FULL_TEXT_CHECKED,UNREAD,recorded,identified,paper_specific,https://openaccess.thecvf.com/content/CVPR2024/html/Yang_Binding_Touch_to_Everything_Learning_Unified_Multimodal_Tactile_Representations_CVPR_2024_paper.html,project_only,not_recorded,code:6da2e3023bb5,"Binding Touch to Everything: Learning Unified Multimodal Tactile Representations is a NEXT comparison paper because it extends an algorithmic or policy mechanism around Robotics, tactile sensing, Vision-Language in Manipulation, contact, tactile, and dexterity, exposing a specialized frontier after the shared CORE spine.","Specialized or frontier extension selected after CORE for the Manipulation, contact, tactile, and dexterity branch.",[],0,./2024/CVPR/2024_CVPR_Binding-Touch-to-Everything-Learning-Unified-Multimodal-Ta/01_overview.md
pr-0218,BlenderAlchemy: Editing 3D Graphics with Vision-Language Models,2024,ECCV,conference,peer_reviewed,3D Vision-Language Understanding,Robotics-enabling 3D perception,ARCHIVE,,method,"{""learning"":[],""interaction"":[],""modality"":[""language"",""rgb""],""control_level"":[],""setting"":[],""embodiment"":[]}",FULL_TEXT_CHECKED,N/A,recorded,source_only,paper_specific,https://www.ecva.net/papers/eccv_2024/papers_ECCV/html/12578_ECCV_2024_paper.php,not_identified,not_recorded,metric:map,"BlenderAlchemy: Editing 3D Graphics with Vision-Language Models is retained as ARCHIVE because its an algorithmic or policy mechanism around Vision-Language Model, 3D Vision, Graph Reasoning preserves historical or adjacent context for Robotics-enabling 3D perception; it is outside the current robotics-first intensive scope.",Historical or adjacent material retained for search; outside the current intensive scope.,[],0,./2024/ECCV/2024_ECCV_BlenderAlchemy-Editing-3D-Graphics-with-Vision-Language-Mo/01_overview.md
pr-0573,Body Transformer: Leveraging Robot Embodiment for Policy Learning,2024,CoRL,conference,peer_reviewed,Robot Learning and Data,"RL, IL, offline learning, and robot data",REFERENCE,,method,"{""learning"":[],""interaction"":[],""modality"":[],""control_level"":[""policy""],""setting"":[],""embodiment"":[]}",FULL_TEXT_CHECKED,N/A,recorded,identified,paper_specific,https://openreview.net/forum?id=Oce2215aJE,project_only,not_recorded,code:05c472092ca6;metric:success-rate,"Body Transformer: Leveraging Robot Embodiment for Policy Learning is retained as REFERENCE because it provides an algorithmic or policy mechanism around Robotics, embodiment, graph neural network for targeted comparison in RL, IL, offline learning, and robot data; it is not required for the current intensive reading spine.","Important on-demand reference, but not required in the current intensive sequence.",[],0,./2024/CoRL/2024_CoRL_Body-Transformer-Leveraging-Robot-Embodiment-for-Policy-Le/01_overview.md
pr-0576,Bootstrapping Reinforcement Learning with Imitation for Vision-Based Agile Flight,2024,CoRL,conference,peer_reviewed,"Locomotion, Whole-Body, and Mobile Manipulation","Locomotion, whole-body, mobile manipulation, and humanoids",REFERENCE,,method,"{""learning"":[""imitation_learning"",""reinforcement_learning""],""interaction"":[""contact_rich"",""grasping"",""locomotion"",""whole_body""],""modality"":[""force_torque"",""rgb""],""control_level"":[""whole_body""],""setting"":[],""embodiment"":[""aerial"",""arm"",""mobile""]}",FULL_TEXT_CHECKED,N/A,recorded,identified,paper_specific,https://openreview.net/forum?id=bt0PX0e4rE,project_only,not_recorded,code:30b416743d35;metric:success-rate,"Bootstrapping Reinforcement Learning with Imitation for Vision-Based Agile Flight is retained as REFERENCE because it provides an algorithmic or policy mechanism around Robotics, aerial robotics, Reinforcement Learning for targeted comparison in Locomotion, whole-body, mobile manipulation, and humanoids; it is not required for the current intensive reading spine.","Important on-demand reference, but not required in the current intensive sequence.",[],0,./2024/CoRL/2024_CoRL_Bootstrapping-Reinforcement-Learning-with-Imitation-for-Vi/01_overview.md
pr-0402,CG-SLAM: Efficient Dense RGB-D SLAM in a Consistent Uncertainty-aware 3D Gaussian Field,2024,ECCV,conference,peer_reviewed,Neural Scene Representations,"World models, safety, uncertainty, and recovery",REFERENCE,,method,"{""learning"":[],""interaction"":[""navigation""],""modality"":[""depth"",""point_cloud"",""rgb""],""control_level"":[""state_estimation""],""setting"":[],""embodiment"":[]}",FULL_TEXT_CHECKED,N/A,recorded,source_only,paper_specific,https://www.ecva.net/papers/eccv_2024/papers_ECCV/html/3580_ECCV_2024_paper.php,not_identified,not_recorded,metric:map,"CG-SLAM: Efficient Dense RGB-D SLAM in a Consistent Uncertainty-aware 3D Gaussian Field is retained as REFERENCE because it provides an algorithmic or policy mechanism around Gaussian Splatting, geometry, 3D Vision for targeted comparison in World models, safety, uncertainty, and recovery; it is not required for the current intensive reading spine.","Important on-demand reference, but not required in the current intensive sequence.",[],0,./2024/ECCV/2024_ECCV_CG-SLAM-Efficient-Dense-RGB-D-SLAM-in-a-Consistent-Uncerta/01_overview.md
pr-0263,Clio: Real-time Task-Driven Open-Set 3D Scene Graphs,2024,RA-L,journal,peer_reviewed,3D Vision-Language Understanding,Robotics-enabling 3D perception,NEXT,,method,"{""learning"":[],""interaction"":[],""modality"":[""language"",""rgb""],""control_level"":[],""setting"":[""real_time""],""embodiment"":[]}",FULL_TEXT_CHECKED,UNREAD,recorded,identified,paper_specific,https://arxiv.org/abs/2404.13696,released,not_recorded,code:3fb5afc2122c;metric:map,"Clio: Real-time Task-Driven Open-Set 3D Scene Graphs is a NEXT comparison paper because it extends an algorithmic or policy mechanism around 3D Vision, Graph Reasoning in Robotics-enabling 3D perception, exposing a specialized frontier after the shared CORE spine.",Specialized or frontier extension selected after CORE for the Robotics-enabling 3D perception branch.,[],0,./2024/RA-L/2024_RA-L_Clio-Real-time-Task-Driven-Open-Set-3D-Scene-Graphs/01_overview.md
pr-0758,CLIP-Driven Open-Vocabulary 3D Scene Graph Generation via Cross-Modality Contrastive Learning,2024,CVPR,conference,peer_reviewed,3D Vision-Language Understanding,Robotics-enabling 3D perception,ARCHIVE,,method,"{""learning"":[],""interaction"":[],""modality"":[""language"",""rgb""],""control_level"":[],""setting"":[],""embodiment"":[]}",FULL_TEXT_CHECKED,N/A,recorded,source_only,paper_specific,https://openaccess.thecvf.com/content/CVPR2024/html/Chen_CLIP-Driven_Open-Vocabulary_3D_Scene_Graph_Generation_via_Cross-Modality_Contrastive_Learning_CVPR_2024_paper.html,not_identified,not_recorded,metric:map,"CLIP-Driven Open-Vocabulary 3D Scene Graph Generation via Cross-Modality Contrastive Learning is retained as ARCHIVE because its an algorithmic or policy mechanism around 3D Scene Graph, CLIP, Graph Reasoning preserves historical or adjacent context for Robotics-enabling 3D perception; it is outside the current robotics-first intensive scope.",Historical or adjacent material retained for search; outside the current intensive scope.,[],0,./2024/CVPR/2024_CVPR_CLIP-Driven-Open-Vocabulary-3D-Scene-Graph-Generation-via/01_overview.md
pr-0930,Consistency Policy: Accelerated Visuomotor Policies via Consistency Distillation,2024,RSS,conference,peer_reviewed,Robot Learning and Data,"RL, IL, offline learning, and robot data",NEXT,,method,"{""learning"":[""diffusion""],""interaction"":[],""modality"":[],""control_level"":[""feedback_control"",""policy""],""setting"":[""real_time""],""embodiment"":[]}",FULL_TEXT_CHECKED,UNREAD,recorded,identified,paper_specific,https://www.roboticsproceedings.org/rss20/p071.html,not_identified,not_recorded,,diffusion policy의 inference latency가 실제 robot deployment를 제한하는 지점을 직접 다루는 action-generation efficiency reference다.,"Specialized or frontier extension selected after CORE for the RL, IL, offline learning, and robot data branch.","[{""type"":""extends"",""paper_id"":""pr-0019"",""confidence"":""verified""}]",0,./2024/RSS/2024_RSS_Consistency-Policy-Accelerated-Visuomotor-Policies-via-Con/01_overview.md
pr-0572,Constrained Bimanual Planning with Analytic Inverse Kinematics,2024,ICRA,conference,peer_reviewed,Robotics Foundations: Planning and Control,"Manipulation, contact, tactile, and dexterity",REFERENCE,,foundation,"{""learning"":[""optimization_or_planning""],""interaction"":[""grasping""],""modality"":[],""control_level"":[""feedback_control"",""motion_planning""],""setting"":[],""embodiment"":[""arm"",""bimanual""]}",FULL_TEXT_CHECKED,N/A,recorded,identified,paper_specific,https://arxiv.org/abs/2309.08770,project_only,not_recorded,code:45d6b3f2e22c,"Constrained Bimanual Planning with Analytic Inverse Kinematics is retained as REFERENCE because it provides a reusable formulation or system primitive around Robotics, bimanual manipulation, motion planning for targeted comparison in Manipulation, contact, tactile, and dexterity; it is not required for the current intensive reading spine.","Important on-demand reference, but not required in the current intensive sequence.",[],0,./2024/ICRA/2024_ICRA_Constrained-Bimanual-Planning-with-Analytic-Inverse-Kinema/01_overview.md
pr-0670,Demonstrating OK-Robot: What Really Matters in Integrating Open-Knowledge Models for Robotics,2024,RSS,conference,peer_reviewed,"Locomotion, Whole-Body, and Mobile Manipulation","Locomotion, whole-body, mobile manipulation, and humanoids",NEXT,,method,"{""learning"":[],""interaction"":[""grasping"",""locomotion"",""whole_body""],""modality"":[],""control_level"":[""state_estimation"",""whole_body""],""setting"":[],""embodiment"":[""arm"",""mobile""]}",FULL_TEXT_CHECKED,UNREAD,recorded,source_only,paper_specific,https://www.roboticsproceedings.org/rss20/p091.html,project_only,not_recorded,code:22a2dec9a8db;metric:map;metric:success-rate,"Demonstrating OK-Robot: What Really Matters in Integrating Open-Knowledge Models for Robotics is a NEXT comparison paper because it extends an algorithmic or policy mechanism around Robotics, mobile manipulation, open-vocabulary perception in Locomotion, whole-body, mobile manipulation, and humanoids, exposing a specialized frontier after the shared CORE spine.","Specialized or frontier extension selected after CORE for the Locomotion, whole-body, mobile manipulation, and humanoids branch.",[],0,./2024/RSS/2024_RSS_Demonstrating-OK-Robot-What-Really-Matters-in-Integrating/01_overview.md
pr-0205,Dense Multimodal Alignment for Open-Vocabulary 3D Scene Understanding,2024,ECCV,conference,peer_reviewed,3D Vision-Language Understanding,Robotics-enabling 3D perception,REFERENCE,,method,"{""learning"":[],""interaction"":[],""modality"":[""language"",""rgb""],""control_level"":[],""setting"":[],""embodiment"":[]}",FULL_TEXT_CHECKED,N/A,recorded,source_only,paper_specific,https://www.ecva.net/papers/eccv_2024/papers_ECCV/html/6612_ECCV_2024_paper.php,not_identified,not_recorded,metric:map;metric:miou,"Dense Multimodal Alignment for Open-Vocabulary 3D Scene Understanding is retained as REFERENCE because it provides an algorithmic or policy mechanism around 3D Vision, semantic for targeted comparison in Robotics-enabling 3D perception; it is not required for the current intensive reading spine.","Important on-demand reference, but not required in the current intensive sequence.",[],0,./2024/ECCV/2024_ECCV_Dense-Multimodal-Alignment-for-Open-Vocabulary-3D-Scene-Un/01_overview.md
pr-0307,Depth Anything V2,2024,NeurIPS,conference,peer_reviewed,"3D Geometry, Reconstruction, and SLAM",Robotics-enabling 3D perception,REFERENCE,,method,"{""learning"":[],""interaction"":[""navigation""],""modality"":[""depth"",""point_cloud"",""rgb""],""control_level"":[""state_estimation""],""setting"":[],""embodiment"":[]}",FULL_TEXT_CHECKED,N/A,recorded,identified,paper_specific,https://arxiv.org/abs/2406.09414,not_identified,not_recorded,metric:map,"Depth Anything V2 is retained as REFERENCE because it provides an algorithmic or policy mechanism around depth, 3D Vision for targeted comparison in Robotics-enabling 3D perception; it is not required for the current intensive reading spine.","Important on-demand reference, but not required in the current intensive sequence.",[],0,./2024/NeurIPS/2024_NeurIPS_Depth-Anything-V2/01_overview.md
pr-0305,Depth Anything: Unleashing the Power of Large-Scale Unlabeled Data,2024,CVPR,conference,peer_reviewed,"3D Geometry, Reconstruction, and SLAM",Robotics-enabling 3D perception,REFERENCE,,method,"{""learning"":[],""interaction"":[""navigation""],""modality"":[""depth"",""point_cloud"",""rgb""],""control_level"":[""state_estimation""],""setting"":[],""embodiment"":[]}",FULL_TEXT_CHECKED,N/A,recorded,identified,paper_specific,https://arxiv.org/abs/2401.10891,not_identified,not_recorded,metric:map,"Depth Anything: Unleashing the Power of Large-Scale Unlabeled Data is retained as REFERENCE because it provides an algorithmic or policy mechanism around depth, 3D Vision for targeted comparison in Robotics-enabling 3D perception; it is not required for the current intensive reading spine.","Important on-demand reference, but not required in the current intensive sequence.",[],0,./2024/CVPR/2024_CVPR_Depth-Anything-Unleashing-the-Power-of-Large-Scale-Unlabel/01_overview.md
pr-0943,Differentiable Robust Model Predictive Control,2024,RSS,conference,peer_reviewed,Robotics Foundations: Planning and Control,Planning and control,NEXT,,method,"{""learning"":[""optimization_or_planning""],""interaction"":[],""modality"":[],""control_level"":[""feedback_control""],""setting"":[],""embodiment"":[]}",FULL_TEXT_CHECKED,UNREAD,recorded,identified,paper_specific,https://www.roboticsproceedings.org/rss20/p003.html,not_identified,not_recorded,,model uncertainty와 robustness tuning을 differentiable MPC와 실제 robotic system에 연결해 safety/control track을 보강한다.,Specialized or frontier extension selected after CORE for the Planning and control branch.,[],0,./2024/RSS/2024_RSS_Differentiable-Robust-Model-Predictive-Control/01_overview.md
pr-0314,Diffusion 3D Features (Diff3F): Decorating Untextured Shapes with Distilled Semantic Features,2024,CVPR,conference,peer_reviewed,3D Generative Modeling,Robotics-enabling 3D perception,ARCHIVE,,method,"{""learning"":[""diffusion""],""interaction"":[],""modality"":[""rgb""],""control_level"":[],""setting"":[],""embodiment"":[]}",FULL_TEXT_CHECKED,N/A,recorded,source_only,paper_specific,https://openaccess.thecvf.com/content/CVPR2024/html/Dutt_Diffusion_3D_Features_Diff3F_Decorating_Untextured_Shapes_with_Distilled_Semantic_CVPR_2024_paper.html,not_identified,not_recorded,,"Diffusion 3D Features (Diff3F): Decorating Untextured Shapes with Distilled Semantic Features is retained as ARCHIVE because its an algorithmic or policy mechanism around semantic, alignment, Diffusion preserves historical or adjacent context for Robotics-enabling 3D perception; it is outside the current robotics-first intensive scope.",Historical or adjacent material retained for search; outside the current intensive scope.,[],0,./2024/CVPR/2024_CVPR_Diffusion-3D-Features-Diff3F-Decorating-Untextured-Shapes/01_overview.md
pr-0931,Diffusion Meets DAgger: Supercharging Eye-in-hand Imitation Learning,2024,RSS,conference,peer_reviewed,Robot Learning and Data,"RL, IL, offline learning, and robot data",NEXT,,method,"{""learning"":[""diffusion"",""imitation_learning""],""interaction"":[],""modality"":[],""control_level"":[""policy""],""setting"":[],""embodiment"":[""dexterous_hand""]}",FULL_TEXT_CHECKED,UNREAD,recorded,identified,paper_specific,https://www.roboticsproceedings.org/rss20/p048.html,not_identified,not_recorded,,DAgger의 covariate-shift 문제와 expensive online relabeling을 diffusion-based synthetic off-trajectory data로 연결하는 최근 IL branch다.,"Specialized or frontier extension selected after CORE for the RL, IL, offline learning, and robot data branch.","[{""type"":""extends"",""paper_id"":""pr-0522"",""confidence"":""verified""}]",0,./2024/RSS/2024_RSS_Diffusion-Meets-DAgger-Supercharging-Eye-in-hand-Imitation/01_overview.md
pr-0761,Diffusion-EDFs: Bi-equivariant Denoising Generative Modeling on SE(3) for Visual Robotic Manipulation,2024,CVPR,conference,peer_reviewed,"Manipulation, Contact, and Dexterity","Manipulation, contact, tactile, and dexterity",NEXT,,method,"{""learning"":[""diffusion""],""interaction"":[""contact_rich"",""grasping""],""modality"":[],""control_level"":[],""setting"":[],""embodiment"":[""arm""]}",FULL_TEXT_CHECKED,UNREAD,recorded,source_only,paper_specific,https://openaccess.thecvf.com/content/CVPR2024/html/Ryu_Diffusion-EDFs_Bi-equivariant_Denoising_Generative_Modeling_on_SE3_for_Visual_Robotic_CVPR_2024_paper.html,not_identified,not_recorded,,"Diffusion-EDFs: Bi-equivariant Denoising Generative Modeling on SE(3) for Visual Robotic Manipulation is a NEXT comparison paper because it extends an algorithmic or policy mechanism around equivariant, Diffusion, Robotics in Manipulation, contact, tactile, and dexterity, exposing a specialized frontier after the shared CORE spine.","Specialized or frontier extension selected after CORE for the Manipulation, contact, tactile, and dexterity branch.",[],0,./2024/CVPR/2024_CVPR_Diffusion-EDFs-Bi-equivariant-Denoising-Generative-Modelin/01_overview.md
pr-0216,DreamScene360: Unconstrained Text-to-3D Scene Generation with Panoramic Gaussian Splatting,2024,ECCV,conference,peer_reviewed,Language-Grounded 3D Scene Representations,Robotics-enabling 3D perception,ARCHIVE,,method,"{""learning"":[],""interaction"":[],""modality"":[""language"",""point_cloud"",""rgb""],""control_level"":[],""setting"":[],""embodiment"":[]}",FULL_TEXT_CHECKED,N/A,recorded,source_only,paper_specific,https://www.ecva.net/papers/eccv_2024/papers_ECCV/html/996_ECCV_2024_paper.php,not_identified,not_recorded,metric:map,"DreamScene360: Unconstrained Text-to-3D Scene Generation with Panoramic Gaussian Splatting is retained as ARCHIVE because its an algorithmic or policy mechanism around 3D Vision, Gaussian Splatting preserves historical or adjacent context for Robotics-enabling 3D perception; it is outside the current robotics-first intensive scope.",Historical or adjacent material retained for search; outside the current intensive scope.,[],0,./2024/ECCV/2024_ECCV_DreamScene360-Unconstrained-Text-to-3D-Scene-Generation-wi/01_overview.md
pr-0865,DrEureka: Language Model Guided Sim-To-Real Transfer,2024,Robotics: Science and Systems,conference,peer_reviewed,Robot Learning and Data,"RL, IL, offline learning, and robot data",NEXT,,method,"{""learning"":[""reinforcement_learning""],""interaction"":[""contact_rich""],""modality"":[""force_torque"",""language""],""control_level"":[""policy""],""setting"":[""sim_to_real""],""embodiment"":[]}",FULL_TEXT_CHECKED,UNREAD,recorded,source_only,paper_specific,https://www.roboticsproceedings.org/rss20/p094.html,project_only,not_recorded,code:4fd36cfdc408;metric:success-rate,Eureka의 reward synthesis를 domain-randomization 설계와 실로봇 transfer까지 확장한 NVIDIA sim-to-real lineage의 핵심이다.,"Specialized or frontier extension selected after CORE for the RL, IL, offline learning, and robot data branch.",[],0,./2024/Robotics-Science-and-Sys/2024_Robotics-Science-and-Sys_DrEureka-Language-Model-Guided-Sim-To-Real-Transfer/01_overview.md
pr-0732,DROID: A Large-Scale In-The-Wild Robot Manipulation Dataset,2024,RSS,conference,peer_reviewed,Robot Learning and Data,"RL, IL, offline learning, and robot data",NEXT,,benchmark_or_dataset,"{""learning"":[],""interaction"":[""grasping""],""modality"":[],""control_level"":[""policy""],""setting"":[],""embodiment"":[""arm""]}",FULL_TEXT_CHECKED,UNREAD,recorded,identified,paper_specific,https://arxiv.org/abs/2403.12945,project_only,not_recorded,code:10f3d223b817;metric:success-rate,"DROID: A Large-Scale In-The-Wild Robot Manipulation Dataset is a NEXT comparison paper because it extends a benchmark, dataset, or evaluation protocol around Robotics, Dataset, in-the-wild in RL, IL, offline learning, and robot data, exposing a specialized frontier after the shared CORE spine.","Specialized or frontier extension selected after CORE for the RL, IL, offline learning, and robot data branch.",[],1,./2024/RSS/2024_RSS_DROID-A-Large-Scale-In-The-Wild-Robot-Manipulation-Dataset/01_overview.md
pr-0046,DUSt3R: Geometric 3D Vision Made Easy,2024,CVPR,conference,peer_reviewed,"3D Geometry, Reconstruction, and SLAM",Robotics-enabling 3D perception,CORE,,method,"{""learning"":[],""interaction"":[""navigation""],""modality"":[""point_cloud"",""rgb""],""control_level"":[""state_estimation""],""setting"":[],""embodiment"":[]}",FULL_TEXT_CHECKED,UNREAD,recorded,identified,paper_specific,https://arxiv.org/abs/2312.14132,released,not_recorded,code:37dda7e3af9a;metric:map,"DUSt3R: Geometric 3D Vision Made Easy is a CORE prerequisite because it establishes an algorithmic or policy mechanism around 3D reconstruction, calibration, geometry, providing a reference point for Robotics-enabling 3D perception comparisons in the observation-to-action loop.",Common foundation and prerequisite for the Robotics-enabling 3D perception spine.,[],0,./2024/CVPR/2024_CVPR_DUSt3R-Geometric-3D-Vision-Made-Easy/01_overview.md
pr-0217,EchoScene: Indoor Scene Generation via Information Echo over Scene Graph Diffusion,2024,ECCV,conference,peer_reviewed,3D Vision-Language Understanding,Robotics-enabling 3D perception,ARCHIVE,,method,"{""learning"":[""diffusion""],""interaction"":[],""modality"":[""language"",""rgb""],""control_level"":[],""setting"":[],""embodiment"":[]}",FULL_TEXT_CHECKED,N/A,recorded,source_only,paper_specific,https://www.ecva.net/papers/eccv_2024/papers_ECCV/html/3146_ECCV_2024_paper.php,not_identified,not_recorded,metric:map,"EchoScene: Indoor Scene Generation via Information Echo over Scene Graph Diffusion is retained as ARCHIVE because its an algorithmic or policy mechanism around Graph Reasoning, Diffusion preserves historical or adjacent context for Robotics-enabling 3D perception; it is outside the current robotics-first intensive scope.",Historical or adjacent material retained for search; outside the current intensive scope.,[],0,./2024/ECCV/2024_ECCV_EchoScene-Indoor-Scene-Generation-via-Information-Echo-ove/01_overview.md
pr-0759,EmbodiedScan: A Holistic Multi-Modal 3D Perception Suite Towards Embodied AI,2024,CVPR,conference,peer_reviewed,Benchmarks and Datasets,Robotics-enabling 3D perception,REFERENCE,,benchmark_or_dataset,"{""learning"":[],""interaction"":[],""modality"":[""rgb""],""control_level"":[""state_estimation""],""setting"":[],""embodiment"":[]}",FULL_TEXT_CHECKED,N/A,recorded,source_only,paper_specific,https://openaccess.thecvf.com/content/CVPR2024/html/Wang_EmbodiedScan_A_Holistic_Multi-Modal_3D_Perception_Suite_Towards_Embodied_AI_CVPR_2024_paper.html,not_identified,not_recorded,,"EmbodiedScan: A Holistic Multi-Modal 3D Perception Suite Towards Embodied AI is retained as REFERENCE because it provides a benchmark, dataset, or evaluation protocol around 3D Vision, Embodied AI, Dataset for targeted comparison in Robotics-enabling 3D perception; it is not required for the current intensive reading spine.","Important on-demand reference, but not required in the current intensive sequence.",[],0,./2024/CVPR/2024_CVPR_EmbodiedScan-A-Holistic-Multi-Modal-3D-Perception-Suite-To/01_overview.md
pr-0864,Eureka: Human-Level Reward Design via Coding Large Language Models,2024,ICLR,conference,peer_reviewed,Robot Learning and Data,"RL, IL, offline learning, and robot data",NEXT,,method,"{""learning"":[""reinforcement_learning""],""interaction"":[""contact_rich""],""modality"":[""force_torque"",""language""],""control_level"":[""policy""],""setting"":[],""embodiment"":[]}",FULL_TEXT_CHECKED,UNREAD,recorded,identified,paper_specific,https://openreview.net/forum?id=IEduRUO55F,project_only,not_recorded,code:3d8ac25df8e0;metric:success-rate,LLM이 executable reward code를 생성·개선해 robot RL의 reward engineering을 자동화한 NVIDIA의 대표 foundation-model-for-control paper다.,"Specialized or frontier extension selected after CORE for the RL, IL, offline learning, and robot data branch.",[],0,./2024/ICLR/2024_ICLR_Eureka-Human-Level-Reward-Design-via-Coding-Large-Language/01_overview.md
pr-0941,Evaluating Real-World Robot Manipulation Policies in Simulation,2024,CoRL,conference,peer_reviewed,Benchmarks and Datasets,"RL, IL, offline learning, and robot data",NEXT,,benchmark_or_dataset,"{""learning"":[],""interaction"":[""grasping""],""modality"":[],""control_level"":[""policy""],""setting"":[""real_robot"",""simulation""],""embodiment"":[""arm""]}",FULL_TEXT_CHECKED,UNREAD,recorded,identified,paper_specific,https://openreview.net/forum?id=LZh48DTg71,project_only,not_recorded,code:6911a10487cf,real-world generalist manipulation policy를 reproducible simulation에서 평가하고 sim-real ranking correlation을 측정하는 benchmark foundation이다.,"Specialized or frontier extension selected after CORE for the RL, IL, offline learning, and robot data branch.",[],0,./2024/CoRL/2024_CoRL_Evaluating-Real-World-Robot-Manipulation-Policies-in-Simul/01_overview.md
pr-0219,Exploiting Semantic Reconstruction to Mitigate Hallucinations in Vision-Language Models,2024,ECCV,conference,peer_reviewed,3D Vision-Language Understanding,Robotics-enabling 3D perception,ARCHIVE,,method,"{""learning"":[],""interaction"":[],""modality"":[""language"",""rgb""],""control_level"":[],""setting"":[],""embodiment"":[]}",FULL_TEXT_CHECKED,N/A,recorded,source_only,paper_specific,https://www.ecva.net/papers/eccv_2024/papers_ECCV/html/11636_ECCV_2024_paper.php,not_identified,not_recorded,metric:map,"Exploiting Semantic Reconstruction to Mitigate Hallucinations in Vision-Language Models is retained as ARCHIVE because its an algorithmic or policy mechanism around Vision-Language Model, semantic preserves historical or adjacent context for Robotics-enabling 3D perception; it is outside the current robotics-first intensive scope.",Historical or adjacent material retained for search; outside the current intensive scope.,[],0,./2024/ECCV/2024_ECCV_Exploiting-Semantic-Reconstruction-to-Mitigate-Hallucinati/01_overview.md
pr-0600,Expressive Whole-Body Control for Humanoid Robots,2024,RSS,conference,peer_reviewed,"Locomotion, Whole-Body, and Mobile Manipulation","Locomotion, whole-body, mobile manipulation, and humanoids",REFERENCE,,method,"{""learning"":[],""interaction"":[""grasping"",""locomotion"",""whole_body""],""modality"":[],""control_level"":[""feedback_control"",""whole_body""],""setting"":[""sim_to_real""],""embodiment"":[""arm"",""humanoid"",""mobile""]}",FULL_TEXT_CHECKED,N/A,recorded,source_only,paper_specific,https://www.roboticsproceedings.org/rss20/p107.html,project_only,not_recorded,code:23cb6a7b68ca;metric:success-rate,"Expressive Whole-Body Control for Humanoid Robots is retained as REFERENCE because it provides an algorithmic or policy mechanism around Robotics, humanoid, whole-body control for targeted comparison in Locomotion, whole-body, mobile manipulation, and humanoids; it is not required for the current intensive reading spine.","Important on-demand reference, but not required in the current intensive sequence.",[],0,./2024/RSS/2024_RSS_Expressive-Whole-Body-Control-for-Humanoid-Robots/01_overview.md
pr-0662,Extreme Parkour with Legged Robots,2024,ICRA,conference,peer_reviewed,"Locomotion, Whole-Body, and Mobile Manipulation","Locomotion, whole-body, mobile manipulation, and humanoids",NEXT,,method,"{""learning"":[""reinforcement_learning""],""interaction"":[""contact_rich"",""grasping"",""locomotion"",""whole_body""],""modality"":[""force_torque""],""control_level"":[""whole_body""],""setting"":[],""embodiment"":[""arm"",""legged"",""mobile""]}",FULL_TEXT_CHECKED,UNREAD,recorded,identified,paper_specific,https://arxiv.org/abs/2309.14341,project_only,not_recorded,code:1f5762b25d3e,"Extreme Parkour with Legged Robots is a NEXT comparison paper because it extends an algorithmic or policy mechanism around Robotics, quadruped locomotion, parkour in Locomotion, whole-body, mobile manipulation, and humanoids, exposing a specialized frontier after the shared CORE spine.","Specialized or frontier extension selected after CORE for the Locomotion, whole-body, mobile manipulation, and humanoids branch.",[],0,./2024/ICRA/2024_ICRA_Extreme-Parkour-with-Legged-Robots/01_overview.md
pr-0264,FM-Fusion: Instance-aware Semantic Mapping Boosted by Vision-Language Foundation Models,2024,RA-L,journal,peer_reviewed,3D Vision-Language Understanding,Robotics-enabling 3D perception,REFERENCE,,foundation,"{""learning"":[],""interaction"":[""navigation""],""modality"":[""language"",""rgb""],""control_level"":[""state_estimation""],""setting"":[],""embodiment"":[]}",FULL_TEXT_CHECKED,N/A,recorded,identified,paper_specific,https://arxiv.org/abs/2402.04555,released,not_recorded,benchmark:scannet;code:b9c752699da4;metric:map,"FM-Fusion: Instance-aware Semantic Mapping Boosted by Vision-Language Foundation Models is retained as REFERENCE because it provides a reusable formulation or system primitive around Vision-Language Model, semantic for targeted comparison in Robotics-enabling 3D perception; it is not required for the current intensive reading spine.","Important on-demand reference, but not required in the current intensive sequence.",[],0,./2024/RA-L/2024_RA-L_FM-Fusion-Instance-aware-Semantic-Mapping-Boosted-by-Visio/01_overview.md
pr-0407,Gaussian Grouping: Segment and Edit Anything in 3D Scenes,2024,ECCV,conference,peer_reviewed,Neural Scene Representations,Robotics-enabling 3D perception,ARCHIVE,,method,"{""learning"":[],""interaction"":[],""modality"":[""point_cloud"",""rgb""],""control_level"":[],""setting"":[],""embodiment"":[]}",FULL_TEXT_CHECKED,N/A,recorded,source_only,paper_specific,https://www.ecva.net/papers/eccv_2024/papers_ECCV/html/4195_ECCV_2024_paper.php,not_identified,not_recorded,benchmark:replica;benchmark:scannet;metric:map,"Gaussian Grouping: Segment and Edit Anything in 3D Scenes is retained as ARCHIVE because its an algorithmic or policy mechanism around Gaussian Splatting, 3D Vision preserves historical or adjacent context for Robotics-enabling 3D perception; it is outside the current robotics-first intensive scope.",Historical or adjacent material retained for search; outside the current intensive scope.,[],0,./2024/ECCV/2024_ECCV_Gaussian-Grouping-Segment-and-Edit-Anything-in-3D-Scenes/01_overview.md
pr-0327,GaussianDreamer: Fast Generation from Text to 3D Gaussians by Bridging 2D and 3D Diffusion Models,2024,CVPR,conference,peer_reviewed,3D Generative Modeling,Robotics-enabling 3D perception,ARCHIVE,,method,"{""learning"":[""diffusion""],""interaction"":[],""modality"":[""point_cloud"",""rgb""],""control_level"":[],""setting"":[],""embodiment"":[]}",FULL_TEXT_CHECKED,N/A,recorded,source_only,paper_specific,https://openaccess.thecvf.com/content/CVPR2024/html/Yi_GaussianDreamer_Fast_Generation_from_Text_to_3D_Gaussians_by_Bridging_CVPR_2024_paper.html,not_identified,not_recorded,,"GaussianDreamer: Fast Generation from Text to 3D Gaussians by Bridging 2D and 3D Diffusion Models is retained as ARCHIVE because its an algorithmic or policy mechanism around Gaussian Splatting, Diffusion, Generation preserves historical or adjacent context for Robotics-enabling 3D perception; it is outside the current robotics-first intensive scope.",Historical or adjacent material retained for search; outside the current intensive scope.,[],0,./2024/CVPR/2024_CVPR_GaussianDreamer-Fast-Generation-from-Text-to-3D-Gaussians/01_overview.md
pr-0215,GaussianFormer: Scene as Gaussians for Vision-Based 3D Semantic Occupancy Prediction,2024,ECCV,conference,peer_reviewed,Language-Grounded 3D Scene Representations,Robotics-enabling 3D perception,REFERENCE,,method,"{""learning"":[],""interaction"":[],""modality"":[""language"",""point_cloud"",""rgb""],""control_level"":[],""setting"":[],""embodiment"":[]}",FULL_TEXT_CHECKED,N/A,recorded,source_only,paper_specific,https://www.ecva.net/papers/eccv_2024/papers_ECCV/html/3958_ECCV_2024_paper.php,not_identified,not_recorded,benchmark:kitti;benchmark:nuscenes;metric:map,"GaussianFormer: Scene as Gaussians for Vision-Based 3D Semantic Occupancy Prediction is retained as REFERENCE because it provides an algorithmic or policy mechanism around 3D Vision, Gaussian Splatting, semantic for targeted comparison in Robotics-enabling 3D perception; it is not required for the current intensive reading spine.","Important on-demand reference, but not required in the current intensive sequence.",[],0,./2024/ECCV/2024_ECCV_GaussianFormer-Scene-as-Gaussians-for-Vision-Based-3D-Sema/01_overview.md
pr-0262,GaussianGrasper: 3D Language Gaussian Splatting for Open-vocabulary Robotic Grasping,2024,RA-L,journal,peer_reviewed,Language-Grounded 3D Scene Representations,"Manipulation, contact, tactile, and dexterity",NEXT,,method,"{""learning"":[],""interaction"":[""grasping""],""modality"":[""language"",""point_cloud"",""rgb""],""control_level"":[],""setting"":[],""embodiment"":[""arm""]}",FULL_TEXT_CHECKED,UNREAD,recorded,identified,paper_specific,https://arxiv.org/abs/2403.09637,released,not_recorded,code:58eafa2b76d7;metric:map,"GaussianGrasper: 3D Language Gaussian Splatting for Open-vocabulary Robotic Grasping is a NEXT comparison paper because it extends an algorithmic or policy mechanism around Robotics, 3D Vision, Gaussian Splatting in Manipulation, contact, tactile, and dexterity, exposing a specialized frontier after the shared CORE spine.","Specialized or frontier extension selected after CORE for the Manipulation, contact, tactile, and dexterity branch.",[],0,./2024/RA-L/2024_RA-L_GaussianGrasper-3D-Language-Gaussian-Splatting-for-Open-vo/01_overview.md
pr-0404,GaussReg: Fast 3D Registration with Gaussian Splatting,2024,ECCV,conference,peer_reviewed,"3D Geometry, Registration, and Equivariance",Robotics-enabling 3D perception,REFERENCE,,method,"{""learning"":[],""interaction"":[],""modality"":[""point_cloud"",""rgb""],""control_level"":[],""setting"":[],""embodiment"":[]}",FULL_TEXT_CHECKED,N/A,recorded,source_only,paper_specific,https://www.ecva.net/papers/eccv_2024/papers_ECCV/html/2380_ECCV_2024_paper.php,not_identified,not_recorded,metric:map,"GaussReg: Fast 3D Registration with Gaussian Splatting is retained as REFERENCE because it provides an algorithmic or policy mechanism around Gaussian Splatting, geometry, 3D Vision for targeted comparison in Robotics-enabling 3D perception; it is not required for the current intensive reading spine.","Important on-demand reference, but not required in the current intensive sequence.",[],0,./2024/ECCV/2024_ECCV_GaussReg-Fast-3D-Registration-with-Gaussian-Splatting/01_overview.md
pr-0763,Generate Subgoal Images before Act: Unlocking the Chain-of-Thought Reasoning in Diffusion Model for Robot Manipulation with Multimodal Prompts,2024,CVPR,conference,peer_reviewed,VLA and Generalist Robot Policies,VLA and generalist robot policies,REFERENCE,,method,"{""learning"":[""diffusion"",""optimization_or_planning"",""vla""],""interaction"":[""grasping""],""modality"":[""language"",""rgb""],""control_level"":[""policy""],""setting"":[],""embodiment"":[""arm""]}",FULL_TEXT_CHECKED,N/A,recorded,source_only,paper_specific,https://openaccess.thecvf.com/content/CVPR2024/html/Ni_Generate_Subgoal_Images_before_Act_Unlocking_the_Chain-of-Thought_Reasoning_in_CVPR_2024_paper.html,not_identified,not_recorded,metric:success-rate,"Generate Subgoal Images before Act: Unlocking the Chain-of-Thought Reasoning in Diffusion Model for Robot Manipulation with Multimodal Prompts is retained as REFERENCE because it provides an algorithmic or policy mechanism around Diffusion, VLA, Planning for targeted comparison in VLA and generalist robot policies; it is not required for the current intensive reading spine.","Important on-demand reference, but not required in the current intensive sequence.",[],0,./2024/CVPR/2024_CVPR_Generate-Subgoal-Images-before-Act-Unlocking-the-Chain-of/01_overview.md
pr-0401,GeoCalib: Learning Single-image Calibration with Geometric Optimization,2024,ECCV,conference,peer_reviewed,"3D Geometry, Registration, and Equivariance",Robotics-enabling 3D perception,REFERENCE,,method,"{""learning"":[""optimization_or_planning""],""interaction"":[],""modality"":[""point_cloud"",""rgb""],""control_level"":[],""setting"":[],""embodiment"":[]}",FULL_TEXT_CHECKED,N/A,recorded,source_only,paper_specific,https://www.ecva.net/papers/eccv_2024/papers_ECCV/html/5636_ECCV_2024_paper.php,not_identified,not_recorded,metric:map,"GeoCalib: Learning Single-image Calibration with Geometric Optimization is retained as REFERENCE because it provides an algorithmic or policy mechanism around geometry, 3D Vision for targeted comparison in Robotics-enabling 3D perception; it is not required for the current intensive reading spine.","Important on-demand reference, but not required in the current intensive sequence.",[],0,./2024/ECCV/2024_ECCV_GeoCalib-Learning-Single-image-Calibration-with-Geometric/01_overview.md
pr-0403,GeoGaussian: Geometry-aware Gaussian Splatting for Scene Rendering,2024,ECCV,conference,peer_reviewed,Neural Scene Representations,Robotics-enabling 3D perception,ARCHIVE,,method,"{""learning"":[],""interaction"":[],""modality"":[""point_cloud"",""rgb""],""control_level"":[],""setting"":[],""embodiment"":[]}",FULL_TEXT_CHECKED,N/A,recorded,source_only,paper_specific,https://www.ecva.net/papers/eccv_2024/papers_ECCV/html/5218_ECCV_2024_paper.php,not_identified,not_recorded,metric:lpips;metric:map,"GeoGaussian: Geometry-aware Gaussian Splatting for Scene Rendering is retained as ARCHIVE because its an algorithmic or policy mechanism around Gaussian Splatting, 3D Vision preserves historical or adjacent context for Robotics-enabling 3D perception; it is outside the current robotics-first intensive scope.",Historical or adjacent material retained for search; outside the current intensive scope.,[],0,./2024/ECCV/2024_ECCV_GeoGaussian-Geometry-aware-Gaussian-Splatting-for-Scene-Re/01_overview.md
pr-0207,Global-Local Collaborative Inference with LLM for Lidar-Based Open-Vocabulary Detection,2024,ECCV,conference,peer_reviewed,3D Vision-Language Understanding,Robotics-enabling 3D perception,ARCHIVE,,method,"{""learning"":[],""interaction"":[],""modality"":[""language"",""lidar"",""rgb""],""control_level"":[],""setting"":[],""embodiment"":[]}",FULL_TEXT_CHECKED,N/A,recorded,source_only,paper_specific,https://www.ecva.net/papers/eccv_2024/papers_ECCV/html/5197_ECCV_2024_paper.php,not_identified,not_recorded,metric:map,Global-Local Collaborative Inference with LLM for Lidar-Based Open-Vocabulary Detection is retained as ARCHIVE because its an algorithmic or policy mechanism around semantic preserves historical or adjacent context for Robotics-enabling 3D perception; it is outside the current robotics-first intensive scope.,Historical or adjacent material retained for search; outside the current intensive scope.,[],0,./2024/ECCV/2024_ECCV_Global-Local-Collaborative-Inference-with-LLM-for-Lidar-Ba/01_overview.md
pr-0928,GOAT: GO to Any Thing,2024,RSS,conference,peer_reviewed,Embodied Navigation and Mapping,"Locomotion, whole-body, mobile manipulation, and humanoids",NEXT,,system,"{""learning"":[],""interaction"":[""grasping"",""navigation""],""modality"":[],""control_level"":[""state_estimation""],""setting"":[""long_horizon""],""embodiment"":[""arm"",""mobile""]}",FULL_TEXT_CHECKED,UNREAD,recorded,identified,paper_specific,https://www.roboticsproceedings.org/rss20/p073.html,not_identified,not_recorded,,"category/image/language goal, lifelong instance memory, downstream pick-and-place를 하나의 실제 mobile robot navigation system으로 연결한다.","Specialized or frontier extension selected after CORE for the Locomotion, whole-body, mobile manipulation, and humanoids branch.",[],0,./2024/RSS/2024_RSS_GOAT-GO-to-Any-Thing/01_overview.md
pr-0532,Grounding DINO: Marrying DINO with Grounded Pre-Training for Open-Set Object Detection,2024,ECCV,conference,peer_reviewed,Foundations: Vision and Language Models,,REFERENCE,,foundation,"{""learning"":[],""interaction"":[],""modality"":[""language"",""rgb""],""control_level"":[],""setting"":[],""embodiment"":[]}",FULL_TEXT_CHECKED,N/A,recorded,identified,paper_specific,https://arxiv.org/abs/2303.05499,released,not_recorded,code:4908a28e287a;metric:ap,"Grounding DINO: Marrying DINO with Grounded Pre-Training for Open-Set Object Detection is retained as REFERENCE because it provides a reusable formulation or system primitive around Vision Foundation Model, grounding, open-vocabulary for targeted comparison in Foundations: Vision and Language Models; it is not required for the current intensive reading spine.","Important on-demand reference, but not required in the current intensive sequence.",[],0,./2024/ECCV/2024_ECCV_Grounding-DINO-Marrying-DINO-with-Grounded-Pre-Training-fo/01_overview.md
pr-0047,Grounding Image Matching in 3D with MASt3R,2024,ECCV,conference,peer_reviewed,"3D Geometry, Reconstruction, and SLAM",Robotics-enabling 3D perception,REFERENCE,,method,"{""learning"":[],""interaction"":[""navigation""],""modality"":[""point_cloud"",""rgb""],""control_level"":[""state_estimation""],""setting"":[],""embodiment"":[]}",FULL_TEXT_CHECKED,N/A,recorded,identified,paper_specific,https://arxiv.org/abs/2406.09756,released,not_recorded,code:ca536efda2a2;metric:map,"Grounding Image Matching in 3D with MASt3R is retained as REFERENCE because it provides an algorithmic or policy mechanism around 3D geometry, matching, calibration for targeted comparison in Robotics-enabling 3D perception; it is not required for the current intensive reading spine.","Important on-demand reference, but not required in the current intensive sequence.",[],0,./2024/ECCV/2024_ECCV_Grounding-Image-Matching-in-3D-with-MASt3R/01_overview.md
pr-0399,GS-LRM: Large Reconstruction Model for 3D Gaussian Splatting,2024,ECCV,conference,peer_reviewed,Neural Scene Representations,Robotics-enabling 3D perception,ARCHIVE,,method,"{""learning"":[],""interaction"":[],""modality"":[""point_cloud"",""rgb""],""control_level"":[],""setting"":[],""embodiment"":[]}",FULL_TEXT_CHECKED,N/A,recorded,source_only,paper_specific,https://www.ecva.net/papers/eccv_2024/papers_ECCV/html/3212_ECCV_2024_paper.php,not_identified,not_recorded,metric:map,"GS-LRM: Large Reconstruction Model for 3D Gaussian Splatting is retained as ARCHIVE because its an algorithmic or policy mechanism around Gaussian Splatting, 3D reconstruction, 3D Vision preserves historical or adjacent context for Robotics-enabling 3D perception; it is outside the current robotics-first intensive scope.",Historical or adjacent material retained for search; outside the current intensive scope.,[],0,./2024/ECCV/2024_ECCV_GS-LRM-Large-Reconstruction-Model-for-3D-Gaussian-Splattin/01_overview.md
pr-0769,GS-SLAM: Dense Visual SLAM with 3D Gaussian Splatting,2024,CVPR,conference,peer_reviewed,"3D Geometry, Reconstruction, and SLAM",Robotics-enabling 3D perception,REFERENCE,,method,"{""learning"":[],""interaction"":[""navigation""],""modality"":[""point_cloud""],""control_level"":[""state_estimation""],""setting"":[],""embodiment"":[]}",FULL_TEXT_CHECKED,N/A,recorded,source_only,paper_specific,https://openaccess.thecvf.com/content/CVPR2024/html/Yan_GS-SLAM_Dense_Visual_SLAM_with_3D_Gaussian_Splatting_CVPR_2024_paper.html,not_identified,not_recorded,benchmark:replica;metric:map,"GS-SLAM: Dense Visual SLAM with 3D Gaussian Splatting is retained as REFERENCE because it provides an algorithmic or policy mechanism around SLAM, Gaussian Splatting, geometry for targeted comparison in Robotics-enabling 3D perception; it is not required for the current intensive reading spine.","Important on-demand reference, but not required in the current intensive sequence.",[],0,./2024/CVPR/2024_CVPR_GS-SLAM-Dense-Visual-SLAM-with-3D-Gaussian-Splatting/01_overview.md
pr-0949,"Habitat 3.0: A Co-Habitat for Humans, Avatars, and Robots",2024,ICLR,conference,peer_reviewed,Benchmarks and Datasets,"Locomotion, whole-body, mobile manipulation, and humanoids",REFERENCE,,benchmark_or_dataset,"{""learning"":[],""interaction"":[""grasping"",""navigation""],""modality"":[],""control_level"":[],""setting"":[""simulation""],""embodiment"":[""arm"",""humanoid"",""mobile""]}",FULL_TEXT_CHECKED,N/A,recorded,source_only,paper_specific,https://proceedings.iclr.cc/paper_files/paper/2024/hash/430894999584d0bd358611e2ecf00b15-Abstract-Conference.html,project_only,not_recorded,code:2c1266c57b10,humanoid simulation·human-in-the-loop·social navigation/rearrangement를 robotics evaluation stack에 추가하는 최신 Habitat foundation이다.,"Important on-demand reference, but not required in the current intensive sequence.",[],0,./2024/ICLR/2024_ICLR_Habitat-3.0-A-Co-Habitat-for-Humans-Avatars-and-Robots/01_overview.md
pr-0317,HandDiff: 3D Hand Pose Estimation with Diffusion on Image-Point Cloud,2024,CVPR,conference,peer_reviewed,3D Generative Modeling,Robotics-enabling 3D perception,ARCHIVE,,method,"{""learning"":[""diffusion""],""interaction"":[],""modality"":[""point_cloud"",""rgb""],""control_level"":[],""setting"":[],""embodiment"":[]}",FULL_TEXT_CHECKED,N/A,recorded,source_only,paper_specific,https://openaccess.thecvf.com/content/CVPR2024/html/Cheng_HandDiff_3D_Hand_Pose_Estimation_with_Diffusion_on_Image-Point_Cloud_CVPR_2024_paper.html,not_identified,not_recorded,,"HandDiff: 3D Hand Pose Estimation with Diffusion on Image-Point Cloud is retained as ARCHIVE because its an algorithmic or policy mechanism around geometry, Diffusion, Generation preserves historical or adjacent context for Robotics-enabling 3D perception; it is outside the current robotics-first intensive scope.",Historical or adjacent material retained for search; outside the current intensive scope.,[],0,./2024/CVPR/2024_CVPR_HandDiff-3D-Hand-Pose-Estimation-with-Diffusion-on-Image-P/01_overview.md
pr-0571,Hearing Touch: Audio-Visual Pretraining for Contact-Rich Manipulation,2024,ICRA,conference,peer_reviewed,"Manipulation, Contact, and Dexterity","Manipulation, contact, tactile, and dexterity",REFERENCE,,method,"{""learning"":[],""interaction"":[""contact_rich"",""grasping""],""modality"":[""audio"",""tactile""],""control_level"":[],""setting"":[],""embodiment"":[""arm""]}",FULL_TEXT_CHECKED,N/A,recorded,identified,paper_specific,https://arxiv.org/abs/2405.08576,project_only,not_recorded,code:469a9a9a8fe0,"Hearing Touch: Audio-Visual Pretraining for Contact-Rich Manipulation is retained as REFERENCE because it provides an algorithmic or policy mechanism around Robotics, tactile sensing, audio-visual pretraining for targeted comparison in Manipulation, contact, tactile, and dexterity; it is not required for the current intensive reading spine.","Important on-demand reference, but not required in the current intensive sequence.",[],0,./2024/ICRA/2024_ICRA_Hearing-Touch-Audio-Visual-Pretraining-for-Contact-Rich-Ma/01_overview.md
pr-0211,Heterogeneous Graph Learning for Scene Graph Prediction in 3D Point Clouds,2024,ECCV,conference,peer_reviewed,3D Vision-Language Understanding,Robotics-enabling 3D perception,ARCHIVE,,method,"{""learning"":[],""interaction"":[],""modality"":[""language"",""point_cloud"",""rgb""],""control_level"":[],""setting"":[],""embodiment"":[]}",FULL_TEXT_CHECKED,N/A,recorded,source_only,paper_specific,https://www.ecva.net/papers/eccv_2024/papers_ECCV/html/3785_ECCV_2024_paper.php,not_identified,not_recorded,metric:map,"Heterogeneous Graph Learning for Scene Graph Prediction in 3D Point Clouds is retained as ARCHIVE because its an algorithmic or policy mechanism around 3D Vision, Graph Reasoning preserves historical or adjacent context for Robotics-enabling 3D perception; it is outside the current robotics-first intensive scope.",Historical or adjacent material retained for search; outside the current intensive scope.,[],0,./2024/ECCV/2024_ECCV_Heterogeneous-Graph-Learning-for-Scene-Graph-Prediction-in/01_overview.md
pr-0762,Hierarchical Diffusion Policy for Kinematics-Aware Multi-Task Robotic Manipulation,2024,CVPR,conference,peer_reviewed,"Manipulation, Contact, and Dexterity","Manipulation, contact, tactile, and dexterity",REFERENCE,,method,"{""learning"":[""diffusion"",""imitation_learning""],""interaction"":[""contact_rich"",""grasping""],""modality"":[],""control_level"":[""policy""],""setting"":[],""embodiment"":[""arm""]}",FULL_TEXT_CHECKED,N/A,recorded,source_only,paper_specific,https://openaccess.thecvf.com/content/CVPR2024/html/Ma_Hierarchical_Diffusion_Policy_for_Kinematics-Aware_Multi-Task_Robotic_Manipulation_CVPR_2024_paper.html,not_identified,not_recorded,metric:success-rate,"Hierarchical Diffusion Policy for Kinematics-Aware Multi-Task Robotic Manipulation is retained as REFERENCE because it provides an algorithmic or policy mechanism around Diffusion, Robotics, Imitation Learning for targeted comparison in Manipulation, contact, tactile, and dexterity; it is not required for the current intensive reading spine.","Important on-demand reference, but not required in the current intensive sequence.","[{""type"":""extends"",""paper_id"":""pr-0019"",""confidence"":""inferred""}]",0,./2024/CVPR/2024_CVPR_Hierarchical-Diffusion-Policy-for-Kinematics-Aware-Multi-T/01_overview.md
pr-0765,Holodeck: Language Guided Generation of 3D Embodied AI Environments,2024,CVPR,conference,peer_reviewed,Embodied Navigation and Mapping,Robotics-enabling 3D perception,ARCHIVE,,method,"{""learning"":[],""interaction"":[""navigation""],""modality"":[""language""],""control_level"":[""state_estimation""],""setting"":[],""embodiment"":[""mobile""]}",FULL_TEXT_CHECKED,N/A,recorded,source_only,paper_specific,https://openaccess.thecvf.com/content/CVPR2024/html/Yang_Holodeck_Language_Guided_Generation_of_3D_Embodied_AI_Environments_CVPR_2024_paper.html,not_identified,not_recorded,metric:map,"Holodeck: Language Guided Generation of 3D Embodied AI Environments is retained as ARCHIVE because its an algorithmic or policy mechanism around Generation, 3D scene, Embodied AI preserves historical or adjacent context for Robotics-enabling 3D perception; it is outside the current robotics-first intensive scope.",Historical or adjacent material retained for search; outside the current intensive scope.,[],0,./2024/CVPR/2024_CVPR_Holodeck-Language-Guided-Generation-of-3D-Embodied-AI-Envi/01_overview.md
pr-0599,HumanoidBench: Simulated Humanoid Benchmark for Whole-Body Locomotion and Manipulation,2024,RSS,conference,peer_reviewed,Benchmarks and Datasets,"Locomotion, whole-body, mobile manipulation, and humanoids",CORE,,benchmark_or_dataset,"{""learning"":[],""interaction"":[""grasping"",""locomotion"",""whole_body""],""modality"":[],""control_level"":[""feedback_control"",""whole_body""],""setting"":[],""embodiment"":[""arm"",""humanoid""]}",FULL_TEXT_CHECKED,UNREAD,recorded,source_only,paper_specific,https://www.roboticsproceedings.org/rss20/p061.html,project_only,not_recorded,benchmark:humanoidbench;code:1629133094c1,"HumanoidBench: Simulated Humanoid Benchmark for Whole-Body Locomotion and Manipulation is a CORE prerequisite because it establishes a benchmark, dataset, or evaluation protocol around Robotics, humanoid, Benchmark, providing a reference point for Locomotion, whole-body, mobile manipulation, and humanoids comparisons in the observation-to-action loop.","Common foundation and prerequisite for the Locomotion, whole-body, mobile manipulation, and humanoids spine.",[],0,./2024/RSS/2024_RSS_HumanoidBench-Simulated-Humanoid-Benchmark-for-Whole-Body/01_overview.md
pr-0601,HumanPlus: Humanoid Shadowing and Imitation from Humans,2024,CoRL,conference,peer_reviewed,Robot Learning and Data,"Locomotion, whole-body, mobile manipulation, and humanoids",NEXT,,method,"{""learning"":[""imitation_learning""],""interaction"":[],""modality"":[],""control_level"":[""policy""],""setting"":[],""embodiment"":[""humanoid""]}",FULL_TEXT_CHECKED,UNREAD,recorded,identified,paper_specific,https://openreview.net/forum?id=WnSl42M9Z4,project_only,not_recorded,code:db8040c39260;metric:success-rate,"HumanPlus: Humanoid Shadowing and Imitation from Humans is a NEXT comparison paper because it extends an algorithmic or policy mechanism around Robotics, humanoid, human-to-humanoid in Locomotion, whole-body, mobile manipulation, and humanoids, exposing a specialized frontier after the shared CORE spine.","Specialized or frontier extension selected after CORE for the Locomotion, whole-body, mobile manipulation, and humanoids branch.",[],0,./2024/CoRL/2024_CoRL_HumanPlus-Humanoid-Shadowing-and-Imitation-from-Humans/01_overview.md
pr-0318,IPoD: Implicit Field Learning with Point Diffusion for Generalizable 3D Object Reconstruction from Single RGB-D Images,2024,CVPR,conference,peer_reviewed,3D Generative Modeling,Robotics-enabling 3D perception,ARCHIVE,,method,"{""learning"":[""diffusion""],""interaction"":[],""modality"":[""depth"",""point_cloud"",""rgb""],""control_level"":[],""setting"":[],""embodiment"":[]}",FULL_TEXT_CHECKED,N/A,recorded,source_only,paper_specific,https://openaccess.thecvf.com/content/CVPR2024/html/Wu_IPoD_Implicit_Field_Learning_with_Point_Diffusion_for_Generalizable_3D_CVPR_2024_paper.html,not_identified,not_recorded,metric:chamfer;metric:f-score,"IPoD: Implicit Field Learning with Point Diffusion for Generalizable 3D Object Reconstruction from Single RGB-D Images is retained as ARCHIVE because its an algorithmic or policy mechanism around 3D reconstruction, Diffusion, Generation preserves historical or adjacent context for Robotics-enabling 3D perception; it is outside the current robotics-first intensive scope.",Historical or adjacent material retained for search; outside the current intensive scope.,[],0,./2024/CVPR/2024_CVPR_IPoD-Implicit-Field-Learning-with-Point-Diffusion-for-Gene/01_overview.md
pr-0755,LangSplat: 3D Language Gaussian Splatting,2024,CVPR,conference,peer_reviewed,Language-Grounded 3D Scene Representations,Robotics-enabling 3D perception,ARCHIVE,,method,"{""learning"":[],""interaction"":[],""modality"":[""language"",""point_cloud"",""rgb""],""control_level"":[],""setting"":[],""embodiment"":[]}",FULL_TEXT_CHECKED,N/A,recorded,source_only,paper_specific,https://openaccess.thecvf.com/content/CVPR2024/html/Qin_LangSplat_3D_Language_Gaussian_Splatting_CVPR_2024_paper.html,not_identified,not_recorded,metric:map,"LangSplat: 3D Language Gaussian Splatting is retained as ARCHIVE because its an algorithmic or policy mechanism around Gaussian Splatting, Vision-Language, grounding preserves historical or adjacent context for Robotics-enabling 3D perception; it is outside the current robotics-first intensive scope.",Historical or adjacent material retained for search; outside the current intensive scope.,[],0,./2024/CVPR/2024_CVPR_LangSplat-3D-Language-Gaussian-Splatting/01_overview.md
pr-0756,Language Embedded 3D Gaussians for Open-Vocabulary Scene Understanding,2024,CVPR,conference,peer_reviewed,Language-Grounded 3D Scene Representations,Robotics-enabling 3D perception,ARCHIVE,,method,"{""learning"":[],""interaction"":[],""modality"":[""language"",""point_cloud""],""control_level"":[],""setting"":[],""embodiment"":[]}",FULL_TEXT_CHECKED,N/A,recorded,source_only,paper_specific,https://openaccess.thecvf.com/content/CVPR2024/html/Shi_Language_Embedded_3D_Gaussians_for_Open-Vocabulary_Scene_Understanding_CVPR_2024_paper.html,not_identified,not_recorded,metric:map,"Language Embedded 3D Gaussians for Open-Vocabulary Scene Understanding is retained as ARCHIVE because its an algorithmic or policy mechanism around Gaussian Splatting, open-vocabulary, semantic preserves historical or adjacent context for Robotics-enabling 3D perception; it is outside the current robotics-first intensive scope.",Historical or adjacent material retained for search; outside the current intensive scope.,[],0,./2024/CVPR/2024_CVPR_Language-Embedded-3D-Gaussians-for-Open-Vocabulary-Scene-U/01_overview.md
pr-0265,Language-Grounded Dynamic Scene Graphs for Interactive Object Search with Mobile Manipulation,2024,RA-L,journal,peer_reviewed,3D Vision-Language Understanding,"Locomotion, whole-body, mobile manipulation, and humanoids",NEXT,,method,"{""learning"":[],""interaction"":[""grasping""],""modality"":[""language"",""rgb""],""control_level"":[],""setting"":[],""embodiment"":[""arm"",""mobile""]}",FULL_TEXT_CHECKED,UNREAD,recorded,identified,paper_specific,https://arxiv.org/abs/2403.08605,project_only,not_recorded,code:538458d0b804;metric:auc;metric:spl;metric:success-rate,"Language-Grounded Dynamic Scene Graphs for Interactive Object Search with Mobile Manipulation is a NEXT comparison paper because it extends an algorithmic or policy mechanism around Robotics, Graph Reasoning in Locomotion, whole-body, mobile manipulation, and humanoids, exposing a specialized frontier after the shared CORE spine.","Specialized or frontier extension selected after CORE for the Locomotion, whole-body, mobile manipulation, and humanoids branch.",[],0,./2024/RA-L/2024_RA-L_Language-Grounded-Dynamic-Scene-Graphs-for-Interactive-Obj/01_overview.md
pr-0700,Learning Interactive Real-World Simulators,2024,ICLR,conference,peer_reviewed,"World Models, Safety, and Recovery","World models, safety, uncertainty, and recovery",NEXT,,system,"{""learning"":[""world_model""],""interaction"":[],""modality"":[""language"",""rgb""],""control_level"":[""safety_or_recovery""],""setting"":[""real_robot"",""simulation""],""embodiment"":[]}",FULL_TEXT_CHECKED,UNREAD,recorded,identified,paper_specific,https://proceedings.iclr.cc/paper_files/paper/2024/hash/c4d66eae503694424123b93ac0fbaf17-Abstract-Conference.html,project_only,not_recorded,code:5f09e64c4a9c,"Learning Interactive Real-World Simulators is a NEXT comparison paper because it extends an integrated robotics system and deployment interface around Robotics, world model, interactive simulator in World models, safety, uncertainty, and recovery, exposing a specialized frontier after the shared CORE spine.","Specialized or frontier extension selected after CORE for the World models, safety, uncertainty, and recovery branch.",[],0,./2024/ICLR/2024_ICLR_Learning-Interactive-Real-World-Simulators/01_overview.md
pr-0577,Learning Robotic Manipulation Policies from Point Clouds with Conditional Flow Matching,2024,CoRL,conference,peer_reviewed,Robot Learning and Data,"Manipulation, contact, tactile, and dexterity",NEXT,,method,"{""learning"":[""flow_matching"",""imitation_learning""],""interaction"":[""grasping""],""modality"":[""point_cloud""],""control_level"":[""policy""],""setting"":[],""embodiment"":[""arm""]}",FULL_TEXT_CHECKED,UNREAD,recorded,identified,paper_specific,https://arxiv.org/abs/2409.07343,not_identified,not_recorded,benchmark:rlbench;metric:success-rate,"Learning Robotic Manipulation Policies from Point Clouds with Conditional Flow Matching is a NEXT comparison paper because it extends an algorithmic or policy mechanism around Robotics, point cloud, conditional flow matching in Manipulation, contact, tactile, and dexterity, exposing a specialized frontier after the shared CORE spine.","Specialized or frontier extension selected after CORE for the Manipulation, contact, tactile, and dexterity branch.","[{""type"":""builds_on"",""paper_id"":""pr-0745"",""confidence"":""verified""}]",1,./2024/CoRL/2024_CoRL_Learning-Robotic-Manipulation-Policies-from-Point-Clouds-w/01_overview.md
pr-0575,Learning to Walk from Three Minutes of Real-World Data with Semi-structured Dynamics Models,2024,CoRL,conference,peer_reviewed,"Locomotion, Whole-Body, and Mobile Manipulation","Locomotion, whole-body, mobile manipulation, and humanoids",REFERENCE,,method,"{""learning"":[""reinforcement_learning""],""interaction"":[""contact_rich"",""grasping"",""locomotion"",""whole_body""],""modality"":[""force_torque""],""control_level"":[""whole_body""],""setting"":[""real_robot""],""embodiment"":[""arm"",""mobile""]}",FULL_TEXT_CHECKED,N/A,recorded,identified,paper_specific,https://openreview.net/forum?id=evCXwlCMIi,project_only,not_recorded,code:e193a342166b,"Learning to Walk from Three Minutes of Real-World Data with Semi-structured Dynamics Models is retained as REFERENCE because it provides an algorithmic or policy mechanism around Robotics, locomotion, model-based reinforcement learning for targeted comparison in Locomotion, whole-body, mobile manipulation, and humanoids; it is not required for the current intensive reading spine.","Important on-demand reference, but not required in the current intensive sequence.",[],0,./2024/CoRL/2024_CoRL_Learning-to-Walk-from-Three-Minutes-of-Real-World-Data-wit/01_overview.md
pr-0570,Learning Vision-Based Bipedal Locomotion for Challenging Terrain,2024,ICRA,conference,peer_reviewed,"Locomotion, Whole-Body, and Mobile Manipulation","Locomotion, whole-body, mobile manipulation, and humanoids",REFERENCE,,method,"{""learning"":[""reinforcement_learning""],""interaction"":[""contact_rich"",""grasping"",""locomotion"",""whole_body""],""modality"":[""force_torque"",""rgb""],""control_level"":[""whole_body""],""setting"":[""sim_to_real""],""embodiment"":[""arm"",""humanoid"",""mobile""]}",FULL_TEXT_CHECKED,N/A,recorded,identified,paper_specific,https://arxiv.org/abs/2309.14594,not_identified,not_recorded,,"Learning Vision-Based Bipedal Locomotion for Challenging Terrain is retained as REFERENCE because it provides an algorithmic or policy mechanism around Robotics, bipedal locomotion, sim-to-real for targeted comparison in Locomotion, whole-body, mobile manipulation, and humanoids; it is not required for the current intensive reading spine.","Important on-demand reference, but not required in the current intensive sequence.",[],0,./2024/ICRA/2024_ICRA_Learning-Vision-Based-Bipedal-Locomotion-for-Challenging-T/01_overview.md
pr-0944,Linear-time Differential Inverse Kinematics: an Augmented Lagrangian Perspective,2024,RSS,conference,peer_reviewed,Robotics Foundations: Planning and Control,Planning and control,NEXT,,method,"{""learning"":[""optimization_or_planning""],""interaction"":[""whole_body""],""modality"":[],""control_level"":[""feedback_control"",""whole_body""],""setting"":[""real_time""],""embodiment"":[]}",FULL_TEXT_CHECKED,UNREAD,recorded,identified,paper_specific,https://www.roboticsproceedings.org/rss20/p110.html,not_identified,not_recorded,,manipulation·humanoid whole-body control에서 QP differential IK의 computational bottleneck을 linear-complexity solver로 보강한다.,Specialized or frontier extension selected after CORE for the Planning and control branch.,[],0,./2024/RSS/2024_RSS_Linear-time-Differential-Inverse-Kinematics-an-Augmented-L/01_overview.md
pr-0049,"LL3DA: Visual Interactive Instruction Tuning for Omni-3D Understanding, Reasoning, and Planning",2024,CVPR,conference,peer_reviewed,3D Vision-Language Understanding,Planning and control,ARCHIVE,,method,"{""learning"":[""optimization_or_planning""],""interaction"":[],""modality"":[""language"",""rgb""],""control_level"":[],""setting"":[],""embodiment"":[]}",FULL_TEXT_CHECKED,N/A,recorded,identified,paper_specific,https://arxiv.org/abs/2311.18651,released,not_recorded,code:56b42acd709d;metric:map,"LL3DA: Visual Interactive Instruction Tuning for Omni-3D Understanding, Reasoning, and Planning is retained as ARCHIVE because its an algorithmic or policy mechanism around LLM, 3D Vision, Planning preserves historical or adjacent context for Planning and control; it is outside the current robotics-first intensive scope.",Historical or adjacent material retained for search; outside the current intensive scope.,[],0,./2024/CVPR/2024_CVPR_LL3DA-Visual-Interactive-Instruction-Tuning-for-Omni-3D-Un/01_overview.md
pr-0767,Lookahead Exploration with Neural Radiance Representation for Continuous Vision-Language Navigation,2024,CVPR,conference,peer_reviewed,Embodied Navigation and Mapping,Planning and control,NEXT,,method,"{""learning"":[""optimization_or_planning""],""interaction"":[""navigation""],""modality"":[""language"",""point_cloud"",""rgb""],""control_level"":[""state_estimation""],""setting"":[],""embodiment"":[""mobile""]}",FULL_TEXT_CHECKED,UNREAD,recorded,source_only,paper_specific,https://openaccess.thecvf.com/content/CVPR2024/html/Wang_Lookahead_Exploration_with_Neural_Radiance_Representation_for_Continuous_Vision-Language_Navigation_CVPR_2024_paper.html,not_identified,not_recorded,metric:map,"Lookahead Exploration with Neural Radiance Representation for Continuous Vision-Language Navigation is a NEXT comparison paper because it extends an algorithmic or policy mechanism around Vision-Language Navigation, NeRF, Planning in Planning and control, exposing a specialized frontier after the shared CORE spine.",Specialized or frontier extension selected after CORE for the Planning and control branch.,[],0,./2024/CVPR/2024_CVPR_Lookahead-Exploration-with-Neural-Radiance-Representation/01_overview.md
pr-0208,ManiGaussian: Dynamic Gaussian Splatting for Multi-task Robotic Manipulation,2024,ECCV,conference,peer_reviewed,Language-Grounded 3D Scene Representations,"Manipulation, contact, tactile, and dexterity",NEXT,,method,"{""learning"":[],""interaction"":[""grasping""],""modality"":[""language"",""point_cloud""],""control_level"":[],""setting"":[],""embodiment"":[""arm""]}",FULL_TEXT_CHECKED,UNREAD,recorded,source_only,paper_specific,https://www.ecva.net/papers/eccv_2024/papers_ECCV/html/5194_ECCV_2024_paper.php,not_identified,not_recorded,benchmark:rlbench;metric:map;metric:success-rate,"ManiGaussian: Dynamic Gaussian Splatting for Multi-task Robotic Manipulation is a NEXT comparison paper because it extends an algorithmic or policy mechanism around Robotics, Gaussian Splatting in Manipulation, contact, tactile, and dexterity, exposing a specialized frontier after the shared CORE spine.","Specialized or frontier extension selected after CORE for the Manipulation, contact, tactile, and dexterity branch.",[],0,./2024/ECCV/2024_ECCV_ManiGaussian-Dynamic-Gaussian-Splatting-for-Multi-task-Rob/01_overview.md
pr-0764,ManipLLM: Embodied Multimodal Large Language Model for Object-Centric Robotic Manipulation,2024,CVPR,conference,peer_reviewed,VLA and Generalist Robot Policies,VLA and generalist robot policies,REFERENCE,,method,"{""learning"":[""vla""],""interaction"":[""grasping""],""modality"":[""language"",""rgb""],""control_level"":[""policy""],""setting"":[],""embodiment"":[""arm""]}",FULL_TEXT_CHECKED,N/A,recorded,source_only,paper_specific,https://openaccess.thecvf.com/content/CVPR2024/html/Li_ManipLLM_Embodied_Multimodal_Large_Language_Model_for_Object-Centric_Robotic_Manipulation_CVPR_2024_paper.html,not_identified,not_recorded,metric:success-rate,"ManipLLM: Embodied Multimodal Large Language Model for Object-Centric Robotic Manipulation is retained as REFERENCE because it provides an algorithmic or policy mechanism around LLM, Robotics, Vision-Language for targeted comparison in VLA and generalist robot policies; it is not required for the current intensive reading spine.","Important on-demand reference, but not required in the current intensive sequence.",[],0,./2024/CVPR/2024_CVPR_ManipLLM-Embodied-Multimodal-Large-Language-Model-for-Obje/01_overview.md
pr-0306,Marigold: Repurposing Diffusion-Based Image Generators for Monocular Depth Estimation,2024,CVPR,conference,peer_reviewed,"3D Geometry, Reconstruction, and SLAM",Robotics-enabling 3D perception,REFERENCE,,method,"{""learning"":[""diffusion""],""interaction"":[""navigation""],""modality"":[""depth"",""point_cloud"",""rgb""],""control_level"":[""state_estimation""],""setting"":[],""embodiment"":[]}",FULL_TEXT_CHECKED,N/A,recorded,identified,paper_specific,https://arxiv.org/abs/2312.02145,not_identified,not_recorded,metric:map,"Marigold: Repurposing Diffusion-Based Image Generators for Monocular Depth Estimation is retained as REFERENCE because it provides an algorithmic or policy mechanism around Diffusion, Generation, depth for targeted comparison in Robotics-enabling 3D perception; it is not required for the current intensive reading spine.","Important on-demand reference, but not required in the current intensive sequence.",[],0,./2024/CVPR/2024_CVPR_Marigold-Repurposing-Diffusion-Based-Image-Generators-for/01_overview.md
pr-0867,MaskedMimic: Unified Physics-Based Character Control Through Masked Motion Inpainting,2024,ACM Transactions on Graphics,journal,peer_reviewed,"Locomotion, Whole-Body, and Mobile Manipulation","Locomotion, whole-body, mobile manipulation, and humanoids",NEXT,,method,"{""learning"":[],""interaction"":[""grasping"",""locomotion"",""whole_body""],""modality"":[],""control_level"":[""feedback_control"",""whole_body""],""setting"":[],""embodiment"":[""arm"",""humanoid"",""mobile""]}",FULL_TEXT_CHECKED,UNREAD,recorded,source_only,paper_specific,https://research.nvidia.com/labs/par/maskedmimic/,project_only,not_recorded,code:2194038b22b8;metric:success-rate,partial motion constraints를 masked inpainting으로 통합해 다양한 humanoid control modality를 하나의 policy로 다루는 주요 whole-body lineage다.,"Specialized or frontier extension selected after CORE for the Locomotion, whole-body, mobile manipulation, and humanoids branch.",[],0,./2024/ACM-Transactions-on-Grap/2024_ACM-Transactions-on-Grap_MaskedMimic-Unified-Physics-Based-Character-Control-Throug/01_overview.md
pr-0933,MIRAGE: Cross-Embodiment Zero-Shot Policy Transfer with Cross-Painting,2024,RSS,conference,peer_reviewed,VLA and Generalist Robot Policies,VLA and generalist robot policies,NEXT,,method,"{""learning"":[""vla""],""interaction"":[""grasping""],""modality"":[""language""],""control_level"":[""policy""],""setting"":[],""embodiment"":[""arm""]}",FULL_TEXT_CHECKED,UNREAD,recorded,identified,paper_specific,https://www.roboticsproceedings.org/rss20/p069.html,not_identified,not_recorded,,새 robot embodiment에 추가 data 없이 policy를 옮기는 cross-embodiment transfer 가설을 실제 manipulation loop에서 시험하는 대표 논문이다.,Specialized or frontier extension selected after CORE for the VLA and generalist robot policies branch.,[],0,./2024/RSS/2024_RSS_MIRAGE-Cross-Embodiment-Zero-Shot-Policy-Transfer-with-Cro/01_overview.md
pr-0574,Mobile ALOHA: Learning Bimanual Mobile Manipulation using Low-Cost Whole-Body Teleoperation,2024,CoRL,conference,peer_reviewed,Robot Learning and Data,"Locomotion, whole-body, mobile manipulation, and humanoids",CORE,,method,"{""learning"":[],""interaction"":[""grasping"",""whole_body""],""modality"":[],""control_level"":[""policy"",""whole_body""],""setting"":[],""embodiment"":[""arm"",""bimanual"",""mobile""]}",FULL_TEXT_CHECKED,UNREAD,recorded,identified,paper_specific,https://arxiv.org/abs/2401.02117,project_only,not_recorded,code:f22e97932ca5;metric:success-rate,"Mobile ALOHA: Learning Bimanual Mobile Manipulation using Low-Cost Whole-Body Teleoperation is a CORE prerequisite because it establishes an algorithmic or policy mechanism around Robotics, mobile manipulation, bimanual manipulation, providing a reference point for Locomotion, whole-body, mobile manipulation, and humanoids comparisons in the observation-to-action loop.","Common foundation and prerequisite for the Locomotion, whole-body, mobile manipulation, and humanoids spine.",[],0,./2024/CoRL/2024_CoRL_Mobile-ALOHA-Learning-Bimanual-Mobile-Manipulation-using-L/01_overview.md
pr-0766,MultiPLY: A Multisensory Object-Centric Embodied Large Language Model in 3D World,2024,CVPR,conference,peer_reviewed,3D Vision-Language Understanding,Robotics-enabling 3D perception,ARCHIVE,,method,"{""learning"":[],""interaction"":[],""modality"":[""language"",""rgb""],""control_level"":[],""setting"":[],""embodiment"":[]}",FULL_TEXT_CHECKED,N/A,recorded,source_only,paper_specific,https://openaccess.thecvf.com/content/CVPR2024/html/Hong_MultiPLY_A_Multisensory_Object-Centric_Embodied_Large_Language_Model_in_3D_CVPR_2024_paper.html,not_identified,not_recorded,metric:map,"MultiPLY: A Multisensory Object-Centric Embodied Large Language Model in 3D World is retained as ARCHIVE because its an algorithmic or policy mechanism around LLM, 3D Vision, sensor fusion preserves historical or adjacent context for Robotics-enabling 3D perception; it is outside the current robotics-first intensive scope.",Historical or adjacent material retained for search; outside the current intensive scope.,[],0,./2024/CVPR/2024_CVPR_MultiPLY-A-Multisensory-Object-Centric-Embodied-Large-Lang/01_overview.md
pr-0323,MVIP-NeRF: Multi-view 3D Inpainting on NeRF Scenes via Diffusion Prior,2024,CVPR,conference,peer_reviewed,3D Generative Modeling,Robotics-enabling 3D perception,ARCHIVE,,method,"{""learning"":[""diffusion""],""interaction"":[],""modality"":[""point_cloud"",""rgb""],""control_level"":[],""setting"":[],""embodiment"":[]}",FULL_TEXT_CHECKED,N/A,recorded,source_only,paper_specific,https://openaccess.thecvf.com/content/CVPR2024/html/Chen_MVIP-NeRF_Multi-view_3D_Inpainting_on_NeRF_Scenes_via_Diffusion_Prior_CVPR_2024_paper.html,not_identified,not_recorded,,"MVIP-NeRF: Multi-view 3D Inpainting on NeRF Scenes via Diffusion Prior is retained as ARCHIVE because its an algorithmic or policy mechanism around NeRF, Diffusion, Generation preserves historical or adjacent context for Robotics-enabling 3D perception; it is outside the current robotics-first intensive scope.",Historical or adjacent material retained for search; outside the current intensive scope.,[],0,./2024/CVPR/2024_CVPR_MVIP-NeRF-Multi-view-3D-Inpainting-on-NeRF-Scenes-via-Diff/01_overview.md
pr-0400,MVSGaussian: Fast Generalizable Gaussian Splatting Reconstruction from Multi-View Stereo,2024,ECCV,conference,peer_reviewed,Neural Scene Representations,Robotics-enabling 3D perception,ARCHIVE,,method,"{""learning"":[],""interaction"":[],""modality"":[""point_cloud"",""rgb""],""control_level"":[],""setting"":[],""embodiment"":[]}",FULL_TEXT_CHECKED,N/A,recorded,source_only,paper_specific,https://www.ecva.net/papers/eccv_2024/papers_ECCV/html/2662_ECCV_2024_paper.php,not_identified,not_recorded,benchmark:dtu;metric:map,"MVSGaussian: Fast Generalizable Gaussian Splatting Reconstruction from Multi-View Stereo is retained as ARCHIVE because its an algorithmic or policy mechanism around Gaussian Splatting, 3D reconstruction, 3D Vision preserves historical or adjacent context for Robotics-enabling 3D perception; it is outside the current robotics-first intensive scope.",Historical or adjacent material retained for search; outside the current intensive scope.,[],0,./2024/ECCV/2024_ECCV_MVSGaussian-Fast-Generalizable-Gaussian-Splatting-Reconstr/01_overview.md
pr-0398,MVSplat: Efficient 3D Gaussian Splatting from Sparse Multi-View Images,2024,ECCV,conference,peer_reviewed,Neural Scene Representations,Robotics-enabling 3D perception,ARCHIVE,,method,"{""learning"":[],""interaction"":[],""modality"":[""point_cloud"",""rgb""],""control_level"":[],""setting"":[],""embodiment"":[]}",FULL_TEXT_CHECKED,N/A,recorded,source_only,paper_specific,https://www.ecva.net/papers/eccv_2024/papers_ECCV/html/3187_ECCV_2024_paper.php,not_identified,not_recorded,benchmark:realestate10k;metric:map,"MVSplat: Efficient 3D Gaussian Splatting from Sparse Multi-View Images is retained as ARCHIVE because its an algorithmic or policy mechanism around Gaussian Splatting, 3D Vision preserves historical or adjacent context for Robotics-enabling 3D perception; it is outside the current robotics-first intensive scope.",Historical or adjacent material retained for search; outside the current intensive scope.,[],0,./2024/ECCV/2024_ECCV_MVSplat-Efficient-3D-Gaussian-Splatting-from-Sparse-Multi/01_overview.md
pr-0209,NavGPT-2: Unleashing Navigational Reasoning Capability for Large Vision-Language Models,2024,ECCV,conference,peer_reviewed,Embodied Navigation and Mapping,Robotics-enabling 3D perception,REFERENCE,,method,"{""learning"":[],""interaction"":[""navigation""],""modality"":[""language"",""rgb""],""control_level"":[""state_estimation""],""setting"":[],""embodiment"":[""mobile""]}",FULL_TEXT_CHECKED,N/A,recorded,source_only,paper_specific,https://www.ecva.net/papers/eccv_2024/papers_ECCV/html/1143_ECCV_2024_paper.php,not_identified,not_recorded,metric:map,"NavGPT-2: Unleashing Navigational Reasoning Capability for Large Vision-Language Models is retained as REFERENCE because it provides an algorithmic or policy mechanism around Vision-Language Model, Navigation for targeted comparison in Robotics-enabling 3D perception; it is not required for the current intensive reading spine.","Important on-demand reference, but not required in the current intensive sequence.",[],0,./2024/ECCV/2024_ECCV_NavGPT-2-Unleashing-Navigational-Reasoning-Capability-for/01_overview.md
pr-0325,Neural Point Cloud Diffusion for Disentangled 3D Shape and Appearance Generation,2024,CVPR,conference,peer_reviewed,3D Generative Modeling,Robotics-enabling 3D perception,ARCHIVE,,method,"{""learning"":[""diffusion""],""interaction"":[],""modality"":[""point_cloud"",""rgb""],""control_level"":[],""setting"":[],""embodiment"":[]}",FULL_TEXT_CHECKED,N/A,recorded,source_only,paper_specific,https://openaccess.thecvf.com/content/CVPR2024/html/Schroppel_Neural_Point_Cloud_Diffusion_for_Disentangled_3D_Shape_and_Appearance_CVPR_2024_paper.html,not_identified,not_recorded,,"Neural Point Cloud Diffusion for Disentangled 3D Shape and Appearance Generation is retained as ARCHIVE because its an algorithmic or policy mechanism around Diffusion, Generation, point cloud preserves historical or adjacent context for Robotics-enabling 3D perception; it is outside the current robotics-first intensive scope.",Historical or adjacent material retained for search; outside the current intensive scope.,[],0,./2024/CVPR/2024_CVPR_Neural-Point-Cloud-Diffusion-for-Disentangled-3D-Shape-and/01_overview.md
pr-0568,NoMaD: Goal Masked Diffusion Policies for Navigation and Exploration,2024,ICRA,conference,peer_reviewed,Robotics Foundations: Planning and Control,Planning and control,NEXT,,foundation,"{""learning"":[""diffusion"",""optimization_or_planning""],""interaction"":[""navigation""],""modality"":[],""control_level"":[""feedback_control"",""policy""],""setting"":[],""embodiment"":[""mobile""]}",FULL_TEXT_CHECKED,UNREAD,recorded,identified,paper_specific,https://arxiv.org/abs/2310.07896,project_only,not_recorded,code:0a722df30879;metric:map,"NoMaD: Goal Masked Diffusion Policies for Navigation and Exploration is a NEXT comparison paper because it extends a reusable formulation or system primitive around Robotics, Navigation, diffusion policy in Planning and control, exposing a specialized frontier after the shared CORE spine.",Specialized or frontier extension selected after CORE for the Planning and control branch.,[],0,./2024/ICRA/2024_ICRA_NoMaD-Goal-Masked-Diffusion-Policies-for-Navigation-and-Ex/01_overview.md
pr-0052,Octo: An Open-Source Generalist Robot Policy,2024,RSS,conference,peer_reviewed,VLA and Generalist Robot Policies,VLA and generalist robot policies,CORE,,method,"{""learning"":[""imitation_learning"",""vla""],""interaction"":[],""modality"":[""language""],""control_level"":[""policy""],""setting"":[],""embodiment"":[]}",FULL_TEXT_CHECKED,UNREAD,recorded,identified,paper_specific,https://arxiv.org/abs/2405.12213,project_only,not_recorded,code:2814a4559a7c;metric:success-rate,"Octo: An Open-Source Generalist Robot Policy is a CORE prerequisite because it establishes an algorithmic or policy mechanism around Robotics, generalist policy, Imitation Learning, providing a reference point for VLA and generalist robot policies comparisons in the observation-to-action loop.",Common foundation and prerequisite for the VLA and generalist robot policies spine.,"[{""type"":""uses_dataset"",""paper_id"":""pr-0024"",""confidence"":""manual""}]",0,./2024/RSS/2024_RSS_Octo-An-Open-Source-Generalist-Robot-Policy/01_overview.md
pr-0709,Octopi: Object Property Reasoning with Large Tactile-Language Models,2024,RSS,conference,peer_reviewed,"Manipulation, Contact, and Dexterity","Manipulation, contact, tactile, and dexterity",NEXT,,method,"{""learning"":[],""interaction"":[""contact_rich"",""grasping""],""modality"":[""language"",""rgb"",""tactile""],""control_level"":[],""setting"":[],""embodiment"":[""arm""]}",FULL_TEXT_CHECKED,UNREAD,recorded,identified,paper_specific,https://arxiv.org/abs/2405.02794,project_only,not_recorded,code:d740243a9055,"Octopi: Object Property Reasoning with Large Tactile-Language Models is a NEXT comparison paper because it extends an algorithmic or policy mechanism around Robotics, tactile sensing, Vision-Language in Manipulation, contact, tactile, and dexterity, exposing a specialized frontier after the shared CORE spine.","Specialized or frontier extension selected after CORE for the Manipulation, contact, tactile, and dexterity branch.",[],0,./2024/RSS/2024_RSS_Octopi-Object-Property-Reasoning-with-Large-Tactile-Langua/01_overview.md
pr-0638,Offline Imitation Learning Through Graph Search and Retrieval,2024,RSS,conference,peer_reviewed,Robot Learning and Data,"RL, IL, offline learning, and robot data",REFERENCE,,method,"{""learning"":[""imitation_learning""],""interaction"":[],""modality"":[],""control_level"":[""policy""],""setting"":[],""embodiment"":[]}",FULL_TEXT_CHECKED,N/A,recorded,source_only,paper_specific,https://www.roboticsproceedings.org/rss20/p054.html,project_only,not_recorded,code:c9058a1542d2;metric:success-rate,"Offline Imitation Learning Through Graph Search and Retrieval is retained as REFERENCE because it provides an algorithmic or policy mechanism around Robotics, Imitation Learning, offline learning for targeted comparison in RL, IL, offline learning, and robot data; it is not required for the current intensive reading spine.","Important on-demand reference, but not required in the current intensive sequence.",[],0,./2024/RSS/2024_RSS_Offline-Imitation-Learning-Through-Graph-Search-and-Retrie/01_overview.md
pr-0602,OmniH2O: Universal and Dexterous Human-to-Humanoid Whole-Body Teleoperation and Learning,2024,CoRL,conference,peer_reviewed,Robot Learning and Data,"Locomotion, whole-body, mobile manipulation, and humanoids",CORE,,method,"{""learning"":[""imitation_learning""],""interaction"":[""grasping"",""whole_body""],""modality"":[],""control_level"":[""policy"",""whole_body""],""setting"":[],""embodiment"":[""arm"",""dexterous_hand"",""humanoid""]}",FULL_TEXT_CHECKED,UNREAD,recorded,identified,paper_specific,https://openreview.net/forum?id=oL1WEZQal8,project_only,not_recorded,code:e68678119aac;metric:success-rate,"OmniH2O: Universal and Dexterous Human-to-Humanoid Whole-Body Teleoperation and Learning is a CORE prerequisite because it establishes an algorithmic or policy mechanism around Robotics, humanoid, whole-body teleoperation, providing a reference point for Locomotion, whole-body, mobile manipulation, and humanoids comparisons in the observation-to-action loop.","Common foundation and prerequisite for the Locomotion, whole-body, mobile manipulation, and humanoids spine.",[],0,./2024/CoRL/2024_CoRL_OmniH2O-Universal-and-Dexterous-Human-to-Humanoid-Whole-Bo/01_overview.md
pr-0729,OPEN TEACH: A Versatile Teleoperation System for Robotic Manipulation,2024,CoRL,conference,peer_reviewed,Robot Learning and Data,"Manipulation, contact, tactile, and dexterity",NEXT,,system,"{""learning"":[],""interaction"":[""grasping""],""modality"":[],""control_level"":[""policy""],""setting"":[],""embodiment"":[""arm"",""bimanual"",""dexterous_hand""]}",FULL_TEXT_CHECKED,UNREAD,recorded,identified,paper_specific,https://proceedings.mlr.press/v270/iyer25a.html,project_only,not_recorded,code:e36a5154b9f8;metric:success-rate,"OPEN TEACH: A Versatile Teleoperation System for Robotic Manipulation is a NEXT comparison paper because it extends an integrated robotics system and deployment interface around Robotics, teleoperation, cross-embodiment in Manipulation, contact, tactile, and dexterity, exposing a specialized frontier after the shared CORE spine.","Specialized or frontier extension selected after CORE for the Manipulation, contact, tactile, and dexterity branch.",[],0,./2024/CoRL/2024_CoRL_OPEN-TEACH-A-Versatile-Teleoperation-System-for-Robotic-Ma/01_overview.md
pr-0024,Open X-Embodiment: Robotic Learning Datasets and RT-X Models,2024,ICRA,conference,peer_reviewed,VLA and Generalist Robot Policies,VLA and generalist robot policies,CORE,,benchmark_or_dataset,"{""learning"":[""imitation_learning"",""vla""],""interaction"":[],""modality"":[""language""],""control_level"":[""policy""],""setting"":[],""embodiment"":[]}",FULL_TEXT_CHECKED,UNREAD,recorded,identified,paper_specific,https://arxiv.org/abs/2310.08864,project_only,not_recorded,benchmark:open-x-embodiment;code:06578fab9d05;metric:success-rate,"Open X-Embodiment: Robotic Learning Datasets and RT-X Models is a CORE prerequisite because it establishes a benchmark, dataset, or evaluation protocol around Robotics, Dataset, Imitation Learning, providing a reference point for VLA and generalist robot policies comparisons in the observation-to-action loop.",Common foundation and prerequisite for the VLA and generalist robot policies spine.,[],3,./2024/ICRA/2024_ICRA_Open-X-Embodiment-Robotic-Learning-Datasets-and-RT-X-Model/01_overview.md
pr-0206,Open-Vocabulary 3D Semantic Segmentation with Text-to-Image Diffusion Models,2024,ECCV,conference,peer_reviewed,3D Vision-Language Understanding,Robotics-enabling 3D perception,ARCHIVE,,method,"{""learning"":[""diffusion""],""interaction"":[],""modality"":[""language"",""rgb""],""control_level"":[],""setting"":[],""embodiment"":[]}",FULL_TEXT_CHECKED,N/A,recorded,source_only,paper_specific,https://www.ecva.net/papers/eccv_2024/papers_ECCV/html/4252_ECCV_2024_paper.php,not_identified,not_recorded,metric:map,"Open-Vocabulary 3D Semantic Segmentation with Text-to-Image Diffusion Models is retained as ARCHIVE because its an algorithmic or policy mechanism around 3D Vision, Diffusion, semantic preserves historical or adjacent context for Robotics-enabling 3D perception; it is outside the current robotics-first intensive scope.",Historical or adjacent material retained for search; outside the current intensive scope.,[],0,./2024/ECCV/2024_ECCV_Open-Vocabulary-3D-Semantic-Segmentation-with-Text-to-Imag/01_overview.md
pr-0757,Open3DSG: Open-Vocabulary 3D Scene Graphs from Point Clouds with Queryable Objects and Open-Set Relationships,2024,CVPR,conference,peer_reviewed,3D Vision-Language Understanding,Robotics-enabling 3D perception,REFERENCE,,method,"{""learning"":[],""interaction"":[],""modality"":[""language"",""point_cloud"",""rgb""],""control_level"":[],""setting"":[],""embodiment"":[]}",FULL_TEXT_CHECKED,N/A,recorded,source_only,paper_specific,https://openaccess.thecvf.com/content/CVPR2024/html/Koch_Open3DSG_Open-Vocabulary_3D_Scene_Graphs_from_Point_Clouds_with_Queryable_CVPR_2024_paper.html,not_identified,not_recorded,metric:map,"Open3DSG: Open-Vocabulary 3D Scene Graphs from Point Clouds with Queryable Objects and Open-Set Relationships is retained as REFERENCE because it provides an algorithmic or policy mechanism around 3D Scene Graph, open-vocabulary, Graph Reasoning for targeted comparison in Robotics-enabling 3D perception; it is not required for the current intensive reading spine.","Important on-demand reference, but not required in the current intensive sequence.",[],0,./2024/CVPR/2024_CVPR_Open3DSG-Open-Vocabulary-3D-Scene-Graphs-from-Point-Clouds/01_overview.md
pr-0212,OpenIns3D: Snap and Lookup for 3D Open-vocabulary Instance Segmentation,2024,ECCV,conference,peer_reviewed,3D Vision-Language Understanding,Robotics-enabling 3D perception,REFERENCE,,method,"{""learning"":[],""interaction"":[],""modality"":[""language"",""rgb""],""control_level"":[],""setting"":[],""embodiment"":[]}",FULL_TEXT_CHECKED,N/A,recorded,source_only,paper_specific,https://www.ecva.net/papers/eccv_2024/papers_ECCV/html/7914_ECCV_2024_paper.php,not_identified,not_recorded,benchmark:replica;benchmark:scannet200;metric:map,"OpenIns3D: Snap and Lookup for 3D Open-vocabulary Instance Segmentation is retained as REFERENCE because it provides an algorithmic or policy mechanism around 3D Vision, semantic for targeted comparison in Robotics-enabling 3D perception; it is not required for the current intensive reading spine.","Important on-demand reference, but not required in the current intensive sequence.",[],0,./2024/ECCV/2024_ECCV_OpenIns3D-Snap-and-Lookup-for-3D-Open-vocabulary-Instance/01_overview.md
pr-0051,OpenVLA: An Open-Source Vision-Language-Action Model,2024,CoRL,conference,peer_reviewed,VLA and Generalist Robot Policies,VLA and generalist robot policies,CORE,,method,"{""learning"":[""imitation_learning"",""vla""],""interaction"":[],""modality"":[""language"",""rgb""],""control_level"":[""policy""],""setting"":[],""embodiment"":[]}",FULL_TEXT_CHECKED,UNREAD,recorded,source_only,paper_specific,https://proceedings.mlr.press/v270/kim25c.html,released,not_recorded,code:1d0306f78ae7;metric:success-rate,"OpenVLA: An Open-Source Vision-Language-Action Model is a CORE prerequisite because it establishes an algorithmic or policy mechanism around VLA, Robotics, Imitation Learning, providing a reference point for VLA and generalist robot policies comparisons in the observation-to-action loop.",Common foundation and prerequisite for the VLA and generalist robot policies spine.,"[{""type"":""uses_dataset"",""paper_id"":""pr-0024"",""confidence"":""manual""},{""type"":""uses_dataset"",""paper_id"":""pr-0732"",""confidence"":""verified""}]",1,./2024/CoRL/2024_CoRL_OpenVLA-An-Open-Source-Vision-Language-Action-Model/01_overview.md
pr-0942,Parallel and Proximal Linear-Quadratic Methods for Real-Time Constrained Model-Predictive Control,2024,RSS,conference,peer_reviewed,Robotics Foundations: Planning and Control,Planning and control,NEXT,,method,"{""learning"":[""optimization_or_planning""],""interaction"":[""whole_body""],""modality"":[],""control_level"":[""feedback_control"",""whole_body""],""setting"":[""real_time""],""embodiment"":[]}",FULL_TEXT_CHECKED,UNREAD,recorded,identified,paper_specific,https://www.roboticsproceedings.org/rss20/p002.html,not_identified,not_recorded,,whole-body MPC의 millisecond-scale solver bottleneck을 실제 quadruped deployment와 연결하는 최신 control reference다.,Specialized or frontier extension selected after CORE for the Planning and control branch.,[],0,./2024/RSS/2024_RSS_Parallel-and-Proximal-Linear-Quadratic-Methods-for-Real-Ti/01_overview.md
pr-0929,Partially Observable Task and Motion Planning with Uncertainty and Risk Awareness,2024,RSS,conference,peer_reviewed,Planning and Long-Horizon Reasoning,Planning and control,NEXT,,method,"{""learning"":[""optimization_or_planning""],""interaction"":[],""modality"":[],""control_level"":[""feedback_control"",""motion_planning"",""task_planning""],""setting"":[""long_horizon""],""embodiment"":[]}",FULL_TEXT_CHECKED,UNREAD,recorded,identified,paper_specific,https://www.roboticsproceedings.org/rss20/p118.html,not_identified,not_recorded,,현재 planning/control track에서 partial observability·action outcome uncertainty·irreversible risk를 closed-loop TAMP로 연결하는 핵심 최신 missing link다.,Specialized or frontier extension selected after CORE for the Planning and control branch.,[],0,./2024/RSS/2024_RSS_Partially-Observable-Task-and-Motion-Planning-with-Uncerta/01_overview.md
pr-0309,pixelSplat: 3D Gaussian Splats from Image Pairs for Scalable Generalizable 3D Reconstruction,2024,CVPR,conference,peer_reviewed,Neural Scene Representations,Robotics-enabling 3D perception,ARCHIVE,,method,"{""learning"":[],""interaction"":[],""modality"":[""point_cloud"",""rgb""],""control_level"":[],""setting"":[],""embodiment"":[]}",FULL_TEXT_CHECKED,N/A,recorded,source_only,paper_specific,https://openaccess.thecvf.com/content/CVPR2024/html/Charatan_pixelSplat_3D_Gaussian_Splats_from_Image_Pairs_for_Scalable_Generalizable_CVPR_2024_paper.html,not_identified,not_recorded,benchmark:realestate10k;metric:map,"pixelSplat: 3D Gaussian Splats from Image Pairs for Scalable Generalizable 3D Reconstruction is retained as ARCHIVE because its an algorithmic or policy mechanism around Gaussian Splatting, 3D reconstruction, 3D Vision preserves historical or adjacent context for Robotics-enabling 3D perception; it is outside the current robotics-first intensive scope.",Historical or adjacent material retained for search; outside the current intensive scope.,[],0,./2024/CVPR/2024_CVPR_pixelSplat-3D-Gaussian-Splats-from-Image-Pairs-for-Scalabl/01_overview.md
pr-0321,PlatoNeRF: 3D Reconstruction in Plato's Cave via Single-View Two-Bounce Lidar,2024,CVPR,conference,peer_reviewed,Autonomous 3D Perception and Sensor Fusion,Robotics-enabling 3D perception,ARCHIVE,,method,"{""learning"":[],""interaction"":[],""modality"":[""lidar"",""point_cloud"",""rgb""],""control_level"":[""state_estimation""],""setting"":[],""embodiment"":[]}",FULL_TEXT_CHECKED,N/A,recorded,source_only,paper_specific,https://openaccess.thecvf.com/content/CVPR2024/html/Klinghoffer_PlatoNeRF_3D_Reconstruction_in_Platos_Cave_via_Single-View_Two-Bounce_Lidar_CVPR_2024_paper.html,not_identified,not_recorded,metric:map,"PlatoNeRF: 3D Reconstruction in Plato's Cave via Single-View Two-Bounce Lidar is retained as ARCHIVE because its an algorithmic or policy mechanism around NeRF, 3D reconstruction, sensor fusion preserves historical or adjacent context for Robotics-enabling 3D perception; it is outside the current robotics-first intensive scope.",Historical or adjacent material retained for search; outside the current intensive scope.,[],0,./2024/CVPR/2024_CVPR_PlatoNeRF-3D-Reconstruction-in-Plato-s-Cave-via-Single-Vie/01_overview.md
pr-0914,Precise and Dexterous Robotic Manipulation via Human-in-the-Loop Reinforcement Learning,2024,arXiv,preprint,preprint,Robot Learning and Data,"RL, IL, offline learning, and robot data",NEXT,,method,"{""learning"":[""reinforcement_learning""],""interaction"":[""contact_rich"",""grasping""],""modality"":[""force_torque""],""control_level"":[""policy"",""safety_or_recovery""],""setting"":[""real_robot""],""embodiment"":[""arm"",""dexterous_hand""]}",FULL_TEXT_CHECKED,UNREAD,recorded,identified,paper_specific,https://arxiv.org/abs/2410.21845,released,not_recorded,code:b9b423c785e0,Preprint-only but high-value practical extension of SERL that places human corrections and positive/negative feedback inside real-robot policy improvement.,"Specialized or frontier extension selected after CORE for the RL, IL, offline learning, and robot data branch.",[],0,./2024/arXiv/2024_arXiv_Precise-and-Dexterous-Robotic-Manipulation-via-Human-in-th/01_overview.md
pr-0934,Pushing the Limits of Cross-Embodiment Learning for Manipulation and Navigation,2024,RSS,conference,peer_reviewed,VLA and Generalist Robot Policies,VLA and generalist robot policies,NEXT,,method,"{""learning"":[""vla""],""interaction"":[""grasping"",""navigation""],""modality"":[""language""],""control_level"":[""policy""],""setting"":[],""embodiment"":[""arm"",""mobile""]}",FULL_TEXT_CHECKED,UNREAD,recorded,identified,paper_specific,https://www.roboticsproceedings.org/rss20/p093.html,not_identified,not_recorded,,arm·quadcopter·quadruped·mobile base를 하나의 goal-reaching policy와 data mixture로 비교하는 cross-embodiment scaling anchor다.,Specialized or frontier extension selected after CORE for the VLA and generalist robot policies branch.,[],0,./2024/RSS/2024_RSS_Pushing-the-Limits-of-Cross-Embodiment-Learning-for-Manipu/01_overview.md
pr-0625,Q-Transformer: Scalable Offline Reinforcement Learning via Autoregressive Q-Functions,2024,CoRL,conference,peer_reviewed,Robot Learning and Data,"RL, IL, offline learning, and robot data",CORE,,method,"{""learning"":[""offline_rl"",""reinforcement_learning""],""interaction"":[""contact_rich"",""grasping""],""modality"":[""force_torque""],""control_level"":[""policy""],""setting"":[],""embodiment"":[""arm""]}",FULL_TEXT_CHECKED,UNREAD,recorded,identified,paper_specific,https://arxiv.org/abs/2309.10150,project_only,not_recorded,code:5b2725ab22a8,"Q-Transformer: Scalable Offline Reinforcement Learning via Autoregressive Q-Functions is a CORE prerequisite because it establishes an algorithmic or policy mechanism around Robotics, offline reinforcement learning, Transformer, providing a reference point for RL, IL, offline learning, and robot data comparisons in the observation-to-action loop.","Common foundation and prerequisite for the RL, IL, offline learning, and robot data spine.",[],0,./2024/CoRL/2024_CoRL_Q-Transformer-Scalable-Offline-Reinforcement-Learning-via/01_overview.md
pr-0199,QUAR-VLA: Vision-Language-Action Model for Quadruped Robots,2024,ECCV,conference,peer_reviewed,VLA and Generalist Robot Policies,VLA and generalist robot policies,REFERENCE,,method,"{""learning"":[""vla""],""interaction"":[],""modality"":[""language"",""rgb""],""control_level"":[""policy""],""setting"":[],""embodiment"":[""legged""]}",FULL_TEXT_CHECKED,N/A,recorded,source_only,paper_specific,https://www.ecva.net/papers/eccv_2024/papers_ECCV/html/808_ECCV_2024_paper.php,not_identified,not_recorded,,"QUAR-VLA: Vision-Language-Action Model for Quadruped Robots is retained as REFERENCE because it provides an algorithmic or policy mechanism around VLA, Vision-Language Model, Robotics for targeted comparison in VLA and generalist robot policies; it is not required for the current intensive reading spine.","Important on-demand reference, but not required in the current intensive sequence.",[],0,./2024/ECCV/2024_ECCV_QUAR-VLA-Vision-Language-Action-Model-for-Quadruped-Robots/01_overview.md
pr-0312,ReconFusion: 3D Reconstruction with Diffusion Priors,2024,CVPR,conference,peer_reviewed,3D Generative Modeling,Robotics-enabling 3D perception,ARCHIVE,,method,"{""learning"":[""diffusion""],""interaction"":[],""modality"":[""rgb""],""control_level"":[],""setting"":[],""embodiment"":[]}",FULL_TEXT_CHECKED,N/A,recorded,source_only,paper_specific,https://openaccess.thecvf.com/content/CVPR2024/html/Wu_ReconFusion_3D_Reconstruction_with_Diffusion_Priors_CVPR_2024_paper.html,not_identified,not_recorded,,"ReconFusion: 3D Reconstruction with Diffusion Priors is retained as ARCHIVE because its an algorithmic or policy mechanism around 3D reconstruction, Diffusion, Generation preserves historical or adjacent context for Robotics-enabling 3D perception; it is outside the current robotics-first intensive scope.",Historical or adjacent material retained for search; outside the current intensive scope.,[],0,./2024/CVPR/2024_CVPR_ReconFusion-3D-Reconstruction-with-Diffusion-Priors/01_overview.md
pr-0770,RegionPLC: Regional Point-Language Contrastive Learning for Open-World 3D Scene Understanding,2024,CVPR,conference,peer_reviewed,Embodied Navigation and Mapping,Robotics-enabling 3D perception,ARCHIVE,,method,"{""learning"":[],""interaction"":[""navigation""],""modality"":[""language""],""control_level"":[""state_estimation""],""setting"":[],""embodiment"":[""mobile""]}",FULL_TEXT_CHECKED,N/A,recorded,source_only,paper_specific,https://openaccess.thecvf.com/content/CVPR2024/html/Yang_RegionPLC_Regional_Point-Language_Contrastive_Learning_for_Open-World_3D_Scene_Understanding_CVPR_2024_paper.html,not_identified,not_recorded,benchmark:nuscenes;benchmark:scannet;benchmark:scannet200;metric:map,"RegionPLC: Regional Point-Language Contrastive Learning for Open-World 3D Scene Understanding is retained as ARCHIVE because its an algorithmic or policy mechanism around point-language, open-world, semantic preserves historical or adjacent context for Robotics-enabling 3D perception; it is outside the current robotics-first intensive scope.",Historical or adjacent material retained for search; outside the current intensive scope.,[],0,./2024/CVPR/2024_CVPR_RegionPLC-Regional-Point-Language-Contrastive-Learning-for/01_overview.md
pr-0054,ReKep: Spatio-Temporal Reasoning of Relational Keypoint Constraints for Robotic Manipulation,2024,CoRL,conference,peer_reviewed,VLA and Generalist Robot Policies,VLA and generalist robot policies,NEXT,,method,"{""learning"":[""optimization_or_planning"",""vla""],""interaction"":[""grasping""],""modality"":[""language"",""point_cloud""],""control_level"":[""policy""],""setting"":[],""embodiment"":[""arm""]}",FULL_TEXT_CHECKED,UNREAD,recorded,source_only,paper_specific,https://proceedings.mlr.press/v270/huang25g.html,released,not_recorded,code:4607fd71712a;metric:success-rate,"ReKep: Spatio-Temporal Reasoning of Relational Keypoint Constraints for Robotic Manipulation is a NEXT comparison paper because it extends an algorithmic or policy mechanism around Planning, 3D geometry, Robotics in VLA and generalist robot policies, exposing a specialized frontier after the shared CORE spine.",Specialized or frontier extension selected after CORE for the VLA and generalist robot policies branch.,[],0,./2024/CoRL/2024_CoRL_ReKep-Spatio-Temporal-Reasoning-of-Relational-Keypoint-Con/01_overview.md
pr-0569,Resilient Legged Local Navigation: Learning to Traverse with Compromised Perception End-to-End,2024,ICRA,conference,peer_reviewed,"Locomotion, Whole-Body, and Mobile Manipulation","Locomotion, whole-body, mobile manipulation, and humanoids",REFERENCE,,method,"{""learning"":[],""interaction"":[""grasping"",""locomotion"",""navigation"",""whole_body""],""modality"":[],""control_level"":[""state_estimation"",""whole_body""],""setting"":[],""embodiment"":[""arm"",""legged"",""mobile""]}",FULL_TEXT_CHECKED,N/A,recorded,identified,paper_specific,https://arxiv.org/abs/2310.03581,project_only,not_recorded,code:b209078e195b,"Resilient Legged Local Navigation: Learning to Traverse with Compromised Perception End-to-End is retained as REFERENCE because it provides an algorithmic or policy mechanism around Robotics, legged locomotion, Navigation for targeted comparison in Locomotion, whole-body, mobile manipulation, and humanoids; it is not required for the current intensive reading spine.","Important on-demand reference, but not required in the current intensive sequence.",[],0,./2024/ICRA/2024_ICRA_Resilient-Legged-Local-Navigation-Learning-to-Traverse-wit/01_overview.md
pr-0734,RH20T: A Comprehensive Robotic Dataset for Learning Diverse Skills in One-Shot,2024,ICRA,conference,peer_reviewed,Robot Learning and Data,"Manipulation, contact, tactile, and dexterity",REFERENCE,,benchmark_or_dataset,"{""learning"":[],""interaction"":[""grasping""],""modality"":[],""control_level"":[""policy""],""setting"":[],""embodiment"":[""arm""]}",FULL_TEXT_CHECKED,N/A,recorded,identified,paper_specific,https://arxiv.org/abs/2307.00595,project_only,not_recorded,code:fa5465966a44;metric:success-rate,"RH20T: A Comprehensive Robotic Dataset for Learning Diverse Skills in One-Shot is retained as REFERENCE because it provides a benchmark, dataset, or evaluation protocol around Robotics, Dataset, multimodal sensing for targeted comparison in Manipulation, contact, tactile, and dexterity; it is not required for the current intensive reading spine.","Important on-demand reference, but not required in the current intensive sequence.",[],0,./2024/ICRA/2024_ICRA_RH20T-A-Comprehensive-Robotic-Dataset-for-Learning-Diverse/01_overview.md
pr-0731,RoboCasa: Large-Scale Simulation of Everyday Tasks for Generalist Robots,2024,RSS,conference,peer_reviewed,Robot Learning and Data,VLA and generalist robot policies,REFERENCE,,benchmark_or_dataset,"{""learning"":[],""interaction"":[""grasping""],""modality"":[],""control_level"":[""policy""],""setting"":[""long_horizon"",""simulation""],""embodiment"":[""arm""]}",FULL_TEXT_CHECKED,N/A,recorded,identified,paper_specific,https://arxiv.org/abs/2406.02523,project_only,not_recorded,code:bac4badc7110,"RoboCasa: Large-Scale Simulation of Everyday Tasks for Generalist Robots is retained as REFERENCE because it provides a benchmark, dataset, or evaluation protocol around Robotics, Benchmark, simulation for targeted comparison in VLA and generalist robot policies; it is not required for the current intensive reading spine.","Important on-demand reference, but not required in the current intensive sequence.",[],0,./2024/RSS/2024_RSS_RoboCasa-Large-Scale-Simulation-of-Everyday-Tasks-for-Gene/01_overview.md
pr-0699,RoboDreamer: Learning Compositional World Models for Robot Imagination,2024,ICML,conference,peer_reviewed,"World Models, Safety, and Recovery","World models, safety, uncertainty, and recovery",NEXT,,method,"{""learning"":[""optimization_or_planning"",""world_model""],""interaction"":[],""modality"":[""language"",""video""],""control_level"":[""safety_or_recovery""],""setting"":[],""embodiment"":[]}",FULL_TEXT_CHECKED,UNREAD,recorded,identified,paper_specific,https://proceedings.mlr.press/v235/zhou24f.html,project_only,not_recorded,code:41ac765a4245,"RoboDreamer: Learning Compositional World Models for Robot Imagination is a NEXT comparison paper because it extends an algorithmic or policy mechanism around Robotics, world model, video prediction in World models, safety, uncertainty, and recovery, exposing a specialized frontier after the shared CORE spine.","Specialized or frontier extension selected after CORE for the World models, safety, uncertainty, and recovery branch.",[],0,./2024/ICML/2024_ICML_RoboDreamer-Learning-Compositional-World-Models-for-Robot/01_overview.md
pr-0937,RoboMamba: Efficient Vision-Language-Action Model for Robotic Reasoning and Manipulation,2024,NeurIPS,conference,peer_reviewed,VLA and Generalist Robot Policies,VLA and generalist robot policies,NEXT,,method,"{""learning"":[""vla""],""interaction"":[""grasping""],""modality"":[""language"",""rgb""],""control_level"":[""policy""],""setting"":[],""embodiment"":[""arm""]}",FULL_TEXT_CHECKED,UNREAD,recorded,identified,paper_specific,https://proceedings.neurips.cc/paper_files/paper/2024/hash/46a126492ea6fb87410e55a58df2e189-Abstract-Conference.html,not_identified,not_recorded,,VLA reasoning과 SE(3) action/pose interface를 Mamba 기반 효율성 문제와 연결하는 2024 representative paper다.,Specialized or frontier extension selected after CORE for the VLA and generalist robot policies branch.,[],0,./2024/NeurIPS/2024_NeurIPS_RoboMamba-Efficient-Vision-Language-Action-Model-for-Robot/01_overview.md
pr-0649,RoboPack: Learning Tactile-Informed Dynamics Models for Dense Packing,2024,RSS,conference,peer_reviewed,"Manipulation, Contact, and Dexterity","Manipulation, contact, tactile, and dexterity",CORE,,method,"{""learning"":[],""interaction"":[""contact_rich"",""grasping""],""modality"":[""tactile""],""control_level"":[],""setting"":[],""embodiment"":[""arm""]}",FULL_TEXT_CHECKED,UNREAD,recorded,source_only,paper_specific,https://www.roboticsproceedings.org/rss20/p130.html,project_only,not_recorded,code:a5c8be5e602f,"RoboPack: Learning Tactile-Informed Dynamics Models for Dense Packing is a CORE prerequisite because it establishes an algorithmic or policy mechanism around Robotics, contact-rich manipulation, tactile sensing, providing a reference point for Manipulation, contact, tactile, and dexterity comparisons in the observation-to-action loop.","Common foundation and prerequisite for the Manipulation, contact, tactile, and dexterity spine.",[],0,./2024/RSS/2024_RSS_RoboPack-Learning-Tactile-Informed-Dynamics-Models-for-Den/01_overview.md
pr-0875,Robot Fine-Tuning Made Easy: Pre-Training Rewards and Policies for Autonomous Real-World Reinforcement Learning,2024,ICRA,conference,peer_reviewed,Robot Learning and Data,"RL, IL, offline learning, and robot data",NEXT,,method,"{""learning"":[""offline_rl"",""reinforcement_learning""],""interaction"":[""contact_rich""],""modality"":[""force_torque""],""control_level"":[""policy""],""setting"":[""real_robot""],""embodiment"":[]}",FULL_TEXT_CHECKED,UNREAD,recorded,identified,paper_specific,https://ieeexplore.ieee.org/document/10610421/,project_only,not_recorded,code:7aec83b026d6,"ICRA 2024 reset-free fine-tuning bridge from heterogeneous prior robot data to autonomous real-world RL, directly connecting pretraining, reward inference, and deployment.","Specialized or frontier extension selected after CORE for the RL, IL, offline learning, and robot data branch.",[],0,./2024/ICRA/2024_ICRA_Robot-Fine-Tuning-Made-Easy-Pre-Training-Rewards-and-Polic/01_overview.md
pr-0859,RT-H: Action Hierarchies Using Language,2024,Robotics: Science and Systems,conference,peer_reviewed,VLA and Generalist Robot Policies,VLA and generalist robot policies,NEXT,,method,"{""learning"":[""vla""],""interaction"":[],""modality"":[""language""],""control_level"":[""policy""],""setting"":[],""embodiment"":[]}",FULL_TEXT_CHECKED,UNREAD,recorded,source_only,paper_specific,https://www.roboticsproceedings.org/rss20/p049.html,not_identified,not_recorded,metric:success-rate,language motion concepts를 중간 action hierarchy로 사용해 VLA의 reasoning과 low-level control 사이를 연결한 Google 계보의 핵심 paper다.,Specialized or frontier extension selected after CORE for the VLA and generalist robot policies branch.,[],0,./2024/Robotics-Science-and-Sys/2024_Robotics-Science-and-Sys_RT-H-Action-Hierarchies-Using-Language/01_overview.md
pr-0266,S3E: A Multi-Robot Multimodal Dataset for Collaborative SLAM,2024,RA-L,journal,peer_reviewed,Benchmarks and Datasets,Robotics-enabling 3D perception,REFERENCE,,benchmark_or_dataset,"{""learning"":[],""interaction"":[""navigation""],""modality"":[],""control_level"":[""state_estimation""],""setting"":[],""embodiment"":[""multi_robot""]}",FULL_TEXT_CHECKED,N/A,recorded,identified,paper_specific,https://arxiv.org/abs/2210.13723,project_only,not_recorded,code:85e26dacaa94,"S3E: A Multi-Robot Multimodal Dataset for Collaborative SLAM is retained as REFERENCE because it provides a benchmark, dataset, or evaluation protocol around Robotics for targeted comparison in Robotics-enabling 3D perception; it is not required for the current intensive reading spine.","Important on-demand reference, but not required in the current intensive sequence.",[],0,./2024/RA-L/2024_RA-L_S3E-A-Multi-Robot-Multimodal-Dataset-for-Collaborative-SLA/01_overview.md
pr-0405,SAGS: Structure-Aware 3D Gaussian Splatting,2024,ECCV,conference,peer_reviewed,Neural Scene Representations,Robotics-enabling 3D perception,ARCHIVE,,method,"{""learning"":[],""interaction"":[],""modality"":[""point_cloud"",""rgb""],""control_level"":[],""setting"":[],""embodiment"":[]}",FULL_TEXT_CHECKED,N/A,recorded,source_only,paper_specific,https://www.ecva.net/papers/eccv_2024/papers_ECCV/html/2887_ECCV_2024_paper.php,not_identified,not_recorded,metric:map,"SAGS: Structure-Aware 3D Gaussian Splatting is retained as ARCHIVE because its an algorithmic or policy mechanism around Gaussian Splatting, 3D Vision preserves historical or adjacent context for Robotics-enabling 3D perception; it is outside the current robotics-first intensive scope.",Historical or adjacent material retained for search; outside the current intensive scope.,[],0,./2024/ECCV/2024_ECCV_SAGS-Structure-Aware-3D-Gaussian-Splatting/01_overview.md
pr-0567,SARA-RT: Scaling up Robotics Transformers with Self-Adaptive Robust Attention,2024,ICRA,conference,peer_reviewed,Robot Learning and Data,VLA and generalist robot policies,REFERENCE,,method,"{""learning"":[],""interaction"":[""grasping""],""modality"":[],""control_level"":[""policy""],""setting"":[],""embodiment"":[""arm""]}",FULL_TEXT_CHECKED,N/A,recorded,identified,paper_specific,https://arxiv.org/abs/2312.01990,project_only,not_recorded,code:8874625032b0;metric:success-rate,"SARA-RT: Scaling up Robotics Transformers with Self-Adaptive Robust Attention is retained as REFERENCE because it provides an algorithmic or policy mechanism around Robotics, robot policy, efficient attention for targeted comparison in VLA and generalist robot policies; it is not required for the current intensive reading spine.","Important on-demand reference, but not required in the current intensive sequence.",[],0,./2024/ICRA/2024_ICRA_SARA-RT-Scaling-up-Robotics-Transformers-with-Self-Adaptiv/01_overview.md
pr-0313,Scaling Diffusion Models to Real-World 3D LiDAR Scene Completion,2024,CVPR,conference,peer_reviewed,Autonomous 3D Perception and Sensor Fusion,Robotics-enabling 3D perception,REFERENCE,,method,"{""learning"":[""diffusion""],""interaction"":[],""modality"":[""lidar"",""rgb""],""control_level"":[""state_estimation""],""setting"":[""real_robot""],""embodiment"":[]}",FULL_TEXT_CHECKED,N/A,recorded,source_only,paper_specific,https://openaccess.thecvf.com/content/CVPR2024/html/Nunes_Scaling_Diffusion_Models_to_Real-World_3D_LiDAR_Scene_Completion_CVPR_2024_paper.html,not_identified,not_recorded,metric:map,"Scaling Diffusion Models to Real-World 3D LiDAR Scene Completion is retained as REFERENCE because it provides an algorithmic or policy mechanism around sensor fusion, LiDAR, Diffusion for targeted comparison in Robotics-enabling 3D perception; it is not required for the current intensive reading spine.","Important on-demand reference, but not required in the current intensive sequence.",[],0,./2024/CVPR/2024_CVPR_Scaling-Diffusion-Models-to-Real-World-3D-LiDAR-Scene-Comp/01_overview.md
pr-0724,Scaling Proprioceptive-Visual Learning with Heterogeneous Pre-trained Transformers,2024,NeurIPS,conference,peer_reviewed,Robot Learning and Data,VLA and generalist robot policies,NEXT,,method,"{""learning"":[],""interaction"":[],""modality"":[""proprioception""],""control_level"":[""policy""],""setting"":[],""embodiment"":[]}",FULL_TEXT_CHECKED,UNREAD,recorded,identified,paper_specific,https://papers.nips.cc/paper_files/paper/2024/hash/e0f393e7980a24fd12fa6f15adfa25fb-Abstract-Conference.html,project_only,not_recorded,code:d61b1dc46af3;metric:success-rate,"Scaling Proprioceptive-Visual Learning with Heterogeneous Pre-trained Transformers is a NEXT comparison paper because it extends an algorithmic or policy mechanism around Robotics, cross-embodiment, proprioception in VLA and generalist robot policies, exposing a specialized frontier after the shared CORE spine.",Specialized or frontier extension selected after CORE for the VLA and generalist robot policies branch.,[],0,./2024/NeurIPS/2024_NeurIPS_Scaling-Proprioceptive-Visual-Learning-with-Heterogeneous/01_overview.md
pr-0210,SceneGraphLoc: Cross-Modal Coarse Visual Localization on 3D Scene Graphs,2024,ECCV,conference,peer_reviewed,3D Vision-Language Understanding,Robotics-enabling 3D perception,ARCHIVE,,method,"{""learning"":[],""interaction"":[],""modality"":[""language"",""rgb""],""control_level"":[],""setting"":[],""embodiment"":[]}",FULL_TEXT_CHECKED,N/A,recorded,source_only,paper_specific,https://www.ecva.net/papers/eccv_2024/papers_ECCV/html/1255_ECCV_2024_paper.php,not_identified,not_recorded,metric:map,"SceneGraphLoc: Cross-Modal Coarse Visual Localization on 3D Scene Graphs is retained as ARCHIVE because its an algorithmic or policy mechanism around 3D Vision, Graph Reasoning preserves historical or adjacent context for Robotics-enabling 3D perception; it is outside the current robotics-first intensive scope.",Historical or adjacent material retained for search; outside the current intensive scope.,[],0,./2024/ECCV/2024_ECCV_SceneGraphLoc-Cross-Modal-Coarse-Visual-Localization-on-3D/01_overview.md
pr-0200,SceneVerse: Scaling 3D Vision-Language Learning for Grounded Scene Understanding,2024,ECCV,conference,peer_reviewed,3D Vision-Language Understanding,Robotics-enabling 3D perception,ARCHIVE,,method,"{""learning"":[],""interaction"":[],""modality"":[""language"",""rgb""],""control_level"":[],""setting"":[],""embodiment"":[]}",FULL_TEXT_CHECKED,N/A,recorded,source_only,paper_specific,https://www.ecva.net/papers/eccv_2024/papers_ECCV/html/1407_ECCV_2024_paper.php,not_identified,not_recorded,metric:map,"SceneVerse: Scaling 3D Vision-Language Learning for Grounded Scene Understanding is retained as ARCHIVE because its an algorithmic or policy mechanism around Vision-Language Model, 3D Vision preserves historical or adjacent context for Robotics-enabling 3D perception; it is outside the current robotics-first intensive scope.",Historical or adjacent material retained for search; outside the current intensive scope.,[],0,./2024/ECCV/2024_ECCV_SceneVerse-Scaling-3D-Vision-Language-Learning-for-Grounde/01_overview.md
pr-0874,SERL: A Software Suite for Sample-Efficient Robotic Reinforcement Learning,2024,ICRA,conference,peer_reviewed,Robot Learning and Data,"RL, IL, offline learning, and robot data",NEXT,,benchmark_or_dataset,"{""learning"":[""imitation_learning"",""reinforcement_learning""],""interaction"":[""contact_rich""],""modality"":[""force_torque""],""control_level"":[""policy""],""setting"":[""real_robot""],""embodiment"":[]}",FULL_TEXT_CHECKED,UNREAD,recorded,identified,paper_specific,https://ieeexplore.ieee.org/document/10610040/,released,not_recorded,code:e35067f67639,"ICRA 2024 reusable real-world RL stack that connects offline demonstrations, reward/reset infrastructure, and online policy improvement; it is a prerequisite for HIL-SERL and intervention-based fine-tuning.","Specialized or frontier extension selected after CORE for the RL, IL, offline learning, and robot data branch.",[],0,./2024/ICRA/2024_ICRA_SERL-A-Software-Suite-for-Sample-Efficient-Robotic-Reinfor/01_overview.md
pr-0408,SG-NeRF: Neural Surface Reconstruction with Scene Graph Optimization,2024,ECCV,conference,peer_reviewed,Neural Scene Representations,Robotics-enabling 3D perception,ARCHIVE,,method,"{""learning"":[""optimization_or_planning""],""interaction"":[],""modality"":[""point_cloud"",""rgb""],""control_level"":[],""setting"":[],""embodiment"":[]}",FULL_TEXT_CHECKED,N/A,recorded,source_only,paper_specific,https://www.ecva.net/papers/eccv_2024/papers_ECCV/html/8870_ECCV_2024_paper.php,not_identified,not_recorded,benchmark:dtu;metric:map,"SG-NeRF: Neural Surface Reconstruction with Scene Graph Optimization is retained as ARCHIVE because its an algorithmic or policy mechanism around NeRF, 3D reconstruction, 3D Vision preserves historical or adjacent context for Robotics-enabling 3D perception; it is outside the current robotics-first intensive scope.",Historical or adjacent material retained for search; outside the current intensive scope.,[],0,./2024/ECCV/2024_ECCV_SG-NeRF-Neural-Surface-Reconstruction-with-Scene-Graph-Opt/01_overview.md
pr-0316,SG-PGM: Partial Graph Matching Network with Semantic Geometric Fusion for 3D Scene Graph Alignment and Its Downstream Tasks,2024,CVPR,conference,peer_reviewed,Autonomous 3D Perception and Sensor Fusion,Robotics-enabling 3D perception,ARCHIVE,,method,"{""learning"":[],""interaction"":[],""modality"":[""lidar"",""rgb""],""control_level"":[""state_estimation""],""setting"":[],""embodiment"":[]}",FULL_TEXT_CHECKED,N/A,recorded,source_only,paper_specific,https://openaccess.thecvf.com/content/CVPR2024/html/Xie_SG-PGM_Partial_Graph_Matching_Network_with_Semantic_Geometric_Fusion_for_CVPR_2024_paper.html,not_identified,not_recorded,metric:map,"SG-PGM: Partial Graph Matching Network with Semantic Geometric Fusion for 3D Scene Graph Alignment and Its Downstream Tasks is retained as ARCHIVE because its an algorithmic or policy mechanism around sensor fusion, LiDAR, semantic preserves historical or adjacent context for Robotics-enabling 3D perception; it is outside the current robotics-first intensive scope.",Historical or adjacent material retained for search; outside the current intensive scope.,[],0,./2024/CVPR/2024_CVPR_SG-PGM-Partial-Graph-Matching-Network-with-Semantic-Geomet/01_overview.md
pr-0213,SGS-SLAM: Semantic Gaussian Splatting For Neural Dense SLAM,2024,ECCV,conference,peer_reviewed,Language-Grounded 3D Scene Representations,Robotics-enabling 3D perception,ARCHIVE,,method,"{""learning"":[],""interaction"":[""navigation""],""modality"":[""language"",""point_cloud""],""control_level"":[""state_estimation""],""setting"":[],""embodiment"":[]}",FULL_TEXT_CHECKED,N/A,recorded,source_only,paper_specific,https://www.ecva.net/papers/eccv_2024/papers_ECCV/html/4516_ECCV_2024_paper.php,not_identified,not_recorded,benchmark:replica;benchmark:scannet;metric:map,"SGS-SLAM: Semantic Gaussian Splatting For Neural Dense SLAM is retained as ARCHIVE because its an algorithmic or policy mechanism around Gaussian Splatting, semantic preserves historical or adjacent context for Robotics-enabling 3D perception; it is outside the current robotics-first intensive scope.",Historical or adjacent material retained for search; outside the current intensive scope.,[],0,./2024/ECCV/2024_ECCV_SGS-SLAM-Semantic-Gaussian-Splatting-For-Neural-Dense-SLAM/01_overview.md
pr-0710,Sparsh: Self-supervised touch representations for vision-based tactile sensing,2024,CoRL,conference,peer_reviewed,"Manipulation, Contact, and Dexterity","Manipulation, contact, tactile, and dexterity",NEXT,,foundation,"{""learning"":[""self_supervised""],""interaction"":[""contact_rich"",""grasping""],""modality"":[""rgb"",""tactile""],""control_level"":[],""setting"":[],""embodiment"":[""arm""]}",FULL_TEXT_CHECKED,UNREAD,recorded,identified,paper_specific,https://arxiv.org/abs/2410.24090,project_only,not_recorded,code:a62fd404858f,"Sparsh: Self-supervised touch representations for vision-based tactile sensing is a NEXT comparison paper because it extends a reusable formulation or system primitive around Robotics, tactile sensing, self-supervised learning in Manipulation, contact, tactile, and dexterity, exposing a specialized frontier after the shared CORE spine.","Specialized or frontier extension selected after CORE for the Manipulation, contact, tactile, and dexterity branch.",[],0,./2024/CoRL/2024_CoRL_Sparsh-Self-supervised-touch-representations-for-vision-ba/01_overview.md
pr-0048,SpatialVLM: Endowing Vision-Language Models with Spatial Reasoning Capabilities,2024,CVPR,conference,peer_reviewed,3D Vision-Language Understanding,Robotics-enabling 3D perception,REFERENCE,,method,"{""learning"":[],""interaction"":[],""modality"":[""language"",""rgb""],""control_level"":[],""setting"":[],""embodiment"":[]}",FULL_TEXT_CHECKED,N/A,recorded,identified,paper_specific,https://arxiv.org/abs/2401.12168,project_only,not_recorded,code:42c4da6f8cb0;metric:map,"SpatialVLM: Endowing Vision-Language Models with Spatial Reasoning Capabilities is retained as REFERENCE because it provides an algorithmic or policy mechanism around Vision-Language Model, spatial reasoning, Robotics for targeted comparison in Robotics-enabling 3D perception; it is not required for the current intensive reading spine.","Important on-demand reference, but not required in the current intensive sequence.",[],0,./2024/CVPR/2024_CVPR_SpatialVLM-Endowing-Vision-Language-Models-with-Spatial-Re/01_overview.md
pr-0578,"SPIN: Simultaneous Perception, Interaction and Navigation",2024,CVPR,conference,peer_reviewed,"Locomotion, Whole-Body, and Mobile Manipulation","Locomotion, whole-body, mobile manipulation, and humanoids",NEXT,,method,"{""learning"":[],""interaction"":[""grasping"",""locomotion"",""navigation"",""whole_body""],""modality"":[],""control_level"":[""feedback_control"",""state_estimation"",""whole_body""],""setting"":[],""embodiment"":[""arm"",""mobile""]}",FULL_TEXT_CHECKED,UNREAD,recorded,source_only,paper_specific,https://openaccess.thecvf.com/content/CVPR2024/html/Uppal_SPIN_Simultaneous_Perception_Interaction_and_Navigation_CVPR_2024_paper.html,project_only,not_recorded,code:4b673d910c56;metric:success-rate,"SPIN: Simultaneous Perception, Interaction and Navigation is a NEXT comparison paper because it extends an algorithmic or policy mechanism around Robotics, mobile manipulation, active perception in Locomotion, whole-body, mobile manipulation, and humanoids, exposing a specialized frontier after the shared CORE spine.","Specialized or frontier extension selected after CORE for the Locomotion, whole-body, mobile manipulation, and humanoids branch.",[],0,./2024/CVPR/2024_CVPR_SPIN-Simultaneous-Perception-Interaction-and-Navigation/01_overview.md
pr-0311,SplaTAM: Splat Track & Map 3D Gaussians for Dense RGB-D SLAM,2024,CVPR,conference,peer_reviewed,Neural Scene Representations,Robotics-enabling 3D perception,ARCHIVE,,method,"{""learning"":[],""interaction"":[""navigation""],""modality"":[""depth"",""point_cloud"",""rgb""],""control_level"":[""state_estimation""],""setting"":[],""embodiment"":[]}",FULL_TEXT_CHECKED,N/A,recorded,source_only,paper_specific,https://openaccess.thecvf.com/content/CVPR2024/html/Keetha_SplaTAM_Splat_Track__Map_3D_Gaussians_for_Dense_RGB-D_CVPR_2024_paper.html,not_identified,not_recorded,metric:map,"SplaTAM: Splat Track & Map 3D Gaussians for Dense RGB-D SLAM is retained as ARCHIVE because its an algorithmic or policy mechanism around Gaussian Splatting, geometry, 3D Vision preserves historical or adjacent context for Robotics-enabling 3D perception; it is outside the current robotics-first intensive scope.",Historical or adjacent material retained for search; outside the current intensive scope.,[],0,./2024/CVPR/2024_CVPR_SplaTAM-Splat-Track-and-Map-3D-Gaussians-for-Dense-RGB-D-S/01_overview.md
pr-0760,SUGAR: Pre-training 3D Visual Representations for Robotics,2024,CVPR,conference,peer_reviewed,VLA and Generalist Robot Policies,Robotics-enabling 3D perception,NEXT,,method,"{""learning"":[""vla""],""interaction"":[],""modality"":[""language""],""control_level"":[""policy""],""setting"":[],""embodiment"":[]}",FULL_TEXT_CHECKED,UNREAD,recorded,source_only,paper_specific,https://openaccess.thecvf.com/content/CVPR2024/html/Chen_SUGAR_Pre-training_3D_Visual_Representations_for_Robotics_CVPR_2024_paper.html,not_identified,not_recorded,metric:map,"SUGAR: Pre-training 3D Visual Representations for Robotics is a NEXT comparison paper because it extends an algorithmic or policy mechanism around 3D representation, Robotics, pretraining in Robotics-enabling 3D perception, exposing a specialized frontier after the shared CORE spine.",Specialized or frontier extension selected after CORE for the Robotics-enabling 3D perception branch.,[],0,./2024/CVPR/2024_CVPR_SUGAR-Pre-training-3D-Visual-Representations-for-Robotics/01_overview.md
pr-0310,SuGaR: Surface-Aligned Gaussian Splatting for Efficient 3D Mesh Reconstruction and High-Quality Mesh Rendering,2024,CVPR,conference,peer_reviewed,Neural Scene Representations,Robotics-enabling 3D perception,ARCHIVE,,method,"{""learning"":[],""interaction"":[],""modality"":[""point_cloud"",""rgb""],""control_level"":[],""setting"":[],""embodiment"":[]}",FULL_TEXT_CHECKED,N/A,recorded,source_only,paper_specific,https://openaccess.thecvf.com/content/CVPR2024/html/Guedon_SuGaR_Surface-Aligned_Gaussian_Splatting_for_Efficient_3D_Mesh_Reconstruction_and_CVPR_2024_paper.html,not_identified,not_recorded,metric:map,"SuGaR: Surface-Aligned Gaussian Splatting for Efficient 3D Mesh Reconstruction and High-Quality Mesh Rendering is retained as ARCHIVE because its an algorithmic or policy mechanism around Gaussian Splatting, 3D reconstruction, 3D Vision preserves historical or adjacent context for Robotics-enabling 3D perception; it is outside the current robotics-first intensive scope.",Historical or adjacent material retained for search; outside the current intensive scope.,[],0,./2024/CVPR/2024_CVPR_SuGaR-Surface-Aligned-Gaussian-Splatting-for-Efficient-3D/01_overview.md
pr-0406,Surface Reconstruction for 3D Gaussian Splatting via Local Structural Hints,2024,ECCV,conference,peer_reviewed,Neural Scene Representations,Robotics-enabling 3D perception,ARCHIVE,,method,"{""learning"":[],""interaction"":[],""modality"":[""point_cloud"",""rgb""],""control_level"":[],""setting"":[],""embodiment"":[]}",FULL_TEXT_CHECKED,N/A,recorded,source_only,paper_specific,https://www.ecva.net/papers/eccv_2024/papers_ECCV/html/274_ECCV_2024_paper.php,not_identified,not_recorded,benchmark:scannet;metric:chamfer;metric:f-score;metric:map,"Surface Reconstruction for 3D Gaussian Splatting via Local Structural Hints is retained as ARCHIVE because its an algorithmic or policy mechanism around Gaussian Splatting, 3D reconstruction, 3D Vision preserves historical or adjacent context for Robotics-enabling 3D perception; it is outside the current robotics-first intensive scope.",Historical or adjacent material retained for search; outside the current intensive scope.,[],0,./2024/ECCV/2024_ECCV_Surface-Reconstruction-for-3D-Gaussian-Splatting-via-Local/01_overview.md
pr-0648,Tactile-Driven Non-Prehensile Object Manipulation via Extrinsic Contact Mode Control,2024,RSS,conference,peer_reviewed,"Manipulation, Contact, and Dexterity","Manipulation, contact, tactile, and dexterity",CORE,,method,"{""learning"":[],""interaction"":[""contact_rich"",""grasping""],""modality"":[""tactile""],""control_level"":[""feedback_control""],""setting"":[],""embodiment"":[""arm""]}",FULL_TEXT_CHECKED,UNREAD,recorded,source_only,paper_specific,https://www.roboticsproceedings.org/rss20/p135.html,project_only,not_recorded,code:0d91131d3014,"Tactile-Driven Non-Prehensile Object Manipulation via Extrinsic Contact Mode Control is a CORE prerequisite because it establishes an algorithmic or policy mechanism around Robotics, contact-rich manipulation, tactile sensing, providing a reference point for Manipulation, contact, tactile, and dexterity comparisons in the observation-to-action loop.","Common foundation and prerequisite for the Manipulation, contact, tactile, and dexterity spine.",[],0,./2024/RSS/2024_RSS_Tactile-Driven-Non-Prehensile-Object-Manipulation-via-Extr/01_overview.md
pr-0214,TCLC-GS: Tightly Coupled LiDAR-Camera Gaussian Splatting for Autonomous Driving,2024,ECCV,conference,peer_reviewed,Language-Grounded 3D Scene Representations,Robotics-enabling 3D perception,REFERENCE,,method,"{""learning"":[],""interaction"":[],""modality"":[""language"",""lidar"",""point_cloud"",""rgb""],""control_level"":[],""setting"":[],""embodiment"":[]}",FULL_TEXT_CHECKED,N/A,recorded,source_only,paper_specific,https://www.ecva.net/papers/eccv_2024/papers_ECCV/html/7983_ECCV_2024_paper.php,not_identified,not_recorded,benchmark:waymo;metric:map,TCLC-GS: Tightly Coupled LiDAR-Camera Gaussian Splatting for Autonomous Driving is retained as REFERENCE because it provides an algorithmic or policy mechanism around Gaussian Splatting for targeted comparison in Robotics-enabling 3D perception; it is not required for the current intensive reading spine.,"Important on-demand reference, but not required in the current intensive sequence.",[],0,./2024/ECCV/2024_ECCV_TCLC-GS-Tightly-Coupled-LiDAR-Camera-Gaussian-Splatting-fo/01_overview.md
pr-0684,"TD-MPC2: Scalable, Robust World Models for Continuous Control",2024,ICLR,conference,peer_reviewed,"World Models, Safety, and Recovery","World models, safety, uncertainty, and recovery",CORE,,method,"{""learning"":[""optimization_or_planning"",""world_model""],""interaction"":[],""modality"":[],""control_level"":[""feedback_control"",""safety_or_recovery""],""setting"":[],""embodiment"":[]}",FULL_TEXT_CHECKED,UNREAD,recorded,identified,paper_specific,https://arxiv.org/abs/2310.16828,project_only,not_recorded,code:679a06a8622a,"TD-MPC2: Scalable, Robust World Models for Continuous Control is a CORE prerequisite because it establishes an algorithmic or policy mechanism around Robotics, world model, continuous control, providing a reference point for World models, safety, uncertainty, and recovery comparisons in the observation-to-action loop.","Common foundation and prerequisite for the World models, safety, uncertainty, and recovery spine.",[],0,./2024/ICLR/2024_ICLR_TD-MPC2-Scalable-Robust-World-Models-for-Continuous-Contro/01_overview.md
pr-0326,TIGER: Time-Varying Denoising Model for 3D Point Cloud Generation with Diffusion Process,2024,CVPR,conference,peer_reviewed,3D Generative Modeling,Robotics-enabling 3D perception,ARCHIVE,,method,"{""learning"":[""diffusion""],""interaction"":[],""modality"":[""point_cloud"",""rgb""],""control_level"":[],""setting"":[],""embodiment"":[]}",FULL_TEXT_CHECKED,N/A,recorded,source_only,paper_specific,https://openaccess.thecvf.com/content/CVPR2024/html/Ren_TIGER_Time-Varying_Denoising_Model_for_3D_Point_Cloud_Generation_with_CVPR_2024_paper.html,not_identified,not_recorded,,"TIGER: Time-Varying Denoising Model for 3D Point Cloud Generation with Diffusion Process is retained as ARCHIVE because its an algorithmic or policy mechanism around Diffusion, Generation, point cloud preserves historical or adjacent context for Robotics-enabling 3D perception; it is outside the current robotics-first intensive scope.",Historical or adjacent material retained for search; outside the current intensive scope.,[],0,./2024/CVPR/2024_CVPR_TIGER-Time-Varying-Denoising-Model-for-3D-Point-Cloud-Gene/01_overview.md
pr-0320,Total-Decom: Decomposed 3D Scene Reconstruction with Minimal Interaction,2024,CVPR,conference,peer_reviewed,"3D Geometry, Reconstruction, and SLAM",Robotics-enabling 3D perception,ARCHIVE,,method,"{""learning"":[],""interaction"":[""navigation""],""modality"":[""point_cloud"",""rgb""],""control_level"":[""state_estimation""],""setting"":[],""embodiment"":[]}",FULL_TEXT_CHECKED,N/A,recorded,source_only,paper_specific,https://openaccess.thecvf.com/content/CVPR2024/html/Lyu_Total-Decom_Decomposed_3D_Scene_Reconstruction_with_Minimal_Interaction_CVPR_2024_paper.html,not_identified,not_recorded,benchmark:replica;benchmark:scannet;metric:map,"Total-Decom: Decomposed 3D Scene Reconstruction with Minimal Interaction is retained as ARCHIVE because its an algorithmic or policy mechanism around 3D reconstruction, geometry, 3D Vision preserves historical or adjacent context for Robotics-enabling 3D perception; it is outside the current robotics-first intensive scope.",Historical or adjacent material retained for search; outside the current intensive scope.,[],0,./2024/CVPR/2024_CVPR_Total-Decom-Decomposed-3D-Scene-Reconstruction-with-Minima/01_overview.md
pr-0771,Towards CLIP-driven Language-free 3D Visual Grounding via 2D-3D Relational Enhancement and Consistency,2024,CVPR,conference,peer_reviewed,3D Vision-Language Understanding,Robotics-enabling 3D perception,REFERENCE,,method,"{""learning"":[],""interaction"":[],""modality"":[""language"",""rgb""],""control_level"":[],""setting"":[],""embodiment"":[]}",FULL_TEXT_CHECKED,N/A,recorded,source_only,paper_specific,https://openaccess.thecvf.com/content/CVPR2024/html/Zhang_Towards_CLIP-driven_Language-free_3D_Visual_Grounding_via_2D-3D_Relational_Enhancement_CVPR_2024_paper.html,not_identified,not_recorded,benchmark:nr3d;benchmark:scanrefer;benchmark:sr3d;metric:map,"Towards CLIP-driven Language-free 3D Visual Grounding via 2D-3D Relational Enhancement and Consistency is retained as REFERENCE because it provides an algorithmic or policy mechanism around 3D visual grounding, CLIP, consistency for targeted comparison in Robotics-enabling 3D perception; it is not required for the current intensive reading spine.","Important on-demand reference, but not required in the current intensive sequence.",[],0,./2024/CVPR/2024_CVPR_Towards-CLIP-driven-Language-free-3D-Visual-Grounding-via/01_overview.md
pr-0650,Towards Tight Convex Relaxations for Contact-Rich Manipulation,2024,RSS,conference,peer_reviewed,"Manipulation, Contact, and Dexterity","Manipulation, contact, tactile, and dexterity",NEXT,,method,"{""learning"":[""optimization_or_planning""],""interaction"":[""contact_rich"",""grasping""],""modality"":[],""control_level"":[""motion_planning""],""setting"":[],""embodiment"":[""arm""]}",FULL_TEXT_CHECKED,UNREAD,recorded,source_only,paper_specific,https://www.roboticsproceedings.org/rss20/p132.html,project_only,not_recorded,code:4bf27cf9aa15,"Towards Tight Convex Relaxations for Contact-Rich Manipulation is a NEXT comparison paper because it extends an algorithmic or policy mechanism around Robotics, contact-rich manipulation, convex relaxation in Manipulation, contact, tactile, and dexterity, exposing a specialized frontier after the shared CORE spine.","Specialized or frontier extension selected after CORE for the Manipulation, contact, tactile, and dexterity branch.",[],0,./2024/RSS/2024_RSS_Towards-Tight-Convex-Relaxations-for-Contact-Rich-Manipula/01_overview.md
pr-0319,Triplane Meets Gaussian Splatting: Fast and Generalizable Single-View 3D Reconstruction with Transformers,2024,CVPR,conference,peer_reviewed,Neural Scene Representations,Robotics-enabling 3D perception,ARCHIVE,,method,"{""learning"":[],""interaction"":[],""modality"":[""point_cloud"",""rgb""],""control_level"":[],""setting"":[],""embodiment"":[]}",FULL_TEXT_CHECKED,N/A,recorded,source_only,paper_specific,https://openaccess.thecvf.com/content/CVPR2024/html/Zou_Triplane_Meets_Gaussian_Splatting_Fast_and_Generalizable_Single-View_3D_Reconstruction_CVPR_2024_paper.html,not_identified,not_recorded,metric:map,"Triplane Meets Gaussian Splatting: Fast and Generalizable Single-View 3D Reconstruction with Transformers is retained as ARCHIVE because its an algorithmic or policy mechanism around Gaussian Splatting, 3D reconstruction, 3D Vision preserves historical or adjacent context for Robotics-enabling 3D perception; it is outside the current robotics-first intensive scope.",Historical or adjacent material retained for search; outside the current intensive scope.,[],0,./2024/CVPR/2024_CVPR_Triplane-Meets-Gaussian-Splatting-Fast-and-Generalizable-S/01_overview.md
pr-0201,Uni3DL: A Unified Model for 3D Vision-Language Understanding,2024,ECCV,conference,peer_reviewed,3D Vision-Language Understanding,Robotics-enabling 3D perception,ARCHIVE,,method,"{""learning"":[],""interaction"":[],""modality"":[""language"",""rgb""],""control_level"":[],""setting"":[],""embodiment"":[]}",FULL_TEXT_CHECKED,N/A,recorded,source_only,paper_specific,https://www.ecva.net/papers/eccv_2024/papers_ECCV/html/3330_ECCV_2024_paper.php,not_identified,not_recorded,benchmark:scannet;metric:map,"Uni3DL: A Unified Model for 3D Vision-Language Understanding is retained as ARCHIVE because its an algorithmic or policy mechanism around Vision-Language Model, 3D Vision preserves historical or adjacent context for Robotics-enabling 3D perception; it is outside the current robotics-first intensive scope.",Historical or adjacent material retained for search; outside the current intensive scope.,[],0,./2024/ECCV/2024_ECCV_Uni3DL-A-Unified-Model-for-3D-Vision-Language-Understandin/01_overview.md
pr-0308,UniDepth: Universal Monocular Metric Depth Estimation,2024,CVPR,conference,peer_reviewed,"3D Geometry, Reconstruction, and SLAM",Robotics-enabling 3D perception,REFERENCE,,method,"{""learning"":[],""interaction"":[""navigation""],""modality"":[""depth"",""point_cloud"",""rgb""],""control_level"":[""state_estimation""],""setting"":[],""embodiment"":[]}",FULL_TEXT_CHECKED,N/A,recorded,identified,paper_specific,https://arxiv.org/abs/2403.18913,not_identified,not_recorded,metric:map,"UniDepth: Universal Monocular Metric Depth Estimation is retained as REFERENCE because it provides an algorithmic or policy mechanism around depth, 3D Vision for targeted comparison in Robotics-enabling 3D perception; it is not required for the current intensive reading spine.","Important on-demand reference, but not required in the current intensive sequence.",[],0,./2024/CVPR/2024_CVPR_UniDepth-Universal-Monocular-Metric-Depth-Estimation/01_overview.md
pr-0202,Unifying 3D Vision-Language Understanding via Promptable Queries,2024,ECCV,conference,peer_reviewed,3D Vision-Language Understanding,Robotics-enabling 3D perception,ARCHIVE,,method,"{""learning"":[],""interaction"":[],""modality"":[""language"",""rgb""],""control_level"":[],""setting"":[],""embodiment"":[]}",FULL_TEXT_CHECKED,N/A,recorded,source_only,paper_specific,https://www.ecva.net/papers/eccv_2024/papers_ECCV/html/6043_ECCV_2024_paper.php,not_identified,not_recorded,metric:map,"Unifying 3D Vision-Language Understanding via Promptable Queries is retained as ARCHIVE because its an algorithmic or policy mechanism around Vision-Language Model, 3D Vision preserves historical or adjacent context for Robotics-enabling 3D perception; it is outside the current robotics-first intensive scope.",Historical or adjacent material retained for search; outside the current intensive scope.,[],0,./2024/ECCV/2024_ECCV_Unifying-3D-Vision-Language-Understanding-via-Promptable-Q/01_overview.md
pr-0873,Universal Manipulation Interface: In-The-Wild Robot Teaching Without In-The-Wild Robots,2024,RSS,conference,peer_reviewed,Robot Learning and Data,"RL, IL, offline learning, and robot data",NEXT,,method,"{""learning"":[""imitation_learning""],""interaction"":[""grasping""],""modality"":[""video""],""control_level"":[""policy""],""setting"":[],""embodiment"":[""arm"",""bimanual""]}",FULL_TEXT_CHECKED,UNREAD,recorded,identified,paper_specific,https://www.roboticsproceedings.org/rss20/p045.html,project_only,not_recorded,benchmark:open-x-embodiment;code:74e8412da702,RSS 2024 system-level bridge from low-cost human data collection to hardware-agnostic deployable manipulation policies; it anchors the action-interface and cross-embodiment branch after Open X-Embodiment.,"Specialized or frontier extension selected after CORE for the RL, IL, offline learning, and robot data branch.",[],0,./2024/RSS/2024_RSS_Universal-Manipulation-Interface-In-The-Wild-Robot-Teachin/01_overview.md
pr-0936,Unleashing Large-Scale Video Generative Pre-training for Visual Robot Manipulation,2024,ICLR,conference,peer_reviewed,VLA and Generalist Robot Policies,VLA and generalist robot policies,NEXT,,method,"{""learning"":[""vla"",""world_model""],""interaction"":[""grasping""],""modality"":[""language"",""video""],""control_level"":[""policy""],""setting"":[],""embodiment"":[""arm""]}",FULL_TEXT_CHECKED,UNREAD,recorded,identified,paper_specific,https://proceedings.iclr.cc/paper_files/paper/2024/hash/2c37c5bcef24b9541550261dcd63261b-Abstract-Conference.html,project_only,not_recorded,code:0c0a55f2a645,video generative pretraining이 language·image·state에서 action과 future image를 함께 예측하는 VLA precursor를 제공한다.,Specialized or frontier extension selected after CORE for the VLA and generalist robot policies branch.,[],0,./2024/ICLR/2024_ICLR_Unleashing-Large-Scale-Video-Generative-Pre-training-for-V/01_overview.md
pr-0935,Vision-Language Foundation Models as Effective Robot Imitators,2024,ICLR,conference,peer_reviewed,VLA and Generalist Robot Policies,VLA and generalist robot policies,NEXT,,method,"{""learning"":[""imitation_learning"",""vla""],""interaction"":[""grasping""],""modality"":[""language"",""rgb""],""control_level"":[""policy""],""setting"":[],""embodiment"":[""arm""]}",FULL_TEXT_CHECKED,UNREAD,recorded,identified,paper_specific,https://proceedings.iclr.cc/paper_files/paper/2024/hash/71639c317fb0bf398835627b4418693e-Abstract-Conference.html,released,not_recorded,code:a35f23635db9,open VLM에 explicit temporal policy head를 붙여 VLM-to-robot imitation의 저비용·재현 가능한 baseline을 만든다.,Specialized or frontier extension selected after CORE for the VLA and generalist robot policies branch.,[],0,./2024/ICLR/2024_ICLR_Vision-Language-Foundation-Models-as-Effective-Robot-Imita/01_overview.md
pr-0540,VLFM: Vision-Language Frontier Maps for Zero-Shot Semantic Navigation,2024,ICRA,conference,peer_reviewed,Embodied Navigation and Mapping,Robotics-enabling 3D perception,NEXT,,method,"{""learning"":[],""interaction"":[""navigation""],""modality"":[""language"",""rgb""],""control_level"":[""state_estimation""],""setting"":[],""embodiment"":[""mobile""]}",FULL_TEXT_CHECKED,UNREAD,recorded,identified,paper_specific,https://arxiv.org/abs/2312.03275,released,not_recorded,code:948280a8a991;metric:map;metric:spl,"VLFM: Vision-Language Frontier Maps for Zero-Shot Semantic Navigation is a NEXT comparison paper because it extends an algorithmic or policy mechanism around Vision-Language Navigation, Robotics, Navigation in Robotics-enabling 3D perception, exposing a specialized frontier after the shared CORE spine.",Specialized or frontier extension selected after CORE for the Robotics-enabling 3D perception branch.,[],0,./2024/ICRA/2024_ICRA_VLFM-Vision-Language-Frontier-Maps-for-Zero-Shot-Semantic/01_overview.md
pr-0053,VLM-Grounder: A VLM Agent for Zero-Shot 3D Visual Grounding,2024,CoRL,conference,peer_reviewed,3D Vision-Language Understanding,Robotics-enabling 3D perception,REFERENCE,,method,"{""learning"":[],""interaction"":[],""modality"":[""language"",""rgb""],""control_level"":[],""setting"":[],""embodiment"":[]}",FULL_TEXT_CHECKED,N/A,recorded,source_only,paper_specific,https://proceedings.mlr.press/v270/xu25c.html,released,not_recorded,benchmark:scannet;benchmark:scanrefer;code:cd421e213e73;metric:map,"VLM-Grounder: A VLM Agent for Zero-Shot 3D Visual Grounding is retained as REFERENCE because it provides an algorithmic or policy mechanism around 3D visual grounding, VLM, zero-shot for targeted comparison in Robotics-enabling 3D perception; it is not required for the current intensive reading spine.","Important on-demand reference, but not required in the current intensive sequence.",[],0,./2024/CoRL/2024_CoRL_VLM-Grounder-A-VLM-Agent-for-Zero-Shot-3D-Visual-Grounding/01_overview.md
pr-0940,VLMimic: Vision Language Models are Visual Imitation Learner for Fine-grained Actions,2024,NeurIPS,conference,peer_reviewed,VLA and Generalist Robot Policies,VLA and generalist robot policies,NEXT,,method,"{""learning"":[""vla""],""interaction"":[""grasping""],""modality"":[""language"",""rgb"",""video""],""control_level"":[""policy""],""setting"":[""long_horizon""],""embodiment"":[""arm""]}",FULL_TEXT_CHECKED,UNREAD,recorded,identified,paper_specific,https://proceedings.neurips.cc/paper_files/paper/2024/hash/8e6f3d53b2bef98fce17e699557f5f11-Abstract-Conference.html,not_identified,not_recorded,,VLM을 high-level planner에만 쓰지 않고 human video에서 fine-grained action skill까지 학습시키는 video-to-robot missing link다.,Specialized or frontier extension selected after CORE for the VLA and generalist robot policies branch.,[],0,./2024/NeurIPS/2024_NeurIPS_VLMimic-Vision-Language-Models-are-Visual-Imitation-Learne/01_overview.md
pr-0768,Volumetric Environment Representation for Vision-Language Navigation,2024,CVPR,conference,peer_reviewed,Embodied Navigation and Mapping,Robotics-enabling 3D perception,NEXT,,method,"{""learning"":[],""interaction"":[""navigation""],""modality"":[""language"",""point_cloud"",""rgb""],""control_level"":[""state_estimation""],""setting"":[],""embodiment"":[""mobile""]}",FULL_TEXT_CHECKED,UNREAD,recorded,source_only,paper_specific,https://openaccess.thecvf.com/content/CVPR2024/html/Liu_Volumetric_Environment_Representation_for_Vision-Language_Navigation_CVPR_2024_paper.html,not_identified,not_recorded,benchmark:r2r;metric:map,"Volumetric Environment Representation for Vision-Language Navigation is a NEXT comparison paper because it extends an algorithmic or policy mechanism around Vision-Language Navigation, 3D geometry, representation in Robotics-enabling 3D perception, exposing a specialized frontier after the shared CORE spine.",Specialized or frontier extension selected after CORE for the Robotics-enabling 3D perception branch.,[],0,./2024/CVPR/2024_CVPR_Volumetric-Environment-Representation-for-Vision-Language/01_overview.md
pr-0055,VoxAct-B: Voxel-Based Acting and Stabilizing Policy for Bimanual Manipulation,2024,CoRL,conference,peer_reviewed,VLA and Generalist Robot Policies,VLA and generalist robot policies,NEXT,,method,"{""learning"":[""vla""],""interaction"":[""grasping""],""modality"":[""language""],""control_level"":[""policy""],""setting"":[],""embodiment"":[""arm"",""bimanual""]}",FULL_TEXT_CHECKED,UNREAD,recorded,source_only,paper_specific,https://proceedings.mlr.press/v270/liu25i.html,project_only,not_recorded,benchmark:rlbench;code:728fefe9d997;metric:success-rate,"VoxAct-B: Voxel-Based Acting and Stabilizing Policy for Bimanual Manipulation is a NEXT comparison paper because it extends an algorithmic or policy mechanism around VLM, 3D manipulation, bimanual in VLA and generalist robot policies, exposing a specialized frontier after the shared CORE spine.",Specialized or frontier extension selected after CORE for the VLA and generalist robot policies branch.,[],0,./2024/CoRL/2024_CoRL_VoxAct-B-Voxel-Based-Acting-and-Stabilizing-Policy-for-Bim/01_overview.md
pr-0603,WoCoCo: Learning Whole-Body Humanoid Control with Sequential Contacts,2024,CoRL,conference,peer_reviewed,"Locomotion, Whole-Body, and Mobile Manipulation","Locomotion, whole-body, mobile manipulation, and humanoids",NEXT,,method,"{""learning"":[""reinforcement_learning""],""interaction"":[""contact_rich"",""grasping"",""locomotion"",""whole_body""],""modality"":[""force_torque""],""control_level"":[""feedback_control"",""whole_body""],""setting"":[],""embodiment"":[""arm"",""humanoid"",""mobile""]}",FULL_TEXT_CHECKED,UNREAD,recorded,identified,paper_specific,https://openreview.net/forum?id=Czs2xH9114,project_only,not_recorded,code:ac83bc21c7ca;metric:success-rate,"WoCoCo: Learning Whole-Body Humanoid Control with Sequential Contacts is a NEXT comparison paper because it extends an algorithmic or policy mechanism around Robotics, humanoid, whole-body control in Locomotion, whole-body, mobile manipulation, and humanoids, exposing a specialized frontier after the shared CORE spine.","Specialized or frontier extension selected after CORE for the Locomotion, whole-body, mobile manipulation, and humanoids branch.",[],0,./2024/CoRL/2024_CoRL_WoCoCo-Learning-Whole-Body-Humanoid-Control-with-Sequentia/01_overview.md
pr-0130,3D Equivariant Visuomotor Policy Learning via Spherical Projection,2025,NeurIPS,conference,peer_reviewed,VLA and Generalist Robot Policies,VLA and generalist robot policies,REFERENCE,,method,"{""learning"":[""vla""],""interaction"":[],""modality"":[""language"",""rgb""],""control_level"":[""policy""],""setting"":[],""embodiment"":[]}",FULL_TEXT_CHECKED,N/A,recorded,identified,paper_specific,https://openreview.net/forum?id=kXJd4JxF34,not_identified,not_recorded,metric:success-rate,"3D Equivariant Visuomotor Policy Learning via Spherical Projection is retained as REFERENCE because it provides an algorithmic or policy mechanism around Robotics, 3D Vision, equivariant for targeted comparison in VLA and generalist robot policies; it is not required for the current intensive reading spine.","Important on-demand reference, but not required in the current intensive sequence.",[],0,./2025/NeurIPS/2025_NeurIPS_3D-Equivariant-Visuomotor-Policy-Learning-via-Spherical-Pr/01_overview.md
pr-0785,3D Gaussian Map with Open-Set Semantic Grouping for Vision-Language Navigation,2025,ICCV,conference,peer_reviewed,Embodied Navigation and Mapping,Robotics-enabling 3D perception,REFERENCE,,method,"{""learning"":[],""interaction"":[""navigation""],""modality"":[""language"",""point_cloud"",""rgb""],""control_level"":[""state_estimation""],""setting"":[],""embodiment"":[""mobile""]}",FULL_TEXT_CHECKED,N/A,recorded,source_only,paper_specific,https://openaccess.thecvf.com/content/ICCV2025/html/Gao_3D_Gaussian_Map_with_Open-Set_Semantic_Grouping_for_Vision-Language_Navigation_ICCV_2025_paper.html,not_identified,not_recorded,benchmark:r2r;metric:map,"3D Gaussian Map with Open-Set Semantic Grouping for Vision-Language Navigation is retained as REFERENCE because it provides an algorithmic or policy mechanism around Gaussian Splatting, Vision-Language Navigation, semantic for targeted comparison in Robotics-enabling 3D perception; it is not required for the current intensive reading spine.","Important on-demand reference, but not required in the current intensive sequence.",[],0,./2025/ICCV/2025_ICCV_3D-Gaussian-Map-with-Open-Set-Semantic-Grouping-for-Vision/01_overview.md
pr-0145,3D Question Answering via only 2D Vision-Language Models,2025,ICML,conference,peer_reviewed,3D Vision-Language Understanding,Robotics-enabling 3D perception,ARCHIVE,,method,"{""learning"":[],""interaction"":[],""modality"":[""language"",""rgb""],""control_level"":[],""setting"":[],""embodiment"":[]}",FULL_TEXT_CHECKED,N/A,recorded,identified,paper_specific,https://openreview.net/forum?id=IkhJApkJQ3,not_identified,not_recorded,benchmark:scanqa;metric:map,"3D Question Answering via only 2D Vision-Language Models is retained as ARCHIVE because its an algorithmic or policy mechanism around Vision-Language Model, 3D Vision preserves historical or adjacent context for Robotics-enabling 3D perception; it is outside the current robotics-first intensive scope.",Historical or adjacent material retained for search; outside the current intensive scope.,[],0,./2025/ICML/2025_ICML_3D-Question-Answering-via-only-2D-Vision-Language-Models/01_overview.md
pr-0070,3D Vision-Language Gaussian Splatting,2025,ICLR,conference,peer_reviewed,Language-Grounded 3D Scene Representations,Robotics-enabling 3D perception,ARCHIVE,,method,"{""learning"":[],""interaction"":[],""modality"":[""language"",""point_cloud"",""rgb""],""control_level"":[],""setting"":[],""embodiment"":[]}",FULL_TEXT_CHECKED,N/A,recorded,identified,paper_specific,https://openreview.net/forum?id=SSE9myD9SG,not_identified,not_recorded,metric:map,"3D Vision-Language Gaussian Splatting is retained as ARCHIVE because its an algorithmic or policy mechanism around Vision-Language Model, 3D Vision, Gaussian Splatting preserves historical or adjacent context for Robotics-enabling 3D perception; it is outside the current robotics-first intensive scope.",Historical or adjacent material retained for search; outside the current intensive scope.,[],0,./2025/ICLR/2025_ICLR_3D-Vision-Language-Gaussian-Splatting/01_overview.md
pr-0079,3D-AffordanceLLM: Harnessing Large Language Models for Open-Vocabulary Affordance Detection in 3D Worlds,2025,ICLR,conference,peer_reviewed,VLA and Generalist Robot Policies,VLA and generalist robot policies,REFERENCE,,method,"{""learning"":[""reinforcement_learning"",""vla""],""interaction"":[""contact_rich""],""modality"":[""force_torque"",""language"",""rgb""],""control_level"":[""policy""],""setting"":[],""embodiment"":[]}",FULL_TEXT_CHECKED,N/A,recorded,identified,paper_specific,https://openreview.net/forum?id=GThTiuXgDC,not_identified,not_recorded,metric:success-rate,"3D-AffordanceLLM: Harnessing Large Language Models for Open-Vocabulary Affordance Detection in 3D Worlds is retained as REFERENCE because it provides an algorithmic or policy mechanism around Robotics, 3D Vision, Reinforcement Learning for targeted comparison in VLA and generalist robot policies; it is not required for the current intensive reading spine.","Important on-demand reference, but not required in the current intensive sequence.",[],0,./2025/ICLR/2025_ICLR_3D-AffordanceLLM-Harnessing-Large-Language-Models-for-Open/01_overview.md
pr-0077,3D-SPATIAL MULTIMODAL MEMORY,2025,ICLR,conference,peer_reviewed,Language-Grounded 3D Scene Representations,Robotics-enabling 3D perception,REFERENCE,,method,"{""learning"":[],""interaction"":[],""modality"":[""language"",""point_cloud"",""rgb""],""control_level"":[],""setting"":[],""embodiment"":[]}",FULL_TEXT_CHECKED,N/A,recorded,identified,paper_specific,https://openreview.net/forum?id=XYdstv3ySl,not_identified,not_recorded,metric:map,"3D-SPATIAL MULTIMODAL MEMORY is retained as REFERENCE because it provides an algorithmic or policy mechanism around Robotics, 3D Vision, Gaussian Splatting for targeted comparison in Robotics-enabling 3D perception; it is not required for the current intensive reading spine.","Important on-demand reference, but not required in the current intensive sequence.",[],0,./2025/ICLR/2025_ICLR_3D-SPATIAL-MULTIMODAL-MEMORY/01_overview.md
pr-0792,3DGraphLLM: Combining Semantic Graphs and Large Language Models for 3D Scene Understanding,2025,ICCV,conference,peer_reviewed,3D Vision-Language Understanding,Robotics-enabling 3D perception,ARCHIVE,,method,"{""learning"":[],""interaction"":[],""modality"":[""language"",""rgb""],""control_level"":[],""setting"":[],""embodiment"":[]}",FULL_TEXT_CHECKED,N/A,recorded,source_only,paper_specific,https://openaccess.thecvf.com/content/ICCV2025/html/Zemskova_3DGraphLLM_Combining_Semantic_Graphs_and_Large_Language_Models_for_3D_ICCV_2025_paper.html,not_identified,not_recorded,benchmark:scanqa;benchmark:scanrefer;metric:map,"3DGraphLLM: Combining Semantic Graphs and Large Language Models for 3D Scene Understanding is retained as ARCHIVE because its an algorithmic or policy mechanism around 3D Scene Graph, LLM, Graph Reasoning preserves historical or adjacent context for Robotics-enabling 3D perception; it is outside the current robotics-first intensive scope.",Historical or adjacent material retained for search; outside the current intensive scope.,[],0,./2025/ICCV/2025_ICCV_3DGraphLLM-Combining-Semantic-Graphs-and-Large-Language-Mo/01_overview.md
pr-0058,3DS-VLA: A 3D Spatial-Aware Vision Language Action Model for Robust Multi-Task Manipulation,2025,CoRL,conference,peer_reviewed,VLA and Generalist Robot Policies,VLA and generalist robot policies,NEXT,,method,"{""learning"":[""vla""],""interaction"":[""grasping""],""modality"":[""language"",""rgb""],""control_level"":[""policy""],""setting"":[],""embodiment"":[""arm""]}",FULL_TEXT_CHECKED,UNREAD,recorded,source_only,paper_specific,https://proceedings.mlr.press/v305/li25g.html,project_only,not_recorded,benchmark:rlbench;code:9e5d873a5a87;metric:success-rate,"3DS-VLA: A 3D Spatial-Aware Vision Language Action Model for Robust Multi-Task Manipulation is a NEXT comparison paper because it extends an algorithmic or policy mechanism around VLA, 3D Vision, Robotics in VLA and generalist robot policies, exposing a specialized frontier after the shared CORE spine.",Specialized or frontier extension selected after CORE for the VLA and generalist robot policies branch.,[],0,./2025/CoRL/2025_CoRL_3DS-VLA-A-3D-Spatial-Aware-Vision-Language-Action-Model-fo/01_overview.md
pr-0119,4D-VLA:  Spatiotemporal Vision-Language-Action Pretraining with Cross-Scene Calibration,2025,NeurIPS,conference,peer_reviewed,VLA and Generalist Robot Policies,VLA and generalist robot policies,REFERENCE,,method,"{""learning"":[""vla""],""interaction"":[],""modality"":[""language"",""rgb""],""control_level"":[""policy""],""setting"":[],""embodiment"":[]}",FULL_TEXT_CHECKED,N/A,recorded,identified,paper_specific,https://openreview.net/forum?id=yFjgV3cJje,not_identified,not_recorded,benchmark:libero;metric:success-rate,"4D-VLA:  Spatiotemporal Vision-Language-Action Pretraining with Cross-Scene Calibration is retained as REFERENCE because it provides an algorithmic or policy mechanism around VLA, Vision-Language Model for targeted comparison in VLA and generalist robot policies; it is not required for the current intensive reading spine.","Important on-demand reference, but not required in the current intensive sequence.",[],0,./2025/NeurIPS/2025_NeurIPS_4D-VLA-Spatiotemporal-Vision-Language-Action-Pretraining-w/01_overview.md
pr-0385,A Lesson in Splats: Teacher-Guided Diffusion for 3D Gaussian Splats Generation with 2D Supervision,2025,ICCV,conference,peer_reviewed,3D Generative Modeling,Robotics-enabling 3D perception,ARCHIVE,,method,"{""learning"":[""diffusion""],""interaction"":[],""modality"":[""point_cloud"",""rgb""],""control_level"":[],""setting"":[],""embodiment"":[]}",FULL_TEXT_CHECKED,N/A,recorded,source_only,paper_specific,https://openaccess.thecvf.com/content/ICCV2025/html/Peng_A_Lesson_in_Splats_Teacher-Guided_Diffusion_for_3D_Gaussian_Splats_ICCV_2025_paper.html,not_identified,not_recorded,,"A Lesson in Splats: Teacher-Guided Diffusion for 3D Gaussian Splats Generation with 2D Supervision is retained as ARCHIVE because its an algorithmic or policy mechanism around Gaussian Splatting, Diffusion, Generation preserves historical or adjacent context for Robotics-enabling 3D perception; it is outside the current robotics-first intensive scope.",Historical or adjacent material retained for search; outside the current intensive scope.,[],0,./2025/ICCV/2025_ICCV_A-Lesson-in-Splats-Teacher-Guided-Diffusion-for-3D-Gaussia/01_overview.md
pr-0271,ActiveGS: Active Scene Reconstruction using Gaussian Splatting,2025,RA-L,journal,peer_reviewed,Language-Grounded 3D Scene Representations,Robotics-enabling 3D perception,ARCHIVE,,method,"{""learning"":[],""interaction"":[],""modality"":[""language"",""point_cloud""],""control_level"":[],""setting"":[],""embodiment"":[]}",FULL_TEXT_CHECKED,N/A,recorded,identified,paper_specific,https://arxiv.org/abs/2412.17769,released,not_recorded,code:695f366f2e3c;metric:map,ActiveGS: Active Scene Reconstruction using Gaussian Splatting is retained as ARCHIVE because its an algorithmic or policy mechanism around Gaussian Splatting preserves historical or adjacent context for Robotics-enabling 3D perception; it is outside the current robotics-first intensive scope.,Historical or adjacent material retained for search; outside the current intensive scope.,[],0,./2025/RA-L/2025_RA-L_ActiveGS-Active-Scene-Reconstruction-using-Gaussian-Splatt/01_overview.md
pr-0913,AgiBot World Colosseo: A Large-scale Manipulation Platform for Scalable and Intelligent Embodied Systems,2025,IROS,conference,peer_reviewed,Robot Learning and Data,"RL, IL, offline learning, and robot data",NEXT,,benchmark_or_dataset,"{""learning"":[],""interaction"":[""grasping""],""modality"":[],""control_level"":[""policy""],""setting"":[""long_horizon""],""embodiment"":[""arm"",""humanoid""]}",FULL_TEXT_CHECKED,UNREAD,recorded,identified,paper_specific,https://opendrivelab.com/AgiBot-World/,released,not_recorded,benchmark:droid;benchmark:open-x-embodiment;code:96f630884f9f,IROS 2025 large-scale robot data and platform contribution that strengthens the registry's generalist-policy data lineage beyond Open X-Embodiment and DROID.,"Specialized or frontier extension selected after CORE for the RL, IL, offline learning, and robot data branch.",[],0,./2025/IROS/2025_IROS_AgiBot-World-Colosseo-A-Large-scale-Manipulation-Platform/01_overview.md
pr-0470,AGS-Mesh: Adaptive Gaussian Splatting and Meshing with Geometric Priors for Indoor Room Reconstruction Using Smartphones,2025,3DV,conference,peer_reviewed,Neural Scene Representations,Robotics-enabling 3D perception,ARCHIVE,,method,"{""learning"":[],""interaction"":[],""modality"":[""point_cloud"",""rgb""],""control_level"":[],""setting"":[],""embodiment"":[]}",FULL_TEXT_CHECKED,N/A,recorded,identified,venue_index,https://3dvconf.github.io/2025/accepted-papers/,not_identified,not_recorded,metric:map,"AGS-Mesh: Adaptive Gaussian Splatting and Meshing with Geometric Priors for Indoor Room Reconstruction Using Smartphones is retained as ARCHIVE because its an algorithmic or policy mechanism around Gaussian Splatting, 3D reconstruction, 3D Vision preserves historical or adjacent context for Robotics-enabling 3D perception; it is outside the current robotics-first intensive scope.",Historical or adjacent material retained for search; outside the current intensive scope.,[],0,./2025/3DV/2025_3DV_AGS-Mesh-Adaptive-Gaussian-Splatting-and-Meshing-with-Geom/01_overview.md
pr-0071,AHA: A Vision-Language-Model for Detecting and Reasoning Over Failures in Robotic Manipulation,2025,ICLR,conference,peer_reviewed,VLA and Generalist Robot Policies,VLA and generalist robot policies,NEXT,,method,"{""learning"":[""vla""],""interaction"":[""grasping""],""modality"":[""language"",""rgb""],""control_level"":[""policy""],""setting"":[],""embodiment"":[""arm""]}",FULL_TEXT_CHECKED,UNREAD,recorded,identified,paper_specific,https://openreview.net/forum?id=JVkdSi7Ekg,not_identified,not_recorded,metric:success-rate,"AHA: A Vision-Language-Model for Detecting and Reasoning Over Failures in Robotic Manipulation is a NEXT comparison paper because it extends an algorithmic or policy mechanism around Vision-Language Model, Robotics in VLA and generalist robot policies, exposing a specialized frontier after the shared CORE spine.",Specialized or frontier extension selected after CORE for the VLA and generalist robot policies branch.,[],0,./2025/ICLR/2025_ICLR_AHA-A-Vision-Language-Model-for-Detecting-and-Reasoning-Ov/01_overview.md
pr-0783,AIDE: Improving 3D Open-Vocabulary Semantic Segmentation by Aligned Vision-Language Learning,2025,WACV,conference,peer_reviewed,Embodied Navigation and Mapping,Robotics-enabling 3D perception,ARCHIVE,,method,"{""learning"":[],""interaction"":[""navigation""],""modality"":[""language"",""rgb""],""control_level"":[""state_estimation""],""setting"":[],""embodiment"":[""mobile""]}",FULL_TEXT_CHECKED,N/A,recorded,source_only,paper_specific,https://openaccess.thecvf.com/content/WACV2025/html/Wang_AIDE_Improving_3D_Open-Vocabulary_Semantic_Segmentation_by_Aligned_Vision-Language_Learning_WACV_2025_paper.html,not_identified,not_recorded,metric:map,"AIDE: Improving 3D Open-Vocabulary Semantic Segmentation by Aligned Vision-Language Learning is retained as ARCHIVE because its an algorithmic or policy mechanism around open-vocabulary, semantic, alignment preserves historical or adjacent context for Robotics-enabling 3D perception; it is outside the current robotics-first intensive scope.",Historical or adjacent material retained for search; outside the current intensive scope.,[],0,./2025/WACV/2025_WACV_AIDE-Improving-3D-Open-Vocabulary-Semantic-Segmentation-by/01_overview.md
pr-0604,AMO: Adaptive Motion Optimization for Hyper-Dexterous Humanoid Whole-Body Control,2025,RSS,conference,peer_reviewed,"Locomotion, Whole-Body, and Mobile Manipulation","Locomotion, whole-body, mobile manipulation, and humanoids",NEXT,,method,"{""learning"":[""optimization_or_planning""],""interaction"":[""grasping"",""locomotion"",""whole_body""],""modality"":[],""control_level"":[""feedback_control"",""motion_planning"",""whole_body""],""setting"":[""sim_to_real""],""embodiment"":[""arm"",""dexterous_hand"",""humanoid"",""mobile""]}",FULL_TEXT_CHECKED,UNREAD,recorded,source_only,paper_specific,https://www.roboticsproceedings.org/rss21/p061.html,project_only,not_recorded,code:917935eb3041;metric:success-rate,"AMO: Adaptive Motion Optimization for Hyper-Dexterous Humanoid Whole-Body Control is a NEXT comparison paper because it extends an algorithmic or policy mechanism around Robotics, humanoid, whole-body control in Locomotion, whole-body, mobile manipulation, and humanoids, exposing a specialized frontier after the shared CORE spine.","Specialized or frontier extension selected after CORE for the Locomotion, whole-body, mobile manipulation, and humanoids branch.",[],0,./2025/RSS/2025_RSS_AMO-Adaptive-Motion-Optimization-for-Hyper-Dexterous-Human/01_overview.md
pr-0674,ArticuBot: Learning Universal Articulated Object Manipulation Policy via Large Scale Simulation,2025,RSS,conference,peer_reviewed,"Locomotion, Whole-Body, and Mobile Manipulation","Locomotion, whole-body, mobile manipulation, and humanoids",REFERENCE,,method,"{""learning"":[],""interaction"":[""grasping"",""locomotion"",""whole_body""],""modality"":[],""control_level"":[""policy"",""whole_body""],""setting"":[""simulation""],""embodiment"":[""arm"",""mobile""]}",FULL_TEXT_CHECKED,N/A,recorded,source_only,paper_specific,https://www.roboticsproceedings.org/rss21/p156.html,project_only,not_recorded,code:ffd51ddaa0c3;metric:success-rate,"ArticuBot: Learning Universal Articulated Object Manipulation Policy via Large Scale Simulation is retained as REFERENCE because it provides an algorithmic or policy mechanism around Robotics, mobile manipulation, simulation for targeted comparison in Locomotion, whole-body, mobile manipulation, and humanoids; it is not required for the current intensive reading spine.","Important on-demand reference, but not required in the current intensive sequence.",[],0,./2025/RSS/2025_RSS_ArticuBot-Learning-Universal-Articulated-Object-Manipulati/01_overview.md
pr-0078,Articulate-Anything:  Automatic Modeling of Articulated Objects via a Vision-Language Foundation Model,2025,ICLR,conference,peer_reviewed,VLA and Generalist Robot Policies,VLA and generalist robot policies,REFERENCE,,foundation,"{""learning"":[""vla""],""interaction"":[],""modality"":[""language"",""rgb""],""control_level"":[""policy""],""setting"":[],""embodiment"":[]}",FULL_TEXT_CHECKED,N/A,recorded,identified,paper_specific,https://openreview.net/forum?id=s3FTX4Ay55,not_identified,not_recorded,metric:success-rate,"Articulate-Anything:  Automatic Modeling of Articulated Objects via a Vision-Language Foundation Model is retained as REFERENCE because it provides a reusable formulation or system primitive around Vision-Language Model, Robotics for targeted comparison in VLA and generalist robot policies; it is not required for the current intensive reading spine.","Important on-demand reference, but not required in the current intensive sequence.",[],0,./2025/ICLR/2025_ICLR_Articulate-Anything-Automatic-Modeling-of-Articulated-Obje/01_overview.md
pr-0607,ASAP: Aligning Simulation and Real-World Physics for Learning Agile Humanoid Whole-Body Skills,2025,RSS,conference,peer_reviewed,"Locomotion, Whole-Body, and Mobile Manipulation","Locomotion, whole-body, mobile manipulation, and humanoids",NEXT,,method,"{""learning"":[],""interaction"":[""grasping"",""locomotion"",""whole_body""],""modality"":[],""control_level"":[""feedback_control"",""whole_body""],""setting"":[""real_robot"",""sim_to_real"",""simulation""],""embodiment"":[""arm"",""humanoid"",""mobile""]}",FULL_TEXT_CHECKED,UNREAD,recorded,source_only,paper_specific,https://www.roboticsproceedings.org/rss21/p066.html,project_only,not_recorded,code:9988f36d930e;metric:success-rate,"ASAP: Aligning Simulation and Real-World Physics for Learning Agile Humanoid Whole-Body Skills is a NEXT comparison paper because it extends an algorithmic or policy mechanism around Robotics, humanoid, whole-body control in Locomotion, whole-body, mobile manipulation, and humanoids, exposing a specialized frontier after the shared CORE spine.","Specialized or frontier extension selected after CORE for the Locomotion, whole-body, mobile manipulation, and humanoids branch.",[],0,./2025/RSS/2025_RSS_ASAP-Aligning-Simulation-and-Real-World-Physics-for-Learni/01_overview.md
pr-0791,AutoOcc: Automatic Open-Ended Semantic Occupancy Annotation via Vision-Language Guided Gaussian Splatting,2025,ICCV,conference,peer_reviewed,Embodied Navigation and Mapping,Robotics-enabling 3D perception,REFERENCE,,method,"{""learning"":[],""interaction"":[""navigation""],""modality"":[""language"",""point_cloud"",""rgb""],""control_level"":[""state_estimation""],""setting"":[],""embodiment"":[""mobile""]}",FULL_TEXT_CHECKED,N/A,recorded,source_only,paper_specific,https://openaccess.thecvf.com/content/ICCV2025/html/Zhou_AutoOcc_Automatic_Open-Ended_Semantic_Occupancy_Annotation_via_Vision-Language_Guided_Gaussian_ICCV_2025_paper.html,not_identified,not_recorded,metric:map,"AutoOcc: Automatic Open-Ended Semantic Occupancy Annotation via Vision-Language Guided Gaussian Splatting is retained as REFERENCE because it provides an algorithmic or policy mechanism around semantic occupancy, Vision-Language, Gaussian Splatting for targeted comparison in Robotics-enabling 3D perception; it is not required for the current intensive reading spine.","Important on-demand reference, but not required in the current intensive sequence.",[],0,./2025/ICCV/2025_ICCV_AutoOcc-Automatic-Open-Ended-Semantic-Occupancy-Annotation/01_overview.md
pr-0222,Baking Gaussian Splatting into Diffusion Denoiser for Fast and Scalable Single-stage Image-to-3D Generation and Reconstruction,2025,ICCV,conference,peer_reviewed,Language-Grounded 3D Scene Representations,Robotics-enabling 3D perception,ARCHIVE,,method,"{""learning"":[""diffusion""],""interaction"":[],""modality"":[""language"",""point_cloud"",""rgb""],""control_level"":[],""setting"":[],""embodiment"":[]}",FULL_TEXT_CHECKED,N/A,recorded,source_only,paper_specific,https://openaccess.thecvf.com/content/ICCV2025/html/Cai_Baking_Gaussian_Splatting_into_Diffusion_Denoiser_for_Fast_and_Scalable_ICCV_2025_paper.html,not_identified,not_recorded,metric:map;metric:psnr,"Baking Gaussian Splatting into Diffusion Denoiser for Fast and Scalable Single-stage Image-to-3D Generation and Reconstruction is retained as ARCHIVE because its an algorithmic or policy mechanism around 3D Vision, Gaussian Splatting, Diffusion preserves historical or adjacent context for Robotics-enabling 3D perception; it is outside the current robotics-first intensive scope.",Historical or adjacent material retained for search; outside the current intensive scope.,[],0,./2025/ICCV/2025_ICCV_Baking-Gaussian-Splatting-into-Diffusion-Denoiser-for-Fast/01_overview.md
pr-0608,BeamDojo: Learning Agile Humanoid Locomotion on Sparse Footholds,2025,RSS,conference,peer_reviewed,"Locomotion, Whole-Body, and Mobile Manipulation","Locomotion, whole-body, mobile manipulation, and humanoids",REFERENCE,,method,"{""learning"":[""reinforcement_learning""],""interaction"":[""contact_rich"",""grasping"",""locomotion"",""whole_body""],""modality"":[""force_torque""],""control_level"":[""whole_body""],""setting"":[],""embodiment"":[""arm"",""humanoid"",""mobile""]}",FULL_TEXT_CHECKED,N/A,recorded,source_only,paper_specific,https://www.roboticsproceedings.org/rss21/p068.html,project_only,not_recorded,code:bcb937e36a4c;metric:success-rate,"BeamDojo: Learning Agile Humanoid Locomotion on Sparse Footholds is retained as REFERENCE because it provides an algorithmic or policy mechanism around Robotics, humanoid, perceptive locomotion for targeted comparison in Locomotion, whole-body, mobile manipulation, and humanoids; it is not required for the current intensive reading spine.","Important on-demand reference, but not required in the current intensive sequence.",[],0,./2025/RSS/2025_RSS_BeamDojo-Learning-Agile-Humanoid-Locomotion-on-Sparse-Foot/01_overview.md
pr-0120,BeliefMapNav: 3D Voxel-Based Belief Map for Zero-Shot Object Navigation,2025,NeurIPS,conference,peer_reviewed,Embodied Navigation and Mapping,Robotics-enabling 3D perception,REFERENCE,,method,"{""learning"":[],""interaction"":[""navigation""],""modality"":[""rgb""],""control_level"":[""state_estimation""],""setting"":[],""embodiment"":[""mobile""]}",FULL_TEXT_CHECKED,N/A,recorded,identified,paper_specific,https://openreview.net/forum?id=7AMriz7I3K,not_identified,not_recorded,benchmark:hm3d;metric:map,"BeliefMapNav: 3D Voxel-Based Belief Map for Zero-Shot Object Navigation is retained as REFERENCE because it provides an algorithmic or policy mechanism around 3D Vision, Navigation for targeted comparison in Robotics-enabling 3D perception; it is not required for the current intensive reading spine.","Important on-demand reference, but not required in the current intensive sequence.",[],0,./2025/NeurIPS/2025_NeurIPS_BeliefMapNav-3D-Voxel-Based-Belief-Map-for-Zero-Shot-Objec/01_overview.md
pr-0255,Boost 3D Reconstruction using Diffusion-based Monocular Camera Calibration,2025,ICCV,conference,peer_reviewed,3D Vision-Language Understanding,Robotics-enabling 3D perception,ARCHIVE,,method,"{""learning"":[""diffusion""],""interaction"":[],""modality"":[""language"",""rgb""],""control_level"":[],""setting"":[],""embodiment"":[]}",FULL_TEXT_CHECKED,N/A,recorded,source_only,paper_specific,https://openaccess.thecvf.com/content/ICCV2025/html/Deng_Boost_3D_Reconstruction_using_Diffusion-based_Monocular_Camera_Calibration_ICCV_2025_paper.html,not_identified,not_recorded,metric:map,"Boost 3D Reconstruction using Diffusion-based Monocular Camera Calibration is retained as ARCHIVE because its an algorithmic or policy mechanism around 3D Vision, Diffusion preserves historical or adjacent context for Robotics-enabling 3D perception; it is outside the current robotics-first intensive scope.",Historical or adjacent material retained for search; outside the current intensive scope.,[],0,./2025/ICCV/2025_ICCV_Boost-3D-Reconstruction-using-Diffusion-based-Monocular-Ca/01_overview.md
pr-0108,BridgeVLA: Input-Output Alignment for Efficient 3D Manipulation Learning with Vision-Language Models,2025,NeurIPS,conference,peer_reviewed,VLA and Generalist Robot Policies,VLA and generalist robot policies,REFERENCE,,method,"{""learning"":[""vla""],""interaction"":[""grasping""],""modality"":[""language"",""rgb""],""control_level"":[""policy""],""setting"":[],""embodiment"":[""arm""]}",FULL_TEXT_CHECKED,N/A,recorded,identified,paper_specific,https://openreview.net/forum?id=ffBF6hYuQv,not_identified,not_recorded,metric:success-rate,"BridgeVLA: Input-Output Alignment for Efficient 3D Manipulation Learning with Vision-Language Models is retained as REFERENCE because it provides an algorithmic or policy mechanism around VLA, Vision-Language Model, Robotics for targeted comparison in VLA and generalist robot policies; it is not required for the current intensive reading spine.","Important on-demand reference, but not required in the current intensive sequence.",[],0,./2025/NeurIPS/2025_NeurIPS_BridgeVLA-Input-Output-Alignment-for-Efficient-3D-Manipula/01_overview.md
pr-0911,Bridging Perception and Action: Spatially-Grounded Mid-Level Representations for Robot Generalization,2025,RSS,conference,peer_reviewed,Robot Learning and Data,"RL, IL, offline learning, and robot data",NEXT,,method,"{""learning"":[""diffusion""],""interaction"":[""grasping""],""modality"":[],""control_level"":[""policy"",""state_estimation""],""setting"":[],""embodiment"":[""arm"",""bimanual""]}",FULL_TEXT_CHECKED,UNREAD,recorded,identified,paper_specific,https://www.roboticsproceedings.org/rss21/p155.html,not_identified,not_recorded,,"RSS 2025 representation paper that directly tests whether object-centric, pose-aware, and depth-aware state variables improve the policy interface.","Specialized or frontier extension selected after CORE for the RL, IL, offline learning, and robot data branch.",[],0,./2025/RSS/2025_RSS_Bridging-Perception-and-Action-Spatially-Grounded-Mid-Leve/01_overview.md
pr-0665,Bridging the Sim-to-Real Gap for Athletic Loco-Manipulation,2025,RSS,conference,peer_reviewed,"Locomotion, Whole-Body, and Mobile Manipulation","Locomotion, whole-body, mobile manipulation, and humanoids",REFERENCE,,method,"{""learning"":[],""interaction"":[""grasping"",""locomotion"",""whole_body""],""modality"":[],""control_level"":[""whole_body""],""setting"":[""sim_to_real""],""embodiment"":[""arm"",""legged"",""mobile""]}",FULL_TEXT_CHECKED,N/A,recorded,source_only,paper_specific,https://www.roboticsproceedings.org/rss21/p125.html,project_only,not_recorded,code:cfb667fe9ce0,"Bridging the Sim-to-Real Gap for Athletic Loco-Manipulation is retained as REFERENCE because it provides an algorithmic or policy mechanism around Robotics, quadruped locomotion, loco-manipulation for targeted comparison in Locomotion, whole-body, mobile manipulation, and humanoids; it is not required for the current intensive reading spine.","Important on-demand reference, but not required in the current intensive sequence.",[],0,./2025/RSS/2025_RSS_Bridging-the-Sim-to-Real-Gap-for-Athletic-Loco-Manipulatio/01_overview.md
pr-0752,Can We Detect Failures Without Failure Data? Uncertainty-Aware Runtime Failure Detection for Imitation Learning Policies,2025,RSS,conference,peer_reviewed,"World Models, Safety, and Recovery","World models, safety, uncertainty, and recovery",NEXT,,method,"{""learning"":[""imitation_learning"",""world_model""],""interaction"":[],""modality"":[],""control_level"":[""safety_or_recovery""],""setting"":[],""embodiment"":[]}",FULL_TEXT_CHECKED,UNREAD,recorded,source_only,paper_specific,https://www.roboticsproceedings.org/rss21/p073.html,project_only,not_recorded,code:23ce438bb720,"Can We Detect Failures Without Failure Data? Uncertainty-Aware Runtime Failure Detection for Imitation Learning Policies is a NEXT comparison paper because it extends an algorithmic or policy mechanism around Robotics, failure detection, uncertainty in World models, safety, uncertainty, and recovery, exposing a specialized frontier after the shared CORE spine.","Specialized or frontier extension selected after CORE for the World models, safety, uncertainty, and recovery branch.",[],0,./2025/RSS/2025_RSS_Can-We-Detect-Failures-Without-Failure-Data-Uncertainty-Aw/01_overview.md
pr-0224,CCL-LGS: Contrastive Codebook Learning for 3D Language Gaussian Splatting,2025,ICCV,conference,peer_reviewed,Language-Grounded 3D Scene Representations,Robotics-enabling 3D perception,ARCHIVE,,method,"{""learning"":[],""interaction"":[],""modality"":[""language"",""point_cloud"",""rgb""],""control_level"":[],""setting"":[],""embodiment"":[]}",FULL_TEXT_CHECKED,N/A,recorded,source_only,paper_specific,https://openaccess.thecvf.com/content/ICCV2025/html/Tian_CCL-LGS_Contrastive_Codebook_Learning_for_3D_Language_Gaussian_Splatting_ICCV_2025_paper.html,not_identified,not_recorded,metric:map,"CCL-LGS: Contrastive Codebook Learning for 3D Language Gaussian Splatting is retained as ARCHIVE because its an algorithmic or policy mechanism around 3D Vision, Gaussian Splatting preserves historical or adjacent context for Robotics-enabling 3D perception; it is outside the current robotics-first intensive scope.",Historical or adjacent material retained for search; outside the current intensive scope.,[],0,./2025/ICCV/2025_ICCV_CCL-LGS-Contrastive-Codebook-Learning-for-3D-Language-Gaus/01_overview.md
pr-0878,Certifiably-Correct Mapping for Safe Navigation Despite Odometry Drift,2025,RSS,conference,peer_reviewed,"World Models, Safety, and Recovery","World models, safety, uncertainty, and recovery",NEXT,,method,"{""learning"":[""world_model""],""interaction"":[""navigation""],""modality"":[],""control_level"":[""safety_or_recovery"",""state_estimation""],""setting"":[],""embodiment"":[""mobile""]}",FULL_TEXT_CHECKED,UNREAD,recorded,identified,paper_specific,https://www.roboticsproceedings.org/rss21/p007.html,not_identified,not_recorded,benchmark:replica;metric:map,"RSS 2025 formal link between odometry uncertainty, conservative obstacle maps, and planner/controller safety under unbounded global drift.","Specialized or frontier extension selected after CORE for the World models, safety, uncertainty, and recovery branch.",[],0,./2025/RSS/2025_RSS_Certifiably-Correct-Mapping-for-Safe-Navigation-Despite-Od/01_overview.md
pr-0777,Chain of Semantics Programming in 3D Gaussian Splatting Representation for 3D Vision Grounding,2025,CVPR,conference,peer_reviewed,Language-Grounded 3D Scene Representations,Robotics-enabling 3D perception,ARCHIVE,,method,"{""learning"":[],""interaction"":[],""modality"":[""language"",""point_cloud"",""rgb""],""control_level"":[],""setting"":[],""embodiment"":[]}",FULL_TEXT_CHECKED,N/A,recorded,source_only,paper_specific,https://openaccess.thecvf.com/content/CVPR2025/html/Shi_Chain_of_Semantics_Programming_in_3D_Gaussian_Splatting_Representation_for_CVPR_2025_paper.html,not_identified,not_recorded,benchmark:nr3d;benchmark:sr3d;metric:map,"Chain of Semantics Programming in 3D Gaussian Splatting Representation for 3D Vision Grounding is retained as ARCHIVE because its an algorithmic or policy mechanism around Gaussian Splatting, semantic, grounding preserves historical or adjacent context for Robotics-enabling 3D perception; it is outside the current robotics-first intensive scope.",Historical or adjacent material retained for search; outside the current intensive scope.,[],0,./2025/CVPR/2025_CVPR_Chain-of-Semantics-Programming-in-3D-Gaussian-Splatting-Re/01_overview.md
pr-0127,ChatVLA-2: Vision-Language-Action Model with Open-World Reasoning,2025,NeurIPS,conference,peer_reviewed,VLA and Generalist Robot Policies,VLA and generalist robot policies,REFERENCE,,method,"{""learning"":[""reinforcement_learning"",""vla""],""interaction"":[""contact_rich""],""modality"":[""force_torque"",""language"",""rgb""],""control_level"":[""policy""],""setting"":[],""embodiment"":[]}",FULL_TEXT_CHECKED,N/A,recorded,identified,paper_specific,https://openreview.net/forum?id=1lyKflUOhp,not_identified,not_recorded,metric:success-rate,"ChatVLA-2: Vision-Language-Action Model with Open-World Reasoning is retained as REFERENCE because it provides an algorithmic or policy mechanism around VLA, Vision-Language Model, Reinforcement Learning for targeted comparison in VLA and generalist robot policies; it is not required for the current intensive reading spine.","Important on-demand reference, but not required in the current intensive sequence.",[],0,./2025/NeurIPS/2025_NeurIPS_ChatVLA-2-Vision-Language-Action-Model-with-Open-World-Rea/01_overview.md
pr-0411,CityGaussianV2: Efficient and Geometrically Accurate Reconstruction for Large-Scale Scenes,2025,ICLR,conference,peer_reviewed,Neural Scene Representations,Robotics-enabling 3D perception,ARCHIVE,,method,"{""learning"":[],""interaction"":[],""modality"":[""point_cloud"",""rgb""],""control_level"":[],""setting"":[],""embodiment"":[]}",FULL_TEXT_CHECKED,N/A,recorded,identified,paper_specific,https://openreview.net/forum?id=a3ptUbuzbW,not_identified,not_recorded,metric:map,"CityGaussianV2: Efficient and Geometrically Accurate Reconstruction for Large-Scale Scenes is retained as ARCHIVE because its an algorithmic or policy mechanism around Gaussian Splatting, 3D reconstruction, 3D Vision preserves historical or adjacent context for Robotics-enabling 3D perception; it is outside the current robotics-first intensive scope.",Historical or adjacent material retained for search; outside the current intensive scope.,[],0,./2025/ICLR/2025_ICLR_CityGaussianV2-Efficient-and-Geometrically-Accurate-Recons/01_overview.md
pr-0225,CLIP-GS: Unifying Vision-Language Representation with 3D Gaussian Splatting,2025,ICCV,conference,peer_reviewed,Language-Grounded 3D Scene Representations,Robotics-enabling 3D perception,ARCHIVE,,method,"{""learning"":[],""interaction"":[],""modality"":[""language"",""point_cloud"",""rgb""],""control_level"":[],""setting"":[],""embodiment"":[]}",FULL_TEXT_CHECKED,N/A,recorded,source_only,paper_specific,https://openaccess.thecvf.com/content/ICCV2025/html/Jiao_CLIP-GS_Unifying_Vision-Language_Representation_with_3D_Gaussian_Splatting_ICCV_2025_paper.html,not_identified,not_recorded,metric:map,"CLIP-GS: Unifying Vision-Language Representation with 3D Gaussian Splatting is retained as ARCHIVE because its an algorithmic or policy mechanism around Vision-Language Model, 3D Vision, Gaussian Splatting preserves historical or adjacent context for Robotics-enabling 3D perception; it is outside the current robotics-first intensive scope.",Historical or adjacent material retained for search; outside the current intensive scope.,[],0,./2025/ICCV/2025_ICCV_CLIP-GS-Unifying-Vision-Language-Representation-with-3D-Ga/01_overview.md
pr-0883,CLIP-RT: Learning Language-Conditioned Robotic Policies from Natural Language Supervision,2025,RSS,conference,peer_reviewed,VLA and Generalist Robot Policies,VLA and generalist robot policies,NEXT,,method,"{""learning"":[""vla""],""interaction"":[""grasping""],""modality"":[""language"",""rgb""],""control_level"":[""policy""],""setting"":[""real_robot""],""embodiment"":[""arm""]}",FULL_TEXT_CHECKED,UNREAD,recorded,identified,paper_specific,https://www.roboticsproceedings.org/rss21/p016.html,not_identified,not_recorded,benchmark:libero,"RSS 2025 language-supervision alternative to action-labeled VLA training, useful for tracing how natural-language primitives shape robot control interfaces.",Specialized or frontier extension selected after CORE for the VLA and generalist robot policies branch.,[],0,./2025/RSS/2025_RSS_CLIP-RT-Learning-Language-Conditioned-Robotic-Policies-fro/01_overview.md
pr-0234,CoA-VLA: Improving Vision-Language-Action Models via Visual-Text Chain-of-Affordance,2025,ICCV,conference,peer_reviewed,VLA and Generalist Robot Policies,VLA and generalist robot policies,REFERENCE,,method,"{""learning"":[""vla""],""interaction"":[],""modality"":[""language"",""rgb""],""control_level"":[""policy""],""setting"":[],""embodiment"":[]}",FULL_TEXT_CHECKED,N/A,recorded,source_only,paper_specific,https://openaccess.thecvf.com/content/ICCV2025/html/Li_CoA-VLA_Improving_Vision-Language-Action_Models_via_Visual-Text_Chain-of-Affordance_ICCV_2025_paper.html,not_identified,not_recorded,metric:success-rate,"CoA-VLA: Improving Vision-Language-Action Models via Visual-Text Chain-of-Affordance is retained as REFERENCE because it provides an algorithmic or policy mechanism around VLA, Vision-Language Model for targeted comparison in VLA and generalist robot policies; it is not required for the current intensive reading spine.","Important on-demand reference, but not required in the current intensive sequence.",[],0,./2025/ICCV/2025_ICCV_CoA-VLA-Improving-Vision-Language-Action-Models-via-Visual/01_overview.md
pr-0897,CodeDiffuser: Attention-Enhanced Diffusion Policy via VLM-Generated Code for Instruction Ambiguity,2025,RSS,conference,peer_reviewed,VLA and Generalist Robot Policies,VLA and generalist robot policies,NEXT,,method,"{""learning"":[""diffusion"",""vla""],""interaction"":[""contact_rich"",""grasping""],""modality"":[""language""],""control_level"":[""policy""],""setting"":[],""embodiment"":[""arm""]}",FULL_TEXT_CHECKED,UNREAD,recorded,identified,paper_specific,https://www.roboticsproceedings.org/rss21/p072.html,not_identified,not_recorded,,RSS 2025 VLM-to-policy interface that turns ambiguous language into task-specific executable attention structure for manipulation.,Specialized or frontier extension selected after CORE for the VLA and generalist robot policies branch.,[],1,./2025/RSS/2025_RSS_CodeDiffuser-Attention-Enhanced-Diffusion-Policy-via-VLM-G/01_overview.md
pr-0480,CoE: Deep Coupled Embedding for Non-Rigid Point Cloud Correspondences,2025,3DV,conference,peer_reviewed,3D Representation Learning,Robotics-enabling 3D perception,ARCHIVE,,method,"{""learning"":[],""interaction"":[],""modality"":[""point_cloud"",""rgb""],""control_level"":[],""setting"":[],""embodiment"":[]}",FULL_TEXT_CHECKED,N/A,recorded,identified,venue_index,https://3dvconf.github.io/2025/accepted-papers/,not_identified,not_recorded,metric:map,"CoE: Deep Coupled Embedding for Non-Rigid Point Cloud Correspondences is retained as ARCHIVE because its an algorithmic or policy mechanism around point cloud, 3D Vision preserves historical or adjacent context for Robotics-enabling 3D perception; it is outside the current robotics-first intensive scope.",Historical or adjacent material retained for search; outside the current intensive scope.,[],0,./2025/3DV/2025_3DV_CoE-Deep-Coupled-Embedding-for-Non-Rigid-Point-Cloud-Corre/01_overview.md
pr-0413,ComPC: Completing a 3D Point Cloud with 2D Diffusion Priors,2025,ICLR,conference,peer_reviewed,3D Generative Modeling,Planning and control,ARCHIVE,,method,"{""learning"":[""diffusion"",""optimization_or_planning""],""interaction"":[],""modality"":[""point_cloud"",""rgb""],""control_level"":[""feedback_control""],""setting"":[],""embodiment"":[]}",FULL_TEXT_CHECKED,N/A,recorded,identified,paper_specific,https://openreview.net/forum?id=SoUwcVplq4,not_identified,not_recorded,,"ComPC: Completing a 3D Point Cloud with 2D Diffusion Priors is retained as ARCHIVE because its an algorithmic or policy mechanism around Diffusion, Generation, point cloud preserves historical or adjacent context for Planning and control; it is outside the current robotics-first intensive scope.",Historical or adjacent material retained for search; outside the current intensive scope.,[],0,./2025/ICLR/2025_ICLR_ComPC-Completing-a-3D-Point-Cloud-with-2D-Diffusion-Priors/01_overview.md
pr-0652,Complementarity-Free Multi-Contact Modeling and Optimization for Dexterous Manipulation,2025,RSS,conference,peer_reviewed,"Manipulation, Contact, and Dexterity","Manipulation, contact, tactile, and dexterity",NEXT,,method,"{""learning"":[""optimization_or_planning""],""interaction"":[""contact_rich"",""grasping""],""modality"":[],""control_level"":[""motion_planning""],""setting"":[],""embodiment"":[""arm"",""dexterous_hand""]}",FULL_TEXT_CHECKED,UNREAD,recorded,source_only,paper_specific,https://www.roboticsproceedings.org/rss21/p111.html,project_only,not_recorded,code:3959f7f7b601,"Complementarity-Free Multi-Contact Modeling and Optimization for Dexterous Manipulation is a NEXT comparison paper because it extends an algorithmic or policy mechanism around Robotics, contact-rich manipulation, multi-contact in Manipulation, contact, tactile, and dexterity, exposing a specialized frontier after the shared CORE spine.","Specialized or frontier extension selected after CORE for the Manipulation, contact, tactile, and dexterity branch.",[],0,./2025/RSS/2025_RSS_Complementarity-Free-Multi-Contact-Modeling-and-Optimizati/01_overview.md
pr-0885,ConRFT: A Reinforced Fine-tuning Method for VLA Models via Consistency Policy,2025,RSS,conference,peer_reviewed,VLA and Generalist Robot Policies,VLA and generalist robot policies,NEXT,,method,"{""learning"":[""reinforcement_learning"",""vla""],""interaction"":[""contact_rich"",""grasping""],""modality"":[""force_torque"",""language""],""control_level"":[""policy""],""setting"":[""real_robot""],""embodiment"":[""arm""]}",FULL_TEXT_CHECKED,UNREAD,recorded,identified,paper_specific,https://www.roboticsproceedings.org/rss21/p019.html,project_only,not_recorded,code:d4e03af939db,RSS 2025 direct bridge from pretrained VLA behavior cloning to intervention-guided online reinforcement fine-tuning on real manipulation tasks.,Specialized or frontier extension selected after CORE for the VLA and generalist robot policies branch.,[],0,./2025/RSS/2025_RSS_ConRFT-A-Reinforced-Fine-tuning-Method-for-VLA-Models-via/01_overview.md
pr-0179,Context Graph-based Visual-Language Place Recognition,2025,ICRA,conference,peer_reviewed,3D Vision-Language Understanding,Robotics-enabling 3D perception,ARCHIVE,,method,"{""learning"":[],""interaction"":[],""modality"":[""language"",""rgb""],""control_level"":[],""setting"":[],""embodiment"":[]}",FULL_TEXT_CHECKED,N/A,recorded,identified,venue_index,https://www.proceedings.com/content/081/081087webtoc.pdf,not_identified,not_recorded,metric:map,Context Graph-based Visual-Language Place Recognition is retained as ARCHIVE because its an algorithmic or policy mechanism around Graph Reasoning preserves historical or adjacent context for Robotics-enabling 3D perception; it is outside the current robotics-first intensive scope.,Historical or adjacent material retained for search; outside the current intensive scope.,[],0,./2025/ICRA/2025_ICRA_Context-Graph-based-Visual-Language-Place-Recognition/01_overview.md
pr-0057,Continuous 3D Perception Model with Persistent State,2025,CVPR,conference,peer_reviewed,"3D Geometry, Reconstruction, and SLAM",Robotics-enabling 3D perception,REFERENCE,,method,"{""learning"":[],""interaction"":[""navigation""],""modality"":[""point_cloud""],""control_level"":[""state_estimation""],""setting"":[],""embodiment"":[]}",FULL_TEXT_CHECKED,N/A,recorded,identified,paper_specific,https://arxiv.org/abs/2501.12387,project_only,not_recorded,code:9dd6db27a26c;metric:map,"Continuous 3D Perception Model with Persistent State is retained as REFERENCE because it provides an algorithmic or policy mechanism around 3D reconstruction, SLAM, representation for targeted comparison in Robotics-enabling 3D perception; it is not required for the current intensive reading spine.","Important on-demand reference, but not required in the current intensive sequence.",[],0,./2025/CVPR/2025_CVPR_Continuous-3D-Perception-Model-with-Persistent-State/01_overview.md
pr-0904,CordViP: Correspondence-based Visuomotor Policy for Dexterous Manipulation in Real-World,2025,RSS,conference,peer_reviewed,"Manipulation, Contact, and Dexterity","Manipulation, contact, tactile, and dexterity",NEXT,,method,"{""learning"":[],""interaction"":[""contact_rich"",""grasping""],""modality"":[],""control_level"":[""policy"",""state_estimation""],""setting"":[""real_robot""],""embodiment"":[""arm"",""bimanual"",""dexterous_hand""]}",FULL_TEXT_CHECKED,UNREAD,recorded,identified,paper_specific,https://www.roboticsproceedings.org/rss21/p110.html,project_only,not_recorded,code:1f5bbe5f3b72,RSS 2025 3D action-representation paper that adds object-hand correspondence and contact-aware structure to real dexterous visuomotor policies.,"Specialized or frontier extension selected after CORE for the Manipulation, contact, tactile, and dexterity branch.",[],0,./2025/RSS/2025_RSS_CordViP-Correspondence-based-Visuomotor-Policy-for-Dextero/01_overview.md
pr-0773,CoT-VLA: Visual Chain-of-Thought Reasoning for Vision-Language-Action Models,2025,CVPR,conference,peer_reviewed,VLA and Generalist Robot Policies,VLA and generalist robot policies,REFERENCE,,method,"{""learning"":[""vla""],""interaction"":[],""modality"":[""language"",""rgb""],""control_level"":[""policy""],""setting"":[],""embodiment"":[]}",FULL_TEXT_CHECKED,N/A,recorded,source_only,paper_specific,https://openaccess.thecvf.com/content/CVPR2025/html/Zhao_CoT-VLA_Visual_Chain-of-Thought_Reasoning_for_Vision-Language-Action_Models_CVPR_2025_paper.html,not_identified,not_recorded,metric:success-rate,"CoT-VLA: Visual Chain-of-Thought Reasoning for Vision-Language-Action Models is retained as REFERENCE because it provides an algorithmic or policy mechanism around VLA, Chain-of-Thought, Robotics for targeted comparison in VLA and generalist robot policies; it is not required for the current intensive reading spine.","Important on-demand reference, but not required in the current intensive sequence.",[],0,./2025/CVPR/2025_CVPR_CoT-VLA-Visual-Chain-of-Thought-Reasoning-for-Vision-Langu/01_overview.md
pr-0336,CraftsMan3D: High-fidelity Mesh Generation with 3D Native Diffusion and Interactive Geometry Refiner,2025,CVPR,conference,peer_reviewed,3D Generative Modeling,Robotics-enabling 3D perception,ARCHIVE,,method,"{""learning"":[""diffusion""],""interaction"":[],""modality"":[""rgb""],""control_level"":[],""setting"":[],""embodiment"":[]}",FULL_TEXT_CHECKED,N/A,recorded,source_only,paper_specific,https://openaccess.thecvf.com/content/CVPR2025/html/Li_CraftsMan3D_High-fidelity_Mesh_Generation_with_3D_Native_Diffusion_and_Interactive_CVPR_2025_paper.html,not_identified,not_recorded,,"CraftsMan3D: High-fidelity Mesh Generation with 3D Native Diffusion and Interactive Geometry Refiner is retained as ARCHIVE because its an algorithmic or policy mechanism around 3D reconstruction, Diffusion, Generation preserves historical or adjacent context for Robotics-enabling 3D perception; it is outside the current robotics-first intensive scope.",Historical or adjacent material retained for search; outside the current intensive scope.,[],0,./2025/CVPR/2025_CVPR_CraftsMan3D-High-fidelity-Mesh-Generation-with-3D-Native-D/01_overview.md
pr-0580,Data Scaling Laws in Imitation Learning for Robotic Manipulation,2025,ICLR,conference,peer_reviewed,Robot Learning and Data,"Manipulation, contact, tactile, and dexterity",REFERENCE,,method,"{""learning"":[""imitation_learning""],""interaction"":[""grasping""],""modality"":[],""control_level"":[""policy""],""setting"":[],""embodiment"":[""arm""]}",FULL_TEXT_CHECKED,N/A,recorded,identified,paper_specific,https://openreview.net/forum?id=pISLZG7ktL,not_identified,not_recorded,metric:success-rate,"Data Scaling Laws in Imitation Learning for Robotic Manipulation is retained as REFERENCE because it provides an algorithmic or policy mechanism around Robotics, Imitation Learning, scaling laws for targeted comparison in Manipulation, contact, tactile, and dexterity; it is not required for the current intensive reading spine.","Important on-demand reference, but not required in the current intensive sequence.",[],0,./2025/ICLR/2025_ICLR_Data-Scaling-Laws-in-Imitation-Learning-for-Robotic-Manipu/01_overview.md
pr-0382,DeGauss: Dynamic-Static Decomposition with Gaussian Splatting for Distractor-free 3D Reconstruction,2025,ICCV,conference,peer_reviewed,Neural Scene Representations,Robotics-enabling 3D perception,ARCHIVE,,method,"{""learning"":[],""interaction"":[],""modality"":[""point_cloud"",""rgb""],""control_level"":[],""setting"":[],""embodiment"":[]}",FULL_TEXT_CHECKED,N/A,recorded,source_only,paper_specific,https://openaccess.thecvf.com/content/ICCV2025/html/Wang_DeGauss_Dynamic-Static_Decomposition_with_Gaussian_Splatting_for_Distractor-free_3D_Reconstruction_ICCV_2025_paper.html,not_identified,not_recorded,metric:map,"DeGauss: Dynamic-Static Decomposition with Gaussian Splatting for Distractor-free 3D Reconstruction is retained as ARCHIVE because its an algorithmic or policy mechanism around Gaussian Splatting, 3D reconstruction, 3D Vision preserves historical or adjacent context for Robotics-enabling 3D perception; it is outside the current robotics-first intensive scope.",Historical or adjacent material retained for search; outside the current intensive scope.,[],0,./2025/ICCV/2025_ICCV_DeGauss-Dynamic-Static-Decomposition-with-Gaussian-Splatti/01_overview.md
pr-0912,DemoGen: Synthetic Demonstration Generation for Data-Efficient Visuomotor Policy Learning,2025,RSS,conference,peer_reviewed,Robot Learning and Data,"RL, IL, offline learning, and robot data",NEXT,,method,"{""learning"":[""imitation_learning""],""interaction"":[""grasping""],""modality"":[],""control_level"":[""policy"",""state_estimation""],""setting"":[],""embodiment"":[""arm""]}",FULL_TEXT_CHECKED,UNREAD,recorded,identified,paper_specific,https://www.roboticsproceedings.org/rss21/p157.html,not_identified,not_recorded,,RSS 2025 one-demo-to-many data-generation method that makes spatial augmentation a concrete alternative to collecting every robot configuration.,"Specialized or frontier extension selected after CORE for the RL, IL, offline learning, and robot data branch.",[],0,./2025/RSS/2025_RSS_DemoGen-Synthetic-Demonstration-Generation-for-Data-Effici/01_overview.md
pr-0887,Demonstrating GPU Parallelized Robot Simulation and Rendering for Generalizable Embodied AI with ManiSkill3,2025,RSS,conference,peer_reviewed,Robot Learning and Data,"RL, IL, offline learning, and robot data",NEXT,,benchmark_or_dataset,"{""learning"":[],""interaction"":[""contact_rich"",""grasping""],""modality"":[],""control_level"":[""policy""],""setting"":[""sim_to_real"",""simulation""],""embodiment"":[""arm"",""humanoid""]}",FULL_TEXT_CHECKED,UNREAD,recorded,identified,paper_specific,https://www.roboticsproceedings.org/rss21/p021.html,released,not_recorded,code:c88e3847c835,"RSS 2025 simulation infrastructure that makes contact-rich, visual, heterogeneous, and multi-embodiment robot data generation a first-class scaling problem.","Specialized or frontier extension selected after CORE for the RL, IL, offline learning, and robot data branch.","[{""type"":""extends"",""paper_id"":""pr-0847"",""confidence"":""inferred""}]",0,./2025/RSS/2025_RSS_Demonstrating-GPU-Parallelized-Robot-Simulation-and-Render/01_overview.md
pr-0673,Demonstrating MOSART: Opening Articulated Structures in the Real World,2025,RSS,conference,peer_reviewed,"Locomotion, Whole-Body, and Mobile Manipulation","Locomotion, whole-body, mobile manipulation, and humanoids",NEXT,,method,"{""learning"":[],""interaction"":[""grasping"",""locomotion"",""whole_body""],""modality"":[],""control_level"":[""whole_body""],""setting"":[""real_robot""],""embodiment"":[""arm"",""mobile""]}",FULL_TEXT_CHECKED,UNREAD,recorded,source_only,paper_specific,https://www.roboticsproceedings.org/rss21/p033.html,project_only,not_recorded,code:b6c97822f602;metric:success-rate,"Demonstrating MOSART: Opening Articulated Structures in the Real World is a NEXT comparison paper because it extends an algorithmic or policy mechanism around Robotics, mobile manipulation, articulated objects in Locomotion, whole-body, mobile manipulation, and humanoids, exposing a specialized frontier after the shared CORE spine.","Specialized or frontier extension selected after CORE for the Locomotion, whole-body, mobile manipulation, and humanoids branch.",[],0,./2025/RSS/2025_RSS_Demonstrating-MOSART-Opening-Articulated-Structures-in-the/01_overview.md
pr-0895,Demonstrating REASSEMBLE: A Multimodal Dataset for Contact-rich Robotic Assembly and Disassembly,2025,RSS,conference,peer_reviewed,Robot Learning and Data,"Manipulation, contact, tactile, and dexterity",NEXT,,benchmark_or_dataset,"{""learning"":[],""interaction"":[""assembly"",""contact_rich"",""grasping""],""modality"":[""force_torque"",""rgb""],""control_level"":[""policy""],""setting"":[],""embodiment"":[""arm""]}",FULL_TEXT_CHECKED,UNREAD,recorded,identified,paper_specific,https://www.roboticsproceedings.org/rss21/p059.html,project_only,not_recorded,code:39e6801dbf6c,"RSS 2025 multimodal contact-rich assembly dataset that fills a force, event, audio, and failure-observation gap in robot policy training.","Specialized or frontier extension selected after CORE for the Manipulation, contact, tactile, and dexterity branch.",[],0,./2025/RSS/2025_RSS_Demonstrating-REASSEMBLE-A-Multimodal-Dataset-for-Contact/01_overview.md
pr-0876,Demonstrating ViSafe: Vision-enabled Safety for High-speed Detect and Avoid,2025,RSS,conference,peer_reviewed,"World Models, Safety, and Recovery","World models, safety, uncertainty, and recovery",NEXT,,method,"{""learning"":[""world_model""],""interaction"":[],""modality"":[""rgb""],""control_level"":[""feedback_control"",""safety_or_recovery""],""setting"":[""sim_to_real""],""embodiment"":[""aerial""]}",FULL_TEXT_CHECKED,UNREAD,recorded,identified,paper_specific,https://www.roboticsproceedings.org/rss21/p002.html,not_identified,not_recorded,,"RSS 2025 full-stack safety system linking learned visual detection, control-barrier filtering, and high-speed real aerial deployment.","Specialized or frontier extension selected after CORE for the World models, safety, uncertainty, and recovery branch.",[],0,./2025/RSS/2025_RSS_Demonstrating-ViSafe-Vision-enabled-Safety-for-High-speed/01_overview.md
pr-0074,DenseGrounding: Improving Dense Language-Vision Semantics for Ego-centric 3D Visual Grounding,2025,ICLR,conference,peer_reviewed,3D Vision-Language Understanding,Robotics-enabling 3D perception,ARCHIVE,,method,"{""learning"":[],""interaction"":[],""modality"":[""language"",""rgb""],""control_level"":[],""setting"":[],""embodiment"":[]}",FULL_TEXT_CHECKED,N/A,recorded,identified,paper_specific,https://openreview.net/forum?id=iGafR0hSln,not_identified,not_recorded,metric:map,"DenseGrounding: Improving Dense Language-Vision Semantics for Ego-centric 3D Visual Grounding is retained as ARCHIVE because its an algorithmic or policy mechanism around 3D Vision, semantic preserves historical or adjacent context for Robotics-enabling 3D perception; it is outside the current robotics-first intensive scope.",Historical or adjacent material retained for search; outside the current intensive scope.,[],0,./2025/ICLR/2025_ICLR_DenseGrounding-Improving-Dense-Language-Vision-Semantics-f/01_overview.md
pr-0076,DenseMatcher: Learning 3D Semantic Correspondence for Category-Level Manipulation from a Single Demo,2025,ICLR,conference,peer_reviewed,VLA and Generalist Robot Policies,"Manipulation, contact, tactile, and dexterity",NEXT,,method,"{""learning"":[""vla""],""interaction"":[""grasping""],""modality"":[""language"",""rgb""],""control_level"":[""policy""],""setting"":[],""embodiment"":[""arm""]}",FULL_TEXT_CHECKED,UNREAD,recorded,identified,paper_specific,https://openreview.net/forum?id=8oFvUBvF1u,not_identified,not_recorded,metric:map,"DenseMatcher: Learning 3D Semantic Correspondence for Category-Level Manipulation from a Single Demo is a NEXT comparison paper because it extends an algorithmic or policy mechanism around Robotics, 3D Vision, semantic in Manipulation, contact, tactile, and dexterity, exposing a specialized frontier after the shared CORE spine.","Specialized or frontier extension selected after CORE for the Manipulation, contact, tactile, and dexterity branch.",[],0,./2025/ICLR/2025_ICLR_DenseMatcher-Learning-3D-Semantic-Correspondence-for-Categ/01_overview.md
pr-0395,DepthSSC: Monocular 3D Semantic Scene Completion via Depth-Spatial Alignment and Voxel Adaptation,2025,WACV,conference,peer_reviewed,3D Vision-Language Understanding,Robotics-enabling 3D perception,ARCHIVE,,method,"{""learning"":[],""interaction"":[],""modality"":[""depth"",""language"",""rgb""],""control_level"":[],""setting"":[],""embodiment"":[]}",FULL_TEXT_CHECKED,N/A,recorded,source_only,paper_specific,https://openaccess.thecvf.com/content/WACV2025/html/Yao_DepthSSC_Monocular_3D_Semantic_Scene_Completion_via_Depth-Spatial_Alignment_and_WACV_2025_paper.html,not_identified,not_recorded,benchmark:kitti;benchmark:semantickitti;metric:map,"DepthSSC: Monocular 3D Semantic Scene Completion via Depth-Spatial Alignment and Voxel Adaptation is retained as ARCHIVE because its an algorithmic or policy mechanism around semantic, alignment, depth preserves historical or adjacent context for Robotics-enabling 3D perception; it is outside the current robotics-first intensive scope.",Historical or adjacent material retained for search; outside the current intensive scope.,[],0,./2025/WACV/2025_WACV_DepthSSC-Monocular-3D-Semantic-Scene-Completion-via-Depth/01_overview.md
pr-0235,Details Matter for Indoor Open-vocabulary 3D Instance Segmentation,2025,ICCV,conference,peer_reviewed,3D Vision-Language Understanding,Robotics-enabling 3D perception,REFERENCE,,method,"{""learning"":[],""interaction"":[],""modality"":[""language"",""rgb""],""control_level"":[],""setting"":[],""embodiment"":[]}",FULL_TEXT_CHECKED,N/A,recorded,source_only,paper_specific,https://openaccess.thecvf.com/content/ICCV2025/html/Jung_Details_Matter_for_Indoor_Open-vocabulary_3D_Instance_Segmentation_ICCV_2025_paper.html,not_identified,not_recorded,benchmark:s3dis;benchmark:scannet200;metric:ap;metric:map,"Details Matter for Indoor Open-vocabulary 3D Instance Segmentation is retained as REFERENCE because it provides an algorithmic or policy mechanism around 3D Vision, semantic for targeted comparison in Robotics-enabling 3D perception; it is not required for the current intensive reading spine.","Important on-demand reference, but not required in the current intensive sequence.",[],0,./2025/ICCV/2025_ICCV_Details-Matter-for-Indoor-Open-vocabulary-3D-Instance-Segm/01_overview.md
pr-0902,Dex1B: Learning with 1B Demonstrations for Dexterous Manipulation,2025,RSS,conference,peer_reviewed,Robot Learning and Data,"RL, IL, offline learning, and robot data",NEXT,,benchmark_or_dataset,"{""learning"":[""imitation_learning""],""interaction"":[""grasping""],""modality"":[],""control_level"":[""policy""],""setting"":[],""embodiment"":[""arm"",""dexterous_hand""]}",FULL_TEXT_CHECKED,UNREAD,recorded,identified,paper_specific,https://www.roboticsproceedings.org/rss21/p106.html,not_identified,not_recorded,,"RSS 2025 large-scale dexterous demonstration dataset that makes generative, geometry-constrained action data a central scaling axis.","Specialized or frontier extension selected after CORE for the RL, IL, offline learning, and robot data branch.",[],0,./2025/RSS/2025_RSS_Dex1B-Learning-with-1B-Demonstrations-for-Dexterous-Manipu/01_overview.md
pr-0585,DexTrack: Towards Generalizable Neural Tracking Control for Dexterous Manipulation from Human References,2025,ICLR,conference,peer_reviewed,"Manipulation, Contact, and Dexterity","Manipulation, contact, tactile, and dexterity",CORE,,method,"{""learning"":[""imitation_learning""],""interaction"":[""contact_rich"",""grasping""],""modality"":[],""control_level"":[""feedback_control""],""setting"":[],""embodiment"":[""arm"",""dexterous_hand""]}",FULL_TEXT_CHECKED,UNREAD,recorded,identified,paper_specific,https://openreview.net/forum?id=ajSmXqgS24,project_only,not_recorded,code:d05c05f21bff,"DexTrack: Towards Generalizable Neural Tracking Control for Dexterous Manipulation from Human References is a CORE prerequisite because it establishes an algorithmic or policy mechanism around Robotics, dexterous manipulation, tracking control, providing a reference point for Manipulation, contact, tactile, and dexterity comparisons in the observation-to-action loop.","Common foundation and prerequisite for the Manipulation, contact, tactile, and dexterity spine.",[],0,./2025/ICLR/2025_ICLR_DexTrack-Towards-Generalizable-Neural-Tracking-Control-for/01_overview.md
pr-0899,DexWild: Dexterous Human Interactions for In-the-Wild Robot Policies,2025,RSS,conference,peer_reviewed,Robot Learning and Data,"RL, IL, offline learning, and robot data",NEXT,,method,"{""learning"":[],""interaction"":[""grasping""],""modality"":[""video""],""control_level"":[""policy""],""setting"":[],""embodiment"":[""arm"",""dexterous_hand""]}",FULL_TEXT_CHECKED,UNREAD,recorded,identified,paper_specific,https://www.roboticsproceedings.org/rss21/p075.html,project_only,not_recorded,code:521d5c81cb2a,RSS 2025 data-collection and co-training contribution that extends the in-the-wild human-data idea to dexterous cross-embodiment robot policies.,"Specialized or frontier extension selected after CORE for the RL, IL, offline learning, and robot data branch.",[],0,./2025/RSS/2025_RSS_DexWild-Dexterous-Human-Interactions-for-In-the-Wild-Robot/01_overview.md
pr-0340,DiET-GS: Diffusion Prior and Event Stream-Assisted Motion Deblurring 3D Gaussian Splatting,2025,CVPR,conference,peer_reviewed,3D Generative Modeling,Robotics-enabling 3D perception,ARCHIVE,,method,"{""learning"":[""diffusion""],""interaction"":[],""modality"":[""point_cloud"",""rgb""],""control_level"":[],""setting"":[],""embodiment"":[]}",FULL_TEXT_CHECKED,N/A,recorded,source_only,paper_specific,https://openaccess.thecvf.com/content/CVPR2025/html/Lee_DiET-GS_Diffusion_Prior_and_Event_Stream-Assisted_Motion_Deblurring_3D_Gaussian_CVPR_2025_paper.html,not_identified,not_recorded,,"DiET-GS: Diffusion Prior and Event Stream-Assisted Motion Deblurring 3D Gaussian Splatting is retained as ARCHIVE because its an algorithmic or policy mechanism around Gaussian Splatting, Diffusion, Generation preserves historical or adjacent context for Robotics-enabling 3D perception; it is outside the current robotics-first intensive scope.",Historical or adjacent material retained for search; outside the current intensive scope.,[],0,./2025/CVPR/2025_CVPR_DiET-GS-Diffusion-Prior-and-Event-Stream-Assisted-Motion-D/01_overview.md
pr-0415,DiffSplat: Repurposing Image Diffusion Models for Scalable Gaussian Splat Generation,2025,ICLR,conference,peer_reviewed,3D Generative Modeling,Robotics-enabling 3D perception,ARCHIVE,,method,"{""learning"":[""diffusion""],""interaction"":[],""modality"":[""point_cloud"",""rgb""],""control_level"":[],""setting"":[],""embodiment"":[]}",FULL_TEXT_CHECKED,N/A,recorded,identified,paper_specific,https://openreview.net/forum?id=eajZpoQkGK,not_identified,not_recorded,,"DiffSplat: Repurposing Image Diffusion Models for Scalable Gaussian Splat Generation is retained as ARCHIVE because its an algorithmic or policy mechanism around Gaussian Splatting, Diffusion, Generation preserves historical or adjacent context for Robotics-enabling 3D perception; it is outside the current robotics-first intensive scope.",Historical or adjacent material retained for search; outside the current intensive scope.,[],0,./2025/ICLR/2025_ICLR_DiffSplat-Repurposing-Image-Diffusion-Models-for-Scalable/01_overview.md
pr-0134,DiffusionVLA: Scaling Robot Foundation Models via Unified Diffusion and Autoregression,2025,ICML,conference,peer_reviewed,VLA and Generalist Robot Policies,VLA and generalist robot policies,REFERENCE,,foundation,"{""learning"":[""diffusion"",""vla""],""interaction"":[],""modality"":[""language"",""rgb""],""control_level"":[""policy""],""setting"":[],""embodiment"":[]}",FULL_TEXT_CHECKED,N/A,recorded,identified,paper_specific,https://openreview.net/forum?id=VdwdU81Uzy,not_identified,not_recorded,metric:success-rate,"DiffusionVLA: Scaling Robot Foundation Models via Unified Diffusion and Autoregression is retained as REFERENCE because it provides a reusable formulation or system primitive around VLA, Vision-Language Model, Robotics for targeted comparison in VLA and generalist robot policies; it is not required for the current intensive reading spine.","Important on-demand reference, but not required in the current intensive sequence.",[],0,./2025/ICML/2025_ICML_DiffusionVLA-Scaling-Robot-Foundation-Models-via-Unified-D/01_overview.md
pr-0339,DIFIX3D+: Improving 3D Reconstructions with Single-Step Diffusion Models,2025,CVPR,conference,peer_reviewed,3D Generative Modeling,Robotics-enabling 3D perception,ARCHIVE,,method,"{""learning"":[""diffusion""],""interaction"":[],""modality"":[""rgb""],""control_level"":[],""setting"":[],""embodiment"":[]}",FULL_TEXT_CHECKED,N/A,recorded,source_only,paper_specific,https://openaccess.thecvf.com/content/CVPR2025/html/Wu_DIFIX3D_Improving_3D_Reconstructions_with_Single-Step_Diffusion_Models_CVPR_2025_paper.html,not_identified,not_recorded,,"DIFIX3D+: Improving 3D Reconstructions with Single-Step Diffusion Models is retained as ARCHIVE because its an algorithmic or policy mechanism around 3D reconstruction, Diffusion, Generation preserves historical or adjacent context for Robotics-enabling 3D perception; it is outside the current robotics-first intensive scope.",Historical or adjacent material retained for search; outside the current intensive scope.,[],0,./2025/CVPR/2025_CVPR_DIFIX3D+-Improving-3D-Reconstructions-with-Single-Step-Dif/01_overview.md
pr-0389,DiGA3D: Coarse-to-Fine Diffusional Propagation of Geometry and Appearance for Versatile 3D Inpainting,2025,ICCV,conference,peer_reviewed,3D Generative Modeling,Robotics-enabling 3D perception,ARCHIVE,,method,"{""learning"":[""diffusion""],""interaction"":[],""modality"":[""rgb""],""control_level"":[],""setting"":[],""embodiment"":[]}",FULL_TEXT_CHECKED,N/A,recorded,source_only,paper_specific,https://openaccess.thecvf.com/content/ICCV2025/html/Pan_DiGA3D_Coarse-to-Fine_Diffusional_Propagation_of_Geometry_and_Appearance_for_Versatile_ICCV_2025_paper.html,not_identified,not_recorded,,"DiGA3D: Coarse-to-Fine Diffusional Propagation of Geometry and Appearance for Versatile 3D Inpainting is retained as ARCHIVE because its an algorithmic or policy mechanism around Diffusion, Generation, 3D Vision preserves historical or adjacent context for Robotics-enabling 3D perception; it is outside the current robotics-first intensive scope.",Historical or adjacent material retained for search; outside the current intensive scope.,[],0,./2025/ICCV/2025_ICCV_DiGA3D-Coarse-to-Fine-Diffusional-Propagation-of-Geometry/01_overview.md
pr-0226,DiSCO-3D : Discovering and Segmenting Sub-Concepts from Open-vocabulary Queries in NeRF,2025,ICCV,conference,peer_reviewed,Language-Grounded 3D Scene Representations,Robotics-enabling 3D perception,ARCHIVE,,method,"{""learning"":[],""interaction"":[],""modality"":[""language"",""point_cloud"",""rgb""],""control_level"":[],""setting"":[],""embodiment"":[]}",FULL_TEXT_CHECKED,N/A,recorded,source_only,paper_specific,https://openaccess.thecvf.com/content/ICCV2025/html/Petit_DiSCO-3D__Discovering_and_Segmenting_Sub-Concepts_from_Open-vocabulary_Queries_in_ICCV_2025_paper.html,not_identified,not_recorded,metric:map,"DiSCO-3D : Discovering and Segmenting Sub-Concepts from Open-vocabulary Queries in NeRF is retained as ARCHIVE because its an algorithmic or policy mechanism around 3D Vision, semantic preserves historical or adjacent context for Robotics-enabling 3D perception; it is outside the current robotics-first intensive scope.",Historical or adjacent material retained for search; outside the current intensive scope.,[],0,./2025/ICCV/2025_ICCV_DiSCO-3D-Discovering-and-Segmenting-Sub-Concepts-from-Open/01_overview.md
pr-0375,Distilling Diffusion Models to Efficient 3D LiDAR Scene Completion,2025,ICCV,conference,peer_reviewed,Autonomous 3D Perception and Sensor Fusion,Robotics-enabling 3D perception,ARCHIVE,,method,"{""learning"":[""diffusion""],""interaction"":[],""modality"":[""lidar"",""rgb""],""control_level"":[""state_estimation""],""setting"":[],""embodiment"":[]}",FULL_TEXT_CHECKED,N/A,recorded,source_only,paper_specific,https://openaccess.thecvf.com/content/ICCV2025/html/Zhang_Distilling_Diffusion_Models_to_Efficient_3D_LiDAR_Scene_Completion_ICCV_2025_paper.html,not_identified,not_recorded,benchmark:semantickitti;metric:map,"Distilling Diffusion Models to Efficient 3D LiDAR Scene Completion is retained as ARCHIVE because its an algorithmic or policy mechanism around sensor fusion, LiDAR, Diffusion preserves historical or adjacent context for Robotics-enabling 3D perception; it is outside the current robotics-first intensive scope.",Historical or adjacent material retained for search; outside the current intensive scope.,[],0,./2025/ICCV/2025_ICCV_Distilling-Diffusion-Models-to-Efficient-3D-LiDAR-Scene-Co/01_overview.md
pr-0787,Dita: Scaling Diffusion Transformer for Generalist Vision-Language-Action Policy,2025,ICCV,conference,peer_reviewed,VLA and Generalist Robot Policies,VLA and generalist robot policies,REFERENCE,,method,"{""learning"":[""diffusion"",""vla""],""interaction"":[],""modality"":[""language"",""rgb""],""control_level"":[""policy""],""setting"":[],""embodiment"":[]}",FULL_TEXT_CHECKED,N/A,recorded,source_only,paper_specific,https://openaccess.thecvf.com/content/ICCV2025/html/Hou_Dita_Scaling_Diffusion_Transformer_for_Generalist_Vision-Language-Action_Policy_ICCV_2025_paper.html,not_identified,not_recorded,metric:success-rate,"Dita: Scaling Diffusion Transformer for Generalist Vision-Language-Action Policy is retained as REFERENCE because it provides an algorithmic or policy mechanism around VLA, Diffusion, Transformer for targeted comparison in VLA and generalist robot policies; it is not required for the current intensive reading spine.","Important on-demand reference, but not required in the current intensive sequence.",[],0,./2025/ICCV/2025_ICCV_Dita-Scaling-Diffusion-Transformer-for-Generalist-Vision-L/01_overview.md
pr-0776,Dr. Splat: Directly Referring 3D Gaussian Splatting via Direct Language Embedding Registration,2025,CVPR,conference,peer_reviewed,Language-Grounded 3D Scene Representations,Robotics-enabling 3D perception,ARCHIVE,,method,"{""learning"":[],""interaction"":[],""modality"":[""language"",""point_cloud""],""control_level"":[],""setting"":[],""embodiment"":[]}",FULL_TEXT_CHECKED,N/A,recorded,source_only,paper_specific,https://openaccess.thecvf.com/content/CVPR2025/html/Jun-Seong_Dr._Splat_Directly_Referring_3D_Gaussian_Splatting_via_Direct_Language_CVPR_2025_paper.html,not_identified,not_recorded,metric:map,"Dr. Splat: Directly Referring 3D Gaussian Splatting via Direct Language Embedding Registration is retained as ARCHIVE because its an algorithmic or policy mechanism around Gaussian Splatting, language embedding, grounding preserves historical or adjacent context for Robotics-enabling 3D perception; it is outside the current robotics-first intensive scope.",Historical or adjacent material retained for search; outside the current intensive scope.,[],0,./2025/CVPR/2025_CVPR_Dr.-Splat-Directly-Referring-3D-Gaussian-Splatting-via-Dir/01_overview.md
pr-0371,Dream-to-Recon: Monocular 3D Reconstruction with Diffusion-Depth Distillation from Single Images,2025,ICCV,conference,peer_reviewed,3D Generative Modeling,Robotics-enabling 3D perception,ARCHIVE,,method,"{""learning"":[""diffusion""],""interaction"":[],""modality"":[""depth"",""rgb""],""control_level"":[],""setting"":[],""embodiment"":[]}",FULL_TEXT_CHECKED,N/A,recorded,source_only,paper_specific,https://openaccess.thecvf.com/content/ICCV2025/html/Wulff_Dream-to-Recon_Monocular_3D_Reconstruction_with_Diffusion-Depth_Distillation_from_Single_Images_ICCV_2025_paper.html,not_identified,not_recorded,benchmark:kitti;benchmark:waymo,"Dream-to-Recon: Monocular 3D Reconstruction with Diffusion-Depth Distillation from Single Images is retained as ARCHIVE because its an algorithmic or policy mechanism around 3D reconstruction, Diffusion, Generation preserves historical or adjacent context for Robotics-enabling 3D perception; it is outside the current robotics-first intensive scope.",Historical or adjacent material retained for search; outside the current intensive scope.,[],0,./2025/ICCV/2025_ICCV_Dream-to-Recon-Monocular-3D-Reconstruction-with-Diffusion/01_overview.md
pr-0870,DreamGen: Unlocking Generalization in Robot Learning through Video World Models,2025,CoRL,conference,peer_reviewed,"World Models, Safety, and Recovery","World models, safety, uncertainty, and recovery",NEXT,,method,"{""learning"":[""world_model""],""interaction"":[],""modality"":[""video""],""control_level"":[""policy"",""safety_or_recovery""],""setting"":[],""embodiment"":[]}",FULL_TEXT_CHECKED,UNREAD,recorded,source_only,paper_specific,https://research.nvidia.com/labs/lpr/publication/jang2025neural/,project_only,not_recorded,code:b4fa2fddcd70,video world model로 diverse synthetic robot experience를 생성해 policy generalization을 높이는 NVIDIA의 robot-data/world-model lineage를 대표한다.,"Specialized or frontier extension selected after CORE for the World models, safety, uncertainty, and recovery branch.",[],0,./2025/CoRL/2025_CoRL_DreamGen-Unlocking-Generalization-in-Robot-Learning-throug/01_overview.md
pr-0121,DreamVLA: A Vision-Language-Action Model Dreamed with Comprehensive World Knowledge,2025,NeurIPS,conference,peer_reviewed,VLA and Generalist Robot Policies,VLA and generalist robot policies,REFERENCE,,method,"{""learning"":[""reinforcement_learning"",""vla""],""interaction"":[""contact_rich""],""modality"":[""force_torque"",""language"",""rgb""],""control_level"":[""policy""],""setting"":[],""embodiment"":[]}",FULL_TEXT_CHECKED,N/A,recorded,identified,paper_specific,https://openreview.net/forum?id=PK07eretkF,not_identified,not_recorded,benchmark:calvin;benchmark:libero;metric:success-rate,"DreamVLA: A Vision-Language-Action Model Dreamed with Comprehensive World Knowledge is retained as REFERENCE because it provides an algorithmic or policy mechanism around VLA, Vision-Language Model, Robotics for targeted comparison in VLA and generalist robot policies; it is not required for the current intensive reading spine.","Important on-demand reference, but not required in the current intensive sequence.",[],0,./2025/NeurIPS/2025_NeurIPS_DreamVLA-A-Vision-Language-Action-Model-Dreamed-with-Compr/01_overview.md
pr-0331,DroneSplat: 3D Gaussian Splatting for Robust 3D Reconstruction from In-the-Wild Drone Imagery,2025,CVPR,conference,peer_reviewed,Neural Scene Representations,Robotics-enabling 3D perception,ARCHIVE,,method,"{""learning"":[],""interaction"":[],""modality"":[""point_cloud"",""rgb""],""control_level"":[],""setting"":[],""embodiment"":[""aerial""]}",FULL_TEXT_CHECKED,N/A,recorded,source_only,paper_specific,https://openaccess.thecvf.com/content/CVPR2025/html/Tang_DroneSplat_3D_Gaussian_Splatting_for_Robust_3D_Reconstruction_from_In-the-Wild_CVPR_2025_paper.html,not_identified,not_recorded,metric:map,"DroneSplat: 3D Gaussian Splatting for Robust 3D Reconstruction from In-the-Wild Drone Imagery is retained as ARCHIVE because its an algorithmic or policy mechanism around Gaussian Splatting, 3D reconstruction, 3D Vision preserves historical or adjacent context for Robotics-enabling 3D perception; it is outside the current robotics-first intensive scope.",Historical or adjacent material retained for search; outside the current intensive scope.,[],0,./2025/CVPR/2025_CVPR_DroneSplat-3D-Gaussian-Splatting-for-Robust-3D-Reconstruct/01_overview.md
pr-0109,Dynam3D: Dynamic Layered 3D Tokens Empower VLM for Vision-and-Language Navigation,2025,NeurIPS,conference,peer_reviewed,Embodied Navigation and Mapping,Robotics-enabling 3D perception,REFERENCE,,method,"{""learning"":[],""interaction"":[""navigation""],""modality"":[""language"",""rgb""],""control_level"":[""state_estimation""],""setting"":[],""embodiment"":[""mobile""]}",FULL_TEXT_CHECKED,N/A,recorded,identified,paper_specific,https://openreview.net/forum?id=s6k9l5yX8e,not_identified,not_recorded,benchmark:r2r;metric:map;metric:sr;metric:success-rate,"Dynam3D: Dynamic Layered 3D Tokens Empower VLM for Vision-and-Language Navigation is retained as REFERENCE because it provides an algorithmic or policy mechanism around Vision-Language Model, 3D Vision, Navigation for targeted comparison in Robotics-enabling 3D perception; it is not required for the current intensive reading spine.","Important on-demand reference, but not required in the current intensive sequence.",[],0,./2025/NeurIPS/2025_NeurIPS_Dynam3D-Dynamic-Layered-3D-Tokens-Empower-VLM-for-Vision-a/01_overview.md
pr-0269,Dynamic Open-Vocabulary 3D Scene Graphs for Long-term Language-Guided Mobile Manipulation,2025,RA-L,journal,peer_reviewed,3D Vision-Language Understanding,"Locomotion, whole-body, mobile manipulation, and humanoids",NEXT,,method,"{""learning"":[],""interaction"":[""grasping""],""modality"":[""language"",""rgb""],""control_level"":[],""setting"":[],""embodiment"":[""arm"",""mobile""]}",FULL_TEXT_CHECKED,UNREAD,recorded,identified,paper_specific,https://arxiv.org/abs/2410.11989,released,not_recorded,code:e5b237dd2d23;metric:success-rate,"Dynamic Open-Vocabulary 3D Scene Graphs for Long-term Language-Guided Mobile Manipulation is a NEXT comparison paper because it extends an algorithmic or policy mechanism around Robotics, 3D Vision, Graph Reasoning in Locomotion, whole-body, mobile manipulation, and humanoids, exposing a specialized frontier after the shared CORE spine.","Specialized or frontier extension selected after CORE for the Locomotion, whole-body, mobile manipulation, and humanoids branch.",[],0,./2025/RA-L/2025_RA-L_Dynamic-Open-Vocabulary-3D-Scene-Graphs-for-Long-term-Lang/01_overview.md
pr-0708,Dynamic Safety in Complex Environments: Synthesizing Safety Filters with Poisson's Equation,2025,RSS,conference,peer_reviewed,"World Models, Safety, and Recovery","World models, safety, uncertainty, and recovery",REFERENCE,,method,"{""learning"":[""world_model""],""interaction"":[],""modality"":[],""control_level"":[""feedback_control"",""safety_or_recovery"",""state_estimation""],""setting"":[],""embodiment"":[""humanoid"",""legged""]}",FULL_TEXT_CHECKED,N/A,recorded,source_only,paper_specific,https://www.roboticsproceedings.org/rss21/p137.html,project_only,not_recorded,code:0fe21c23d238;metric:success-rate,"Dynamic Safety in Complex Environments: Synthesizing Safety Filters with Poisson's Equation is retained as REFERENCE because it provides an algorithmic or policy mechanism around Robotics, safety filter, control barrier function for targeted comparison in World models, safety, uncertainty, and recovery; it is not required for the current intensive reading spine.","Important on-demand reference, but not required in the current intensive sequence.",[],0,./2025/RSS/2025_RSS_Dynamic-Safety-in-Complex-Environments-Synthesizing-Safety/01_overview.md
pr-0114,DynaRend: Learning 3D Dynamics via Masked Future Rendering for Robotic Manipulation,2025,NeurIPS,conference,peer_reviewed,VLA and Generalist Robot Policies,VLA and generalist robot policies,REFERENCE,,method,"{""learning"":[""vla""],""interaction"":[""grasping""],""modality"":[""language"",""rgb""],""control_level"":[""policy""],""setting"":[],""embodiment"":[""arm""]}",FULL_TEXT_CHECKED,N/A,recorded,identified,paper_specific,https://openreview.net/forum?id=r4dzaP61QH,not_identified,not_recorded,benchmark:rlbench;metric:success-rate,"DynaRend: Learning 3D Dynamics via Masked Future Rendering for Robotic Manipulation is retained as REFERENCE because it provides an algorithmic or policy mechanism around Robotics, 3D Vision for targeted comparison in VLA and generalist robot policies; it is not required for the current intensive reading spine.","Important on-demand reference, but not required in the current intensive sequence.",[],0,./2025/NeurIPS/2025_NeurIPS_DynaRend-Learning-3D-Dynamics-via-Masked-Future-Rendering/01_overview.md
pr-0435,EAG3R: Event-Augmented 3D Geometry Estimation for Dynamic and Extreme-Lighting Scenes,2025,NeurIPS,conference,peer_reviewed,3D Representation Learning,Robotics-enabling 3D perception,ARCHIVE,,method,"{""learning"":[],""interaction"":[],""modality"":[""point_cloud"",""rgb""],""control_level"":[],""setting"":[],""embodiment"":[]}",FULL_TEXT_CHECKED,N/A,recorded,identified,paper_specific,https://openreview.net/forum?id=Lf0W2gmNBg,not_identified,not_recorded,metric:map,EAG3R: Event-Augmented 3D Geometry Estimation for Dynamic and Extreme-Lighting Scenes is retained as ARCHIVE because its an algorithmic or policy mechanism around 3D Vision preserves historical or adjacent context for Robotics-enabling 3D perception; it is outside the current robotics-first intensive scope.,Historical or adjacent material retained for search; outside the current intensive scope.,[],0,./2025/NeurIPS/2025_NeurIPS_EAG3R-Event-Augmented-3D-Geometry-Estimation-for-Dynamic-a/01_overview.md
pr-0341,EAP-GS: Efficient Augmentation of Pointcloud for 3D Gaussian Splatting in Few-shot Scene Reconstruction,2025,CVPR,conference,peer_reviewed,Neural Scene Representations,Robotics-enabling 3D perception,ARCHIVE,,method,"{""learning"":[],""interaction"":[],""modality"":[""point_cloud"",""rgb""],""control_level"":[],""setting"":[],""embodiment"":[]}",FULL_TEXT_CHECKED,N/A,recorded,source_only,paper_specific,https://openaccess.thecvf.com/content/CVPR2025/html/Dai_EAP-GS_Efficient_Augmentation_of_Pointcloud_for_3D_Gaussian_Splatting_in_CVPR_2025_paper.html,not_identified,not_recorded,metric:map,"EAP-GS: Efficient Augmentation of Pointcloud for 3D Gaussian Splatting in Few-shot Scene Reconstruction is retained as ARCHIVE because its an algorithmic or policy mechanism around Gaussian Splatting, 3D reconstruction, point cloud preserves historical or adjacent context for Robotics-enabling 3D perception; it is outside the current robotics-first intensive scope.",Historical or adjacent material retained for search; outside the current intensive scope.,[],0,./2025/CVPR/2025_CVPR_EAP-GS-Efficient-Augmentation-of-Pointcloud-for-3D-Gaussia/01_overview.md
pr-0475,Efficient Continuous Group Convolutions for Local SE(3) Equivariance in 3D Point Clouds,2025,3DV,conference,peer_reviewed,"3D Geometry, Registration, and Equivariance",Robotics-enabling 3D perception,ARCHIVE,,method,"{""learning"":[],""interaction"":[],""modality"":[""point_cloud"",""rgb""],""control_level"":[],""setting"":[],""embodiment"":[]}",FULL_TEXT_CHECKED,N/A,recorded,identified,venue_index,https://3dvconf.github.io/2025/accepted-papers/,not_identified,not_recorded,metric:map,"Efficient Continuous Group Convolutions for Local SE(3) Equivariance in 3D Point Clouds is retained as ARCHIVE because its an algorithmic or policy mechanism around equivariant, point cloud, 3D Vision preserves historical or adjacent context for Robotics-enabling 3D perception; it is outside the current robotics-first intensive scope.",Historical or adjacent material retained for search; outside the current intensive scope.,[],0,./2025/3DV/2025_3DV_Efficient-Continuous-Group-Convolutions-for-Local-SE3-Equi/01_overview.md
pr-0220,Egocentric Action-aware Inertial Localization in Point Clouds with Vision-Language Guidance,2025,ICCV,conference,peer_reviewed,3D Vision-Language Understanding,Robotics-enabling 3D perception,ARCHIVE,,method,"{""learning"":[],""interaction"":[],""modality"":[""language"",""point_cloud"",""rgb""],""control_level"":[],""setting"":[],""embodiment"":[]}",FULL_TEXT_CHECKED,N/A,recorded,source_only,paper_specific,https://openaccess.thecvf.com/content/ICCV2025/html/Zhang_Egocentric_Action-aware_Inertial_Localization_in_Point_Clouds_with_Vision-Language_Guidance_ICCV_2025_paper.html,not_identified,not_recorded,metric:map,Egocentric Action-aware Inertial Localization in Point Clouds with Vision-Language Guidance is retained as ARCHIVE because its an algorithmic or policy mechanism around Vision-Language Model preserves historical or adjacent context for Robotics-enabling 3D perception; it is outside the current robotics-first intensive scope.,Historical or adjacent material retained for search; outside the current intensive scope.,[],0,./2025/ICCV/2025_ICCV_Egocentric-Action-aware-Inertial-Localization-in-Point-Clo/01_overview.md
pr-0141,EmbodiedBench: Comprehensive Benchmarking Multi-modal Large Language Models for Vision-Driven Embodied Agents,2025,ICML,conference,peer_reviewed,Benchmarks and Datasets,,REFERENCE,,benchmark_or_dataset,"{""learning"":[],""interaction"":[],""modality"":[""language"",""rgb""],""control_level"":[],""setting"":[],""embodiment"":[]}",FULL_TEXT_CHECKED,N/A,recorded,identified,paper_specific,https://openreview.net/forum?id=DgGF2LEBPS,not_identified,not_recorded,benchmark:behavior-1k,"EmbodiedBench: Comprehensive Benchmarking Multi-modal Large Language Models for Vision-Driven Embodied Agents is retained as REFERENCE because it provides a benchmark, dataset, or evaluation protocol around Benchmark for targeted comparison in Benchmarks and Datasets; it is not required for the current intensive reading spine.","Important on-demand reference, but not required in the current intensive sequence.",[],0,./2025/ICML/2025_ICML_EmbodiedBench-Comprehensive-Benchmarking-Multi-modal-Large/01_overview.md
pr-0227,EmbodiedOcc: Embodied 3D Occupancy Prediction for Vision-based Online Scene Understanding,2025,ICCV,conference,peer_reviewed,3D Vision-Language Understanding,Robotics-enabling 3D perception,REFERENCE,,method,"{""learning"":[],""interaction"":[],""modality"":[""language"",""rgb""],""control_level"":[],""setting"":[],""embodiment"":[]}",FULL_TEXT_CHECKED,N/A,recorded,source_only,paper_specific,https://openaccess.thecvf.com/content/ICCV2025/html/Wu_EmbodiedOcc_Embodied_3D_Occupancy_Prediction_for_Vision-based_Online_Scene_Understanding_ICCV_2025_paper.html,not_identified,not_recorded,metric:map,EmbodiedOcc: Embodied 3D Occupancy Prediction for Vision-based Online Scene Understanding is retained as REFERENCE because it provides an algorithmic or policy mechanism around 3D Vision for targeted comparison in Robotics-enabling 3D perception; it is not required for the current intensive reading spine.,"Important on-demand reference, but not required in the current intensive sequence.",[],0,./2025/ICCV/2025_ICCV_EmbodiedOcc-Embodied-3D-Occupancy-Prediction-for-Vision-ba/01_overview.md
pr-0084,ET-SEED: EFFICIENT TRAJECTORY-LEVEL SE(3) EQUIVARIANT DIFFUSION POLICY,2025,ICLR,conference,peer_reviewed,VLA and Generalist Robot Policies,VLA and generalist robot policies,REFERENCE,,method,"{""learning"":[""diffusion"",""vla""],""interaction"":[],""modality"":[""language""],""control_level"":[""motion_planning"",""policy""],""setting"":[],""embodiment"":[]}",FULL_TEXT_CHECKED,N/A,recorded,identified,paper_specific,https://openreview.net/forum?id=OheAR2xrtb,not_identified,not_recorded,metric:success-rate,"ET-SEED: EFFICIENT TRAJECTORY-LEVEL SE(3) EQUIVARIANT DIFFUSION POLICY is retained as REFERENCE because it provides an algorithmic or policy mechanism around Robotics, Diffusion, equivariant for targeted comparison in VLA and generalist robot policies; it is not required for the current intensive reading spine.","Important on-demand reference, but not required in the current intensive sequence.","[{""type"":""extends"",""paper_id"":""pr-0019"",""confidence"":""verified""}]",1,./2025/ICLR/2025_ICLR_ET-SEED-EFFICIENT-TRAJECTORY-LEVEL-SE3-EQUIVARIANT-DIFFUSI/01_overview.md
pr-0236,Exploiting Vision Language Model for Training-Free 3D Point Cloud OOD Detection via Graph Score Propagation,2025,ICCV,conference,peer_reviewed,3D Vision-Language Understanding,Robotics-enabling 3D perception,ARCHIVE,,method,"{""learning"":[],""interaction"":[],""modality"":[""language"",""point_cloud"",""rgb""],""control_level"":[],""setting"":[],""embodiment"":[]}",FULL_TEXT_CHECKED,N/A,recorded,source_only,paper_specific,https://openaccess.thecvf.com/content/ICCV2025/html/Chen_Exploiting_Vision_Language_Model_for_Training-Free_3D_Point_Cloud_OOD_ICCV_2025_paper.html,not_identified,not_recorded,metric:map,"Exploiting Vision Language Model for Training-Free 3D Point Cloud OOD Detection via Graph Score Propagation is retained as ARCHIVE because its an algorithmic or policy mechanism around 3D Vision, Graph Reasoning preserves historical or adjacent context for Robotics-enabling 3D perception; it is outside the current robotics-first intensive scope.",Historical or adjacent material retained for search; outside the current intensive scope.,[],0,./2025/ICCV/2025_ICCV_Exploiting-Vision-Language-Model-for-Training-Free-3D-Poin/01_overview.md
pr-0383,ExploreGS: Explorable 3D Scene Reconstruction with Virtual Camera Samplings and Diffusion Priors,2025,ICCV,conference,peer_reviewed,3D Generative Modeling,Robotics-enabling 3D perception,ARCHIVE,,method,"{""learning"":[""diffusion""],""interaction"":[],""modality"":[""rgb""],""control_level"":[],""setting"":[],""embodiment"":[]}",FULL_TEXT_CHECKED,N/A,recorded,source_only,paper_specific,https://openaccess.thecvf.com/content/ICCV2025/html/Kim_ExploreGS_Explorable_3D_Scene_Reconstruction_with_Virtual_Camera_Samplings_and_ICCV_2025_paper.html,not_identified,not_recorded,,"ExploreGS: Explorable 3D Scene Reconstruction with Virtual Camera Samplings and Diffusion Priors is retained as ARCHIVE because its an algorithmic or policy mechanism around 3D reconstruction, Diffusion, Generation preserves historical or adjacent context for Robotics-enabling 3D perception; it is outside the current robotics-first intensive scope.",Historical or adjacent material retained for search; outside the current intensive scope.,[],0,./2025/ICCV/2025_ICCV_ExploreGS-Explorable-3D-Scene-Reconstruction-with-Virtual/01_overview.md
pr-0237,Exploring the Adversarial Vulnerabilities of Vision-Language-Action Models in Robotics,2025,ICCV,conference,peer_reviewed,VLA and Generalist Robot Policies,VLA and generalist robot policies,REFERENCE,,method,"{""learning"":[""vla""],""interaction"":[],""modality"":[""language"",""rgb""],""control_level"":[""policy""],""setting"":[],""embodiment"":[]}",FULL_TEXT_CHECKED,N/A,recorded,source_only,paper_specific,https://openaccess.thecvf.com/content/ICCV2025/html/Wang_Exploring_the_Adversarial_Vulnerabilities_of_Vision-Language-Action_Models_in_Robotics_ICCV_2025_paper.html,not_identified,not_recorded,metric:success-rate,"Exploring the Adversarial Vulnerabilities of Vision-Language-Action Models in Robotics is retained as REFERENCE because it provides an algorithmic or policy mechanism around VLA, Vision-Language Model, Robotics for targeted comparison in VLA and generalist robot policies; it is not required for the current intensive reading spine.","Important on-demand reference, but not required in the current intensive sequence.",[],0,./2025/ICCV/2025_ICCV_Exploring-the-Adversarial-Vulnerabilities-of-Vision-Langua/01_overview.md
pr-0901,FACTR: Force-Attending Curriculum Training for Contact-Rich Policy Learning,2025,RSS,conference,peer_reviewed,"Manipulation, Contact, and Dexterity","Manipulation, contact, tactile, and dexterity",NEXT,,method,"{""learning"":[""imitation_learning""],""interaction"":[""contact_rich"",""grasping""],""modality"":[""force_torque"",""tactile""],""control_level"":[""policy""],""setting"":[],""embodiment"":[""arm""]}",FULL_TEXT_CHECKED,UNREAD,recorded,identified,paper_specific,https://www.roboticsproceedings.org/rss21/p079.html,project_only,not_recorded,code:a97d60b00afe,RSS 2025 contact-rich learning paper that treats force as a temporally scheduled attention signal rather than an auxiliary sensor added after visual policy training.,"Specialized or frontier extension selected after CORE for the Manipulation, contact, tactile, and dexterity branch.",[],0,./2025/RSS/2025_RSS_FACTR-Force-Attending-Curriculum-Training-for-Contact-Rich/01_overview.md
pr-0116,Fast-in-Slow: A Dual-System VLA Model Unifying Fast Manipulation within Slow Reasoning,2025,NeurIPS,conference,peer_reviewed,VLA and Generalist Robot Policies,VLA and generalist robot policies,REFERENCE,,system,"{""learning"":[""vla""],""interaction"":[""grasping""],""modality"":[""language"",""rgb""],""control_level"":[""policy""],""setting"":[],""embodiment"":[""arm""]}",FULL_TEXT_CHECKED,N/A,recorded,identified,paper_specific,https://openreview.net/forum?id=4asFznbzJg,not_identified,not_recorded,metric:success-rate,"Fast-in-Slow: A Dual-System VLA Model Unifying Fast Manipulation within Slow Reasoning is retained as REFERENCE because it provides an integrated system or deployment interface around VLA, Vision-Language Model, Robotics for targeted comparison in VLA and generalist robot policies; it is not required for the current intensive reading spine.","Important on-demand reference, but not required in the current intensive sequence.",[],0,./2025/NeurIPS/2025_NeurIPS_Fast-in-Slow-A-Dual-System-VLA-Model-Unifying-Fast-Manipul/01_overview.md
pr-0749,FAST: Efficient Action Tokenization for Vision-Language-Action Models,2025,RSS,conference,peer_reviewed,VLA and Generalist Robot Policies,VLA and generalist robot policies,NEXT,,method,"{""learning"":[""vla""],""interaction"":[],""modality"":[""language"",""rgb""],""control_level"":[""feedback_control"",""policy""],""setting"":[],""embodiment"":[]}",FULL_TEXT_CHECKED,UNREAD,recorded,source_only,paper_specific,https://www.roboticsproceedings.org/rss21/p012.html,project_only,not_recorded,code:13ee8d2ae685;metric:success-rate,"FAST: Efficient Action Tokenization for Vision-Language-Action Models is a NEXT comparison paper because it extends an algorithmic or policy mechanism around Robotics, VLA, action tokenization in VLA and generalist robot policies, exposing a specialized frontier after the shared CORE spine.",Specialized or frontier extension selected after CORE for the VLA and generalist robot policies branch.,[],0,./2025/RSS/2025_RSS_FAST-Efficient-Action-Tokenization-for-Vision-Language-Act/01_overview.md
pr-0228,FedVLA: Federated Vision-Language-Action Learning with Dual Gating Mixture-of-Experts for Robotic Manipulation,2025,ICCV,conference,peer_reviewed,VLA and Generalist Robot Policies,VLA and generalist robot policies,REFERENCE,,method,"{""learning"":[""vla""],""interaction"":[""grasping""],""modality"":[""language"",""rgb""],""control_level"":[""policy""],""setting"":[],""embodiment"":[""arm""]}",FULL_TEXT_CHECKED,N/A,recorded,source_only,paper_specific,https://openaccess.thecvf.com/content/ICCV2025/html/Miao_FedVLA_Federated_Vision-Language-Action_Learning_with_Dual_Gating_Mixture-of-Experts_for_Robotic_ICCV_2025_paper.html,not_identified,not_recorded,metric:success-rate,"FedVLA: Federated Vision-Language-Action Learning with Dual Gating Mixture-of-Experts for Robotic Manipulation is retained as REFERENCE because it provides an algorithmic or policy mechanism around VLA, Vision-Language Model, Robotics for targeted comparison in VLA and generalist robot policies; it is not required for the current intensive reading spine.","Important on-demand reference, but not required in the current intensive sequence.",[],0,./2025/ICCV/2025_ICCV_FedVLA-Federated-Vision-Language-Action-Learning-with-Dual/01_overview.md
pr-0438,Fin3R: Fine-tuning Feed-forward 3D Reconstruction Models via Monocular Knowledge Distillation,2025,NeurIPS,conference,peer_reviewed,"3D Geometry, Reconstruction, and SLAM",Robotics-enabling 3D perception,REFERENCE,,method,"{""learning"":[],""interaction"":[""navigation""],""modality"":[""depth"",""point_cloud"",""rgb""],""control_level"":[""state_estimation""],""setting"":[],""embodiment"":[]}",FULL_TEXT_CHECKED,N/A,recorded,identified,paper_specific,https://openreview.net/forum?id=pZIeK0Xvph,not_identified,not_recorded,metric:map,"Fin3R: Fine-tuning Feed-forward 3D Reconstruction Models via Monocular Knowledge Distillation is retained as REFERENCE because it provides an algorithmic or policy mechanism around 3D reconstruction, depth, 3D Vision for targeted comparison in Robotics-enabling 3D perception; it is not required for the current intensive reading spine.","Important on-demand reference, but not required in the current intensive sequence.",[],0,./2025/NeurIPS/2025_NeurIPS_Fin3R-Fine-tuning-Feed-forward-3D-Reconstruction-Models-vi/01_overview.md
pr-0750,Fine-Tuning Vision-Language-Action Models: Optimizing Speed and Success,2025,RSS,conference,peer_reviewed,VLA and Generalist Robot Policies,VLA and generalist robot policies,NEXT,,method,"{""learning"":[""vla""],""interaction"":[],""modality"":[""language"",""rgb""],""control_level"":[""policy""],""setting"":[],""embodiment"":[]}",FULL_TEXT_CHECKED,UNREAD,recorded,source_only,paper_specific,https://www.roboticsproceedings.org/rss21/p017.html,project_only,not_recorded,benchmark:libero;code:177be5b5e1ba;metric:success-rate,"Fine-Tuning Vision-Language-Action Models: Optimizing Speed and Success is a NEXT comparison paper because it extends an algorithmic or policy mechanism around Robotics, VLA, OpenVLA in VLA and generalist robot policies, exposing a specialized frontier after the shared CORE spine.",Specialized or frontier extension selected after CORE for the VLA and generalist robot policies branch.,[],0,./2025/RSS/2025_RSS_Fine-Tuning-Vision-Language-Action-Models-Optimizing-Speed/01_overview.md
pr-0469,Flash3D: Feed-Forward Generalisable 3D Scene Reconstruction from a Single Image,2025,3DV,conference,peer_reviewed,"3D Geometry, Reconstruction, and SLAM",Robotics-enabling 3D perception,ARCHIVE,,method,"{""learning"":[],""interaction"":[""navigation""],""modality"":[""point_cloud"",""rgb""],""control_level"":[""state_estimation""],""setting"":[],""embodiment"":[]}",FULL_TEXT_CHECKED,N/A,recorded,identified,venue_index,https://3dvconf.github.io/2025/accepted-papers/,not_identified,not_recorded,benchmark:kitti;benchmark:realestate10k;metric:map;metric:psnr,"Flash3D: Feed-Forward Generalisable 3D Scene Reconstruction from a Single Image is retained as ARCHIVE because its an algorithmic or policy mechanism around 3D reconstruction, 3D Vision preserves historical or adjacent context for Robotics-enabling 3D perception; it is outside the current robotics-first intensive scope.",Historical or adjacent material retained for search; outside the current intensive scope.,[],0,./2025/3DV/2025_3DV_Flash3D-Feed-Forward-Generalisable-3D-Scene-Reconstruction/01_overview.md
pr-0414,Flow Distillation Sampling: Regularizing 3D Gaussians with Pre-trained Matching Priors,2025,ICLR,conference,peer_reviewed,Neural Scene Representations,Robotics-enabling 3D perception,ARCHIVE,,method,"{""learning"":[],""interaction"":[],""modality"":[""point_cloud"",""rgb""],""control_level"":[],""setting"":[],""embodiment"":[]}",FULL_TEXT_CHECKED,N/A,recorded,identified,paper_specific,https://openreview.net/forum?id=BzsjHiBfLk,not_identified,not_recorded,metric:map,"Flow Distillation Sampling: Regularizing 3D Gaussians with Pre-trained Matching Priors is retained as ARCHIVE because its an algorithmic or policy mechanism around Gaussian Splatting, 3D Vision preserves historical or adjacent context for Robotics-enabling 3D perception; it is outside the current robotics-first intensive scope.",Historical or adjacent material retained for search; outside the current intensive scope.,[],0,./2025/ICLR/2025_ICLR_Flow-Distillation-Sampling-Regularizing-3D-Gaussians-with/01_overview.md
pr-0703,FlowDreamer: A RGB-D World Model with Flow-based Motion Representations for Robot Manipulation,2025,arXiv,preprint,preprint,"World Models, Safety, and Recovery","World models, safety, uncertainty, and recovery",NEXT,,method,"{""learning"":[""world_model""],""interaction"":[""grasping""],""modality"":[""depth"",""rgb""],""control_level"":[""safety_or_recovery""],""setting"":[],""embodiment"":[""arm""]}",FULL_TEXT_CHECKED,UNREAD,recorded,identified,paper_specific,https://arxiv.org/abs/2505.10075,not_released,not_recorded,,"FlowDreamer: A RGB-D World Model with Flow-based Motion Representations for Robot Manipulation is a NEXT comparison paper because it extends an algorithmic or policy mechanism around Robotics, world model, RGB-D in World models, safety, uncertainty, and recovery, exposing a specialized frontier after the shared CORE spine.","Specialized or frontier extension selected after CORE for the World models, safety, uncertainty, and recovery branch.",[],0,./2025/arXiv/2025_arXiv_FlowDreamer-A-RGB-D-World-Model-with-Flow-based-Motion-Rep/01_overview.md
pr-0468,"FlowMap: High-Quality Camera Poses, Intrinsics, and Depth via Gradient Descent",2025,3DV,conference,peer_reviewed,"3D Geometry, Reconstruction, and SLAM",Robotics-enabling 3D perception,REFERENCE,,method,"{""learning"":[],""interaction"":[""navigation""],""modality"":[""depth"",""point_cloud"",""rgb""],""control_level"":[""state_estimation""],""setting"":[],""embodiment"":[]}",FULL_TEXT_CHECKED,N/A,recorded,identified,venue_index,https://3dvconf.github.io/2025/accepted-papers/,not_identified,not_recorded,metric:map,"FlowMap: High-Quality Camera Poses, Intrinsics, and Depth via Gradient Descent is retained as REFERENCE because it provides an algorithmic or policy mechanism around geometry, depth, 3D Vision for targeted comparison in Robotics-enabling 3D perception; it is not required for the current intensive reading spine.","Important on-demand reference, but not required in the current intensive sequence.",[],0,./2025/3DV/2025_3DV_FlowMap-High-Quality-Camera-Poses-Intrinsics-and-Depth-via/01_overview.md
pr-0924,FlowPolicy: Enabling Fast and Robust 3D Flow-Based Policy via Consistency Flow Matching for Robot Manipulation,2025,AAAI,conference,peer_reviewed,"Manipulation, Contact, and Dexterity","Manipulation, contact, tactile, and dexterity",NEXT,,method,"{""learning"":[""diffusion"",""flow_matching"",""imitation_learning""],""interaction"":[""contact_rich"",""grasping""],""modality"":[""point_cloud""],""control_level"":[""policy""],""setting"":[],""embodiment"":[""arm""]}",FULL_TEXT_CHECKED,UNREAD,recorded,identified,paper_specific,https://ojs.aaai.org/index.php/AAAI/article/view/33617,not_identified,not_recorded,benchmark:meta-world,AAAI-25 Intelligent Robotics paper that ties 3D point-cloud conditioning and consistency flow matching to fast robot action generation.,"Specialized or frontier extension selected after CORE for the Manipulation, contact, tactile, and dexterity branch.","[{""type"":""builds_on"",""paper_id"":""pr-0745"",""confidence"":""verified""}]",1,./2025/AAAI/2025_AAAI_FlowPolicy-Enabling-Fast-and-Robust-3D-Flow-Based-Policy-v/01_overview.md
pr-0743,Flying Hand: End-Effector-Centric Framework for Versatile Aerial Manipulation Teleoperation and Policy Learning,2025,RSS,conference,peer_reviewed,Robot Learning and Data,"Locomotion, whole-body, mobile manipulation, and humanoids",NEXT,,system,"{""learning"":[""imitation_learning""],""interaction"":[""assembly"",""grasping"",""whole_body""],""modality"":[],""control_level"":[""feedback_control"",""policy"",""whole_body""],""setting"":[],""embodiment"":[""aerial"",""arm""]}",FULL_TEXT_CHECKED,UNREAD,recorded,source_only,paper_specific,https://www.roboticsproceedings.org/rss21/p130.html,project_only,not_recorded,code:76d8bb390b0c;metric:success-rate,"Flying Hand: End-Effector-Centric Framework for Versatile Aerial Manipulation Teleoperation and Policy Learning is a NEXT comparison paper because it extends an integrated robotics system and deployment interface around Robotics, aerial manipulation, whole-body control in Locomotion, whole-body, mobile manipulation, and humanoids, exposing a specialized frontier after the shared CORE spine.","Specialized or frontier extension selected after CORE for the Locomotion, whole-body, mobile manipulation, and humanoids branch.",[],0,./2025/RSS/2025_RSS_Flying-Hand-End-Effector-Centric-Framework-for-Versatile-A/01_overview.md
pr-0288,FOCI: Trajectory Optimization on Gaussian Splats,2025,IROS,conference,peer_reviewed,Language-Grounded 3D Scene Representations,Planning and control,NEXT,,method,"{""learning"":[""optimization_or_planning""],""interaction"":[],""modality"":[""language"",""point_cloud""],""control_level"":[""motion_planning""],""setting"":[],""embodiment"":[]}",FULL_TEXT_CHECKED,UNREAD,recorded,identified,paper_specific,https://arxiv.org/abs/2505.08510,project_only,not_recorded,code:2e2af534cb77;metric:map,"FOCI: Trajectory Optimization on Gaussian Splats is a NEXT comparison paper because it extends an algorithmic or policy mechanism around Gaussian Splatting in Planning and control, exposing a specialized frontier after the shared CORE spine.",Specialized or frontier extension selected after CORE for the Planning and control branch.,[],0,./2025/IROS/2025_IROS_FOCI-Trajectory-Optimization-on-Gaussian-Splats/01_overview.md
pr-0128,ForceVLA: Enhancing VLA Models with a Force-aware MoE for Contact-rich Manipulation,2025,NeurIPS,conference,peer_reviewed,VLA and Generalist Robot Policies,VLA and generalist robot policies,REFERENCE,,method,"{""learning"":[""vla""],""interaction"":[""contact_rich"",""grasping""],""modality"":[""force_torque"",""language""],""control_level"":[""policy""],""setting"":[],""embodiment"":[""arm""]}",FULL_TEXT_CHECKED,N/A,recorded,identified,paper_specific,https://openreview.net/forum?id=2845H8Ua5D,not_identified,not_recorded,metric:success-rate,"ForceVLA: Enhancing VLA Models with a Force-aware MoE for Contact-rich Manipulation is retained as REFERENCE because it provides an algorithmic or policy mechanism around VLA, Robotics for targeted comparison in VLA and generalist robot policies; it is not required for the current intensive reading spine.","Important on-demand reference, but not required in the current intensive sequence.",[],0,./2025/NeurIPS/2025_NeurIPS_ForceVLA-Enhancing-VLA-Models-with-a-Force-aware-MoE-for-C/01_overview.md
pr-0372,FreeSplatter: Pose-free Gaussian Splatting for Sparse-view 3D Reconstruction,2025,ICCV,conference,peer_reviewed,Neural Scene Representations,Robotics-enabling 3D perception,ARCHIVE,,method,"{""learning"":[],""interaction"":[],""modality"":[""point_cloud"",""rgb""],""control_level"":[],""setting"":[],""embodiment"":[]}",FULL_TEXT_CHECKED,N/A,recorded,source_only,paper_specific,https://openaccess.thecvf.com/content/ICCV2025/html/Xu_FreeSplatter_Pose-free_Gaussian_Splatting_for_Sparse-view_3D_Reconstruction_ICCV_2025_paper.html,not_identified,not_recorded,metric:map,"FreeSplatter: Pose-free Gaussian Splatting for Sparse-view 3D Reconstruction is retained as ARCHIVE because its an algorithmic or policy mechanism around Gaussian Splatting, 3D reconstruction, geometry preserves historical or adjacent context for Robotics-enabling 3D perception; it is outside the current robotics-first intensive scope.",Historical or adjacent material retained for search; outside the current intensive scope.,[],0,./2025/ICCV/2025_ICCV_FreeSplatter-Pose-free-Gaussian-Splatting-for-Sparse-view/01_overview.md
pr-0900,From Foresight to Forethought: VLM-In-the-Loop Policy Steering via Latent Alignment,2025,RSS,conference,peer_reviewed,"World Models, Safety, and Recovery","World models, safety, uncertainty, and recovery",NEXT,,method,"{""learning"":[""world_model""],""interaction"":[],""modality"":[],""control_level"":[""policy"",""safety_or_recovery""],""setting"":[],""embodiment"":[]}",FULL_TEXT_CHECKED,UNREAD,recorded,identified,paper_specific,https://www.roboticsproceedings.org/rss21/p076.html,project_only,not_recorded,code:479d79f17947,RSS 2025 world-model and VLM verification paper that moves language reasoning into a latent future-state feedback loop for policy steering.,"Specialized or frontier extension selected after CORE for the World models, safety, uncertainty, and recovery branch.",[],0,./2025/RSS/2025_RSS_From-Foresight-to-Forethought-VLM-In-the-Loop-Policy-Steer/01_overview.md
pr-0139,From Thousands to Billions: 3D Visual Language Grounding via Render-Supervised Distillation from 2D VLMs,2025,ICML,conference,peer_reviewed,3D Vision-Language Understanding,Robotics-enabling 3D perception,ARCHIVE,,method,"{""learning"":[],""interaction"":[],""modality"":[""language"",""rgb""],""control_level"":[],""setting"":[],""embodiment"":[]}",FULL_TEXT_CHECKED,N/A,recorded,identified,paper_specific,https://openreview.net/forum?id=w8MCYYAvQD,not_identified,not_recorded,metric:map,"From Thousands to Billions: 3D Visual Language Grounding via Render-Supervised Distillation from 2D VLMs is retained as ARCHIVE because its an algorithmic or policy mechanism around Vision-Language Model, 3D Vision preserves historical or adjacent context for Robotics-enabling 3D perception; it is outside the current robotics-first intensive scope.",Historical or adjacent material retained for search; outside the current intensive scope.,[],0,./2025/ICML/2025_ICML_From-Thousands-to-Billions-3D-Visual-Language-Grounding-vi/01_overview.md
pr-0256,FROSS: Faster-Than-Real-Time Online 3D Semantic Scene Graph Generation from RGB-D Images,2025,ICCV,conference,peer_reviewed,3D Vision-Language Understanding,Robotics-enabling 3D perception,REFERENCE,,method,"{""learning"":[],""interaction"":[],""modality"":[""depth"",""language"",""rgb""],""control_level"":[],""setting"":[""real_time""],""embodiment"":[]}",FULL_TEXT_CHECKED,N/A,recorded,source_only,paper_specific,https://openaccess.thecvf.com/content/ICCV2025/html/Hou_FROSS_Faster-Than-Real-Time_Online_3D_Semantic_Scene_Graph_Generation_from_RGB-D_ICCV_2025_paper.html,not_identified,not_recorded,metric:map,"FROSS: Faster-Than-Real-Time Online 3D Semantic Scene Graph Generation from RGB-D Images is retained as REFERENCE because it provides an algorithmic or policy mechanism around 3D Vision, Graph Reasoning, semantic for targeted comparison in Robotics-enabling 3D perception; it is not required for the current intensive reading spine.","Important on-demand reference, but not required in the current intensive sequence.",[],0,./2025/ICCV/2025_ICCV_FROSS-Faster-Than-Real-Time-Online-3D-Semantic-Scene-Graph/01_overview.md
pr-0287,FunGraph: Functionality Aware 3D Scene Graphs for Language-Prompted Scene Interaction,2025,IROS,conference,peer_reviewed,3D Vision-Language Understanding,Robotics-enabling 3D perception,ARCHIVE,,method,"{""learning"":[],""interaction"":[],""modality"":[""language"",""rgb""],""control_level"":[],""setting"":[],""embodiment"":[]}",FULL_TEXT_CHECKED,N/A,recorded,identified,paper_specific,https://arxiv.org/abs/2503.07909,not_identified,not_recorded,metric:map,"FunGraph: Functionality Aware 3D Scene Graphs for Language-Prompted Scene Interaction is retained as ARCHIVE because its an algorithmic or policy mechanism around 3D Vision, Graph Reasoning preserves historical or adjacent context for Robotics-enabling 3D perception; it is outside the current robotics-first intensive scope.",Historical or adjacent material retained for search; outside the current intensive scope.,[],0,./2025/IROS/2025_IROS_FunGraph-Functionality-Aware-3D-Scene-Graphs-for-Language/01_overview.md
pr-0345,G3Flow: Generative 3D Semantic Flow for Pose-aware and Generalizable Object Manipulation,2025,CVPR,conference,peer_reviewed,3D Generative Modeling,"Manipulation, contact, tactile, and dexterity",NEXT,,method,"{""learning"":[""diffusion""],""interaction"":[""grasping""],""modality"":[""rgb""],""control_level"":[],""setting"":[],""embodiment"":[""arm""]}",FULL_TEXT_CHECKED,UNREAD,recorded,source_only,paper_specific,https://openaccess.thecvf.com/content/CVPR2025/html/Chen_G3Flow_Generative_3D_Semantic_Flow_for_Pose-aware_and_Generalizable_Object_CVPR_2025_paper.html,not_identified,not_recorded,metric:map,"G3Flow: Generative 3D Semantic Flow for Pose-aware and Generalizable Object Manipulation is a NEXT comparison paper because it extends an algorithmic or policy mechanism around geometry, semantic, alignment in Manipulation, contact, tactile, and dexterity, exposing a specialized frontier after the shared CORE spine.","Specialized or frontier extension selected after CORE for the Manipulation, contact, tactile, and dexterity branch.",[],0,./2025/CVPR/2025_CVPR_G3Flow-Generative-3D-Semantic-Flow-for-Pose-aware-and-Gene/01_overview.md
pr-0452,GAPrompt: Geometry-Aware Point Cloud Prompt for 3D Vision Model,2025,ICML,conference,peer_reviewed,3D Representation Learning,Robotics-enabling 3D perception,ARCHIVE,,method,"{""learning"":[],""interaction"":[],""modality"":[""point_cloud"",""rgb""],""control_level"":[],""setting"":[],""embodiment"":[]}",FULL_TEXT_CHECKED,N/A,recorded,identified,paper_specific,https://openreview.net/forum?id=4SsNofUQf1,not_identified,not_recorded,metric:map,"GAPrompt: Geometry-Aware Point Cloud Prompt for 3D Vision Model is retained as ARCHIVE because its an algorithmic or policy mechanism around point cloud, 3D Vision preserves historical or adjacent context for Robotics-enabling 3D perception; it is outside the current robotics-first intensive scope.",Historical or adjacent material retained for search; outside the current intensive scope.,[],0,./2025/ICML/2025_ICML_GAPrompt-Geometry-Aware-Point-Cloud-Prompt-for-3D-Vision-M/01_overview.md
pr-0176,Gaussian Splatting Visual MPC for Granular Media Manipulation,2025,ICRA,conference,peer_reviewed,Language-Grounded 3D Scene Representations,"Manipulation, contact, tactile, and dexterity",NEXT,,method,"{""learning"":[""optimization_or_planning""],""interaction"":[""grasping""],""modality"":[""language"",""point_cloud""],""control_level"":[""feedback_control""],""setting"":[],""embodiment"":[""arm""]}",FULL_TEXT_CHECKED,UNREAD,recorded,identified,venue_index,https://www.proceedings.com/content/081/081087webtoc.pdf,not_identified,not_recorded,metric:map,"Gaussian Splatting Visual MPC for Granular Media Manipulation is a NEXT comparison paper because it extends an algorithmic or policy mechanism around Robotics, Gaussian Splatting in Manipulation, contact, tactile, and dexterity, exposing a specialized frontier after the shared CORE spine.","Specialized or frontier extension selected after CORE for the Manipulation, contact, tactile, and dexterity branch.",[],0,./2025/ICRA/2025_ICRA_Gaussian-Splatting-Visual-MPC-for-Granular-Media-Manipulat/01_overview.md
pr-0377,GaussianOcc: Fully Self-supervised and Efficient 3D Occupancy Estimation with Gaussian Splatting,2025,ICCV,conference,peer_reviewed,Autonomous 3D Perception and Sensor Fusion,Robotics-enabling 3D perception,REFERENCE,,method,"{""learning"":[""self_supervised""],""interaction"":[],""modality"":[""lidar"",""point_cloud"",""rgb""],""control_level"":[""state_estimation""],""setting"":[],""embodiment"":[]}",FULL_TEXT_CHECKED,N/A,recorded,source_only,paper_specific,https://openaccess.thecvf.com/content/ICCV2025/html/Gan_GaussianOcc_Fully_Self-supervised_and_Efficient_3D_Occupancy_Estimation_with_Gaussian_ICCV_2025_paper.html,not_identified,not_recorded,metric:map,"GaussianOcc: Fully Self-supervised and Efficient 3D Occupancy Estimation with Gaussian Splatting is retained as REFERENCE because it provides an algorithmic or policy mechanism around Gaussian Splatting, sensor fusion, LiDAR for targeted comparison in Robotics-enabling 3D perception; it is not required for the current intensive reading spine.","Important on-demand reference, but not required in the current intensive sequence.",[],0,./2025/ICCV/2025_ICCV_GaussianOcc-Fully-Self-supervised-and-Efficient-3D-Occupan/01_overview.md
pr-0440,GeGS-PCR: Fast and Robust Color 3D Point Cloud Registration with Two-Stage Geometric-3DGS Fusion,2025,NeurIPS,conference,peer_reviewed,"3D Geometry, Registration, and Equivariance",Robotics-enabling 3D perception,REFERENCE,,method,"{""learning"":[],""interaction"":[],""modality"":[""lidar"",""point_cloud"",""rgb""],""control_level"":[],""setting"":[],""embodiment"":[]}",FULL_TEXT_CHECKED,N/A,recorded,identified,paper_specific,https://openreview.net/forum?id=UkBwyp3aXG,not_identified,not_recorded,metric:map;metric:rotation-error;metric:translation-error,"GeGS-PCR: Fast and Robust Color 3D Point Cloud Registration with Two-Stage Geometric-3DGS Fusion is retained as REFERENCE because it provides an algorithmic or policy mechanism around geometry, sensor fusion, LiDAR for targeted comparison in Robotics-enabling 3D perception; it is not required for the current intensive reading spine.","Important on-demand reference, but not required in the current intensive sequence.",[],0,./2025/NeurIPS/2025_NeurIPS_GeGS-PCR-Fast-and-Robust-Color-3D-Point-Cloud-Registration/01_overview.md
pr-0916,"Gemini Robotics 1.5: Pushing the Frontier of Generalist Robots with Advanced Embodied Reasoning, Thinking, and Motion Transfer",2025,arXiv,preprint,preprint,VLA and Generalist Robot Policies,VLA and generalist robot policies,NEXT,,method,"{""learning"":[""vla""],""interaction"":[],""modality"":[""language""],""control_level"":[""policy""],""setting"":[""long_horizon""],""embodiment"":[""humanoid""]}",FULL_TEXT_CHECKED,UNREAD,recorded,identified,paper_specific,https://arxiv.org/abs/2510.03342,project_only,not_recorded,code:d72f36f4a8a3,Preprint frontier/system report for embodied reasoning and motion transfer across robot embodiments; it belongs in the comparison layer but not as a verified conference paper.,Specialized or frontier extension selected after CORE for the VLA and generalist robot policies branch.,[],0,./2025/arXiv/2025_arXiv_Gemini-Robotics-1.5-Pushing-the-Frontier-of-Generalist-Rob/01_overview.md
pr-0860,Gemini Robotics: Bringing AI into the Physical World,2025,arXiv,preprint,preprint,VLA and Generalist Robot Policies,VLA and generalist robot policies,NEXT,,foundation,"{""learning"":[""vla""],""interaction"":[""grasping""],""modality"":[""language""],""control_level"":[""policy""],""setting"":[],""embodiment"":[""arm"",""dexterous_hand""]}",FULL_TEXT_CHECKED,UNREAD,recorded,identified,paper_specific,https://arxiv.org/abs/2503.20020,project_only,not_recorded,code:8246fcce4ef1;metric:success-rate,Gemini 기반 embodied reasoning과 action model을 결합한 Google DeepMind의 최신 VLA 계보를 대표한다.,Specialized or frontier extension selected after CORE for the VLA and generalist robot policies branch.,[],0,./2025/arXiv/2025_arXiv_Gemini-Robotics-Bringing-AI-into-the-Physical-World/01_overview.md
pr-0386,Generative Gaussian Splatting: Generating 3D Scenes with Video Diffusion Priors,2025,ICCV,conference,peer_reviewed,3D Generative Modeling,Robotics-enabling 3D perception,ARCHIVE,,method,"{""learning"":[""diffusion""],""interaction"":[],""modality"":[""point_cloud"",""rgb"",""video""],""control_level"":[],""setting"":[],""embodiment"":[]}",FULL_TEXT_CHECKED,N/A,recorded,source_only,paper_specific,https://openaccess.thecvf.com/content/ICCV2025/html/Schwarz_Generative_Gaussian_Splatting_Generating_3D_Scenes_with_Video_Diffusion_Priors_ICCV_2025_paper.html,not_identified,not_recorded,benchmark:realestate10k;benchmark:scannet,"Generative Gaussian Splatting: Generating 3D Scenes with Video Diffusion Priors is retained as ARCHIVE because its an algorithmic or policy mechanism around Gaussian Splatting, Diffusion, Generation preserves historical or adjacent context for Robotics-enabling 3D perception; it is outside the current robotics-first intensive scope.",Historical or adjacent material retained for search; outside the current intensive scope.,[],0,./2025/ICCV/2025_ICCV_Generative-Gaussian-Splatting-Generating-3D-Scenes-with-Vi/01_overview.md
pr-0450,Generative Point Cloud Registration,2025,ICML,conference,peer_reviewed,"3D Geometry, Registration, and Equivariance",Robotics-enabling 3D perception,ARCHIVE,,method,"{""learning"":[""diffusion""],""interaction"":[],""modality"":[""point_cloud"",""rgb""],""control_level"":[],""setting"":[],""embodiment"":[]}",FULL_TEXT_CHECKED,N/A,recorded,identified,paper_specific,https://openreview.net/forum?id=yoaErYlGE9,not_identified,not_recorded,metric:map,"Generative Point Cloud Registration is retained as ARCHIVE because its an algorithmic or policy mechanism around geometry, Diffusion, Generation preserves historical or adjacent context for Robotics-enabling 3D perception; it is outside the current robotics-first intensive scope.",Historical or adjacent material retained for search; outside the current intensive scope.,[],0,./2025/ICML/2025_ICML_Generative-Point-Cloud-Registration/01_overview.md
pr-0894,GeoDEx: A Unified Geometric Framework for Tactile Dexterous and Extrinsic Manipulation under Force Uncertainty,2025,RSS,conference,peer_reviewed,"Manipulation, Contact, and Dexterity","Manipulation, contact, tactile, and dexterity",NEXT,,system,"{""learning"":[""optimization_or_planning""],""interaction"":[""contact_rich"",""grasping""],""modality"":[""force_torque"",""tactile""],""control_level"":[],""setting"":[],""embodiment"":[""arm"",""dexterous_hand""]}",FULL_TEXT_CHECKED,UNREAD,recorded,identified,paper_specific,https://www.roboticsproceedings.org/rss21/p057.html,not_identified,not_recorded,,"RSS 2025 geometry-and-contact framework that unifies dexterous and extrinsic manipulation under uncertain force, offering a structured alternative to end-to-end policy learning.","Specialized or frontier extension selected after CORE for the Manipulation, contact, tactile, and dexterity branch.",[],0,./2025/RSS/2025_RSS_GeoDEx-A-Unified-Geometric-Framework-for-Tactile-Dexterous/01_overview.md
pr-0579,Geometry-aware RL for Manipulation of Varying Shapes and Deformable Objects,2025,ICLR,conference,peer_reviewed,Robot Learning and Data,"Manipulation, contact, tactile, and dexterity",REFERENCE,,method,"{""learning"":[""reinforcement_learning""],""interaction"":[""contact_rich"",""deformable"",""grasping""],""modality"":[""force_torque""],""control_level"":[""policy""],""setting"":[],""embodiment"":[""arm""]}",FULL_TEXT_CHECKED,N/A,recorded,identified,paper_specific,https://openreview.net/forum?id=7BLXhmWvwF,project_only,not_recorded,code:afdaf3ed6375;metric:success-rate,"Geometry-aware RL for Manipulation of Varying Shapes and Deformable Objects is retained as REFERENCE because it provides an algorithmic or policy mechanism around Robotics, Reinforcement Learning, SE(3) equivariance for targeted comparison in Manipulation, contact, tactile, and dexterity; it is not required for the current intensive reading spine.","Important on-demand reference, but not required in the current intensive sequence.",[],0,./2025/ICLR/2025_ICLR_Geometry-aware-RL-for-Manipulation-of-Varying-Shapes-and-D/01_overview.md
pr-0238,GeoProg3D: Compositional Visual Reasoning for City-Scale 3D Language Fields,2025,ICCV,conference,peer_reviewed,3D Vision-Language Understanding,Robotics-enabling 3D perception,ARCHIVE,,method,"{""learning"":[],""interaction"":[],""modality"":[""language"",""rgb""],""control_level"":[],""setting"":[],""embodiment"":[]}",FULL_TEXT_CHECKED,N/A,recorded,source_only,paper_specific,https://openaccess.thecvf.com/content/ICCV2025/html/Yasuki_GeoProg3D_Compositional_Visual_Reasoning_for_City-Scale_3D_Language_Fields_ICCV_2025_paper.html,not_identified,not_recorded,metric:map,GeoProg3D: Compositional Visual Reasoning for City-Scale 3D Language Fields is retained as ARCHIVE because its an algorithmic or policy mechanism around 3D Vision preserves historical or adjacent context for Robotics-enabling 3D perception; it is outside the current robotics-first intensive scope.,Historical or adjacent material retained for search; outside the current intensive scope.,[],0,./2025/ICCV/2025_ICCV_GeoProg3D-Compositional-Visual-Reasoning-for-City-Scale-3D/01_overview.md
pr-0416,GotenNet: Rethinking Efficient 3D Equivariant Graph Neural Networks,2025,ICLR,conference,peer_reviewed,"3D Geometry, Registration, and Equivariance",Robotics-enabling 3D perception,ARCHIVE,,method,"{""learning"":[],""interaction"":[],""modality"":[""point_cloud"",""rgb""],""control_level"":[],""setting"":[],""embodiment"":[]}",FULL_TEXT_CHECKED,N/A,recorded,identified,paper_specific,https://openreview.net/forum?id=5wxCQDtbMo,not_identified,not_recorded,metric:map,"GotenNet: Rethinking Efficient 3D Equivariant Graph Neural Networks is retained as ARCHIVE because its an algorithmic or policy mechanism around equivariant, 3D Vision preserves historical or adjacent context for Robotics-enabling 3D perception; it is outside the current robotics-first intensive scope.",Historical or adjacent material retained for search; outside the current intensive scope.,[],0,./2025/ICLR/2025_ICLR_GotenNet-Rethinking-Efficient-3D-Equivariant-Graph-Neural/01_overview.md
pr-0917,GR00T N1.5: An Improved Open Foundation Model for Generalist Humanoid Robots,2025,Technical Report,technical_report,technical_report,VLA and Generalist Robot Policies,VLA and generalist robot policies,NEXT,,foundation,"{""learning"":[""flow_matching"",""vla"",""world_model""],""interaction"":[],""modality"":[""language""],""control_level"":[""policy""],""setting"":[],""embodiment"":[""humanoid""]}",FULL_TEXT_CHECKED,UNREAD,recorded,source_only,paper_specific,https://research.nvidia.com/labs/gear/gr00t-n1_5/,released,not_recorded,code:d172dfcfb9f5,"Official NVIDIA technical report/system entry that tracks the open humanoid VLA line after GR00T N1, including data mixture and future-latent alignment changes.",Specialized or frontier extension selected after CORE for the VLA and generalist robot policies branch.,"[{""type"":""extends"",""paper_id"":""pr-0869"",""confidence"":""manual""}]",1,./2025/Technical-Report/2025_Technical-Report_GR00T-N1.5-An-Improved-Open-Foundation-Model-for-Generalis/01_overview.md
pr-0918,GR00T N1.6: An Improved Open Foundation Model for Generalist Humanoid Robots,2025,Technical Report,technical_report,technical_report,VLA and Generalist Robot Policies,VLA and generalist robot policies,NEXT,,foundation,"{""learning"":[""vla""],""interaction"":[""whole_body""],""modality"":[""language""],""control_level"":[""feedback_control"",""policy"",""whole_body""],""setting"":[""long_horizon""],""embodiment"":[""humanoid""]}",FULL_TEXT_CHECKED,UNREAD,recorded,source_only,paper_specific,https://research.nvidia.com/labs/gear/gr00t-n1_6/,released,not_recorded,code:d172dfcfb9f5,"Official NVIDIA technical report/system update for the humanoid VLA frontier, tracking action/state interface and dexterity improvements beyond N1.5.",Specialized or frontier extension selected after CORE for the VLA and generalist robot policies branch.,"[{""type"":""extends"",""paper_id"":""pr-0917"",""confidence"":""manual""}]",0,./2025/Technical-Report/2025_Technical-Report_GR00T-N1.6-An-Improved-Open-Foundation-Model-for-Generalis/01_overview.md
pr-0290,GRaD-Nav: Efficiently Learning Visual Drone Navigation with Gaussian Radiance Fields and Differentiable Dynamics,2025,IROS,conference,peer_reviewed,Embodied Navigation and Mapping,Robotics-enabling 3D perception,REFERENCE,,method,"{""learning"":[],""interaction"":[""navigation""],""modality"":[""point_cloud""],""control_level"":[""state_estimation""],""setting"":[],""embodiment"":[""aerial"",""mobile""]}",FULL_TEXT_CHECKED,N/A,recorded,identified,paper_specific,https://arxiv.org/abs/2503.03984,project_only,not_recorded,code:13c1d6e1fc81;metric:map,"GRaD-Nav: Efficiently Learning Visual Drone Navigation with Gaussian Radiance Fields and Differentiable Dynamics is retained as REFERENCE because it provides an algorithmic or policy mechanism around Navigation, Gaussian Splatting for targeted comparison in Robotics-enabling 3D perception; it is not required for the current intensive reading spine.","Important on-demand reference, but not required in the current intensive sequence.",[],0,./2025/IROS/2025_IROS_GRaD-Nav-Efficiently-Learning-Visual-Drone-Navigation-with/01_overview.md
pr-0173,Graph2Nav: 3D Object-Relation Graph Generation to Robot Navigation,2025,ICRA,conference,peer_reviewed,Embodied Navigation and Mapping,Robotics-enabling 3D perception,REFERENCE,,method,"{""learning"":[],""interaction"":[""navigation""],""modality"":[""rgb""],""control_level"":[""state_estimation""],""setting"":[],""embodiment"":[""mobile""]}",FULL_TEXT_CHECKED,N/A,recorded,identified,venue_index,https://www.proceedings.com/content/081/081087webtoc.pdf,not_identified,not_recorded,metric:map,"Graph2Nav: 3D Object-Relation Graph Generation to Robot Navigation is retained as REFERENCE because it provides an algorithmic or policy mechanism around Robotics, 3D Vision, Navigation for targeted comparison in Robotics-enabling 3D perception; it is not required for the current intensive reading spine.","Important on-demand reference, but not required in the current intensive sequence.",[],0,./2025/ICRA/2025_ICRA_Graph2Nav-3D-Object-Relation-Graph-Generation-to-Robot-Nav/01_overview.md
pr-0062,GraspVLA: a Grasping Foundation Model Pre-trained on Billion-scale Synthetic Action Data,2025,CoRL,conference,peer_reviewed,VLA and Generalist Robot Policies,VLA and generalist robot policies,NEXT,,foundation,"{""learning"":[""vla""],""interaction"":[""grasping""],""modality"":[""language""],""control_level"":[""policy""],""setting"":[],""embodiment"":[""arm""]}",FULL_TEXT_CHECKED,UNREAD,recorded,source_only,paper_specific,https://proceedings.mlr.press/v305/deng25a.html,not_identified,not_recorded,metric:success-rate,"GraspVLA: a Grasping Foundation Model Pre-trained on Billion-scale Synthetic Action Data is a NEXT comparison paper because it extends a reusable formulation or system primitive around VLA, grasping, synthetic data in VLA and generalist robot policies, exposing a specialized frontier after the shared CORE spine.",Specialized or frontier extension selected after CORE for the VLA and generalist robot policies branch.,[],0,./2025/CoRL/2025_CoRL_GraspVLA-a-Grasping-Foundation-Model-Pre-trained-on-Billio/01_overview.md
pr-0067,GravMAD: Grounded Spatial Value Maps Guided Action Diffusion for Generalized 3D Manipulation,2025,ICLR,conference,peer_reviewed,VLA and Generalist Robot Policies,VLA and generalist robot policies,REFERENCE,,method,"{""learning"":[""diffusion"",""imitation_learning"",""vla""],""interaction"":[""grasping""],""modality"":[""language"",""rgb""],""control_level"":[""policy""],""setting"":[],""embodiment"":[""arm""]}",FULL_TEXT_CHECKED,N/A,recorded,identified,paper_specific,https://openreview.net/forum?id=qPzYF2EpXb,not_identified,not_recorded,metric:success-rate,"GravMAD: Grounded Spatial Value Maps Guided Action Diffusion for Generalized 3D Manipulation is retained as REFERENCE because it provides an algorithmic or policy mechanism around Robotics, 3D Vision, Diffusion for targeted comparison in VLA and generalist robot policies; it is not required for the current intensive reading spine.","Important on-demand reference, but not required in the current intensive sequence.",[],0,./2025/ICLR/2025_ICLR_GravMAD-Grounded-Spatial-Value-Maps-Guided-Action-Diffusio/01_overview.md
pr-0479,GRIN: Zero-Shot Metric Depth with Pixel-Level Diffusion,2025,3DV,conference,peer_reviewed,3D Generative Modeling,Robotics-enabling 3D perception,ARCHIVE,,method,"{""learning"":[""diffusion""],""interaction"":[],""modality"":[""depth"",""rgb""],""control_level"":[],""setting"":[],""embodiment"":[]}",FULL_TEXT_CHECKED,N/A,recorded,identified,venue_index,https://3dvconf.github.io/2025/accepted-papers/,not_identified,not_recorded,,"GRIN: Zero-Shot Metric Depth with Pixel-Level Diffusion is retained as ARCHIVE because its an algorithmic or policy mechanism around Diffusion, Generation, depth preserves historical or adjacent context for Robotics-enabling 3D perception; it is outside the current robotics-first intensive scope.",Historical or adjacent material retained for search; outside the current intensive scope.,[],0,./2025/3DV/2025_3DV_GRIN-Zero-Shot-Metric-Depth-with-Pixel-Level-Diffusion/01_overview.md
pr-0229,GroundFlow: A Plug-in Module for Temporal Reasoning on 3D Point Cloud Sequential Grounding,2025,ICCV,conference,peer_reviewed,3D Vision-Language Understanding,Robotics-enabling 3D perception,ARCHIVE,,method,"{""learning"":[],""interaction"":[],""modality"":[""language"",""point_cloud"",""rgb""],""control_level"":[],""setting"":[],""embodiment"":[]}",FULL_TEXT_CHECKED,N/A,recorded,source_only,paper_specific,https://openaccess.thecvf.com/content/ICCV2025/html/Lin_GroundFlow_A_Plug-in_Module_for_Temporal_Reasoning_on_3D_Point_ICCV_2025_paper.html,not_identified,not_recorded,metric:map,GroundFlow: A Plug-in Module for Temporal Reasoning on 3D Point Cloud Sequential Grounding is retained as ARCHIVE because its an algorithmic or policy mechanism around 3D Vision preserves historical or adjacent context for Robotics-enabling 3D perception; it is outside the current robotics-first intensive scope.,Historical or adjacent material retained for search; outside the current intensive scope.,[],0,./2025/ICCV/2025_ICCV_GroundFlow-A-Plug-in-Module-for-Temporal-Reasoning-on-3D-P/01_overview.md
pr-0412,GS-LiDAR: Generating Realistic LiDAR Point Clouds with Panoramic Gaussian Splatting,2025,ICLR,conference,peer_reviewed,Autonomous 3D Perception and Sensor Fusion,Robotics-enabling 3D perception,ARCHIVE,,method,"{""learning"":[],""interaction"":[],""modality"":[""lidar"",""point_cloud"",""rgb""],""control_level"":[""state_estimation""],""setting"":[],""embodiment"":[]}",FULL_TEXT_CHECKED,N/A,recorded,identified,paper_specific,https://openreview.net/forum?id=RMaRBE9s2H,not_identified,not_recorded,metric:map,"GS-LiDAR: Generating Realistic LiDAR Point Clouds with Panoramic Gaussian Splatting is retained as ARCHIVE because its an algorithmic or policy mechanism around Gaussian Splatting, sensor fusion, LiDAR preserves historical or adjacent context for Robotics-enabling 3D perception; it is outside the current robotics-first intensive scope.",Historical or adjacent material retained for search; outside the current intensive scope.,[],0,./2025/ICLR/2025_ICLR_GS-LiDAR-Generating-Realistic-LiDAR-Point-Clouds-with-Pano/01_overview.md
pr-0289,GSplatVNM: Point-of-View Synthesis for Visual Navigation Models Using Gaussian Splatting,2025,IROS,conference,peer_reviewed,Embodied Navigation and Mapping,Robotics-enabling 3D perception,REFERENCE,,method,"{""learning"":[],""interaction"":[""navigation""],""modality"":[""point_cloud""],""control_level"":[""state_estimation""],""setting"":[],""embodiment"":[""mobile""]}",FULL_TEXT_CHECKED,N/A,recorded,identified,paper_specific,https://arxiv.org/abs/2503.05152,not_identified,not_recorded,metric:map,"GSplatVNM: Point-of-View Synthesis for Visual Navigation Models Using Gaussian Splatting is retained as REFERENCE because it provides an algorithmic or policy mechanism around Navigation, Gaussian Splatting for targeted comparison in Robotics-enabling 3D perception; it is not required for the current intensive reading spine.","Important on-demand reference, but not required in the current intensive sequence.",[],0,./2025/IROS/2025_IROS_GSplatVNM-Point-of-View-Synthesis-for-Visual-Navigation-Mo/01_overview.md
pr-0384,GSV3D: Gaussian Splatting-based Geometric Distillation with Stable Video Diffusion for Single-Image 3D Object Generation,2025,ICCV,conference,peer_reviewed,3D Generative Modeling,Robotics-enabling 3D perception,ARCHIVE,,method,"{""learning"":[""diffusion""],""interaction"":[],""modality"":[""point_cloud"",""rgb"",""video""],""control_level"":[],""setting"":[],""embodiment"":[]}",FULL_TEXT_CHECKED,N/A,recorded,source_only,paper_specific,https://openaccess.thecvf.com/content/ICCV2025/html/Tao_GSV3D_Gaussian_Splatting-based_Geometric_Distillation_with_Stable_Video_Diffusion_for_ICCV_2025_paper.html,not_identified,not_recorded,,"GSV3D: Gaussian Splatting-based Geometric Distillation with Stable Video Diffusion for Single-Image 3D Object Generation is retained as ARCHIVE because its an algorithmic or policy mechanism around Gaussian Splatting, Diffusion, Generation preserves historical or adjacent context for Robotics-enabling 3D perception; it is outside the current robotics-first intensive scope.",Historical or adjacent material retained for search; outside the current intensive scope.,[],0,./2025/ICCV/2025_ICCV_GSV3D-Gaussian-Splatting-based-Geometric-Distillation-with/01_overview.md
pr-0789,GWM: Towards Scalable Gaussian World Models for Robotic Manipulation,2025,ICCV,conference,peer_reviewed,VLA and Generalist Robot Policies,VLA and generalist robot policies,REFERENCE,,method,"{""learning"":[""vla"",""world_model""],""interaction"":[""grasping""],""modality"":[""language"",""point_cloud""],""control_level"":[""policy""],""setting"":[],""embodiment"":[""arm""]}",FULL_TEXT_CHECKED,N/A,recorded,source_only,paper_specific,https://openaccess.thecvf.com/content/ICCV2025/html/Lu_GWM_Towards_Scalable_Gaussian_World_Models_for_Robotic_Manipulation_ICCV_2025_paper.html,not_identified,not_recorded,metric:success-rate,"GWM: Towards Scalable Gaussian World Models for Robotic Manipulation is retained as REFERENCE because it provides an algorithmic or policy mechanism around Gaussian Splatting, world model, Robotics for targeted comparison in VLA and generalist robot policies; it is not required for the current intensive reading spine.","Important on-demand reference, but not required in the current intensive sequence.",[],0,./2025/ICCV/2025_ICCV_GWM-Towards-Scalable-Gaussian-World-Models-for-Robotic-Man/01_overview.md
pr-0270,"HAMMER: Heterogeneous, Multi-Robot Semantic Gaussian Splatting",2025,RA-L,journal,peer_reviewed,Language-Grounded 3D Scene Representations,Robotics-enabling 3D perception,NEXT,,method,"{""learning"":[],""interaction"":[],""modality"":[""language"",""point_cloud""],""control_level"":[],""setting"":[],""embodiment"":[""multi_robot""]}",FULL_TEXT_CHECKED,UNREAD,recorded,identified,paper_specific,https://arxiv.org/abs/2501.14147,project_only,not_recorded,code:290b5bab8ddb;metric:map,"HAMMER: Heterogeneous, Multi-Robot Semantic Gaussian Splatting is a NEXT comparison paper because it extends an algorithmic or policy mechanism around Robotics, Gaussian Splatting, semantic in Robotics-enabling 3D perception, exposing a specialized frontier after the shared CORE spine.",Specialized or frontier extension selected after CORE for the Robotics-enabling 3D perception branch.,[],0,./2025/RA-L/2025_RA-L_HAMMER-Heterogeneous-Multi-Robot-Semantic-Gaussian-Splatti/01_overview.md
pr-0066,HAMSTER: Hierarchical Action Models for Open-World Robot Manipulation,2025,ICLR,conference,peer_reviewed,VLA and Generalist Robot Policies,VLA and generalist robot policies,REFERENCE,,method,"{""learning"":[""reinforcement_learning"",""vla""],""interaction"":[""contact_rich"",""grasping""],""modality"":[""force_torque"",""language""],""control_level"":[""policy""],""setting"":[],""embodiment"":[""arm""]}",FULL_TEXT_CHECKED,N/A,recorded,identified,paper_specific,https://openreview.net/forum?id=h7aQxzKbq6,not_identified,not_recorded,metric:success-rate,"HAMSTER: Hierarchical Action Models for Open-World Robot Manipulation is retained as REFERENCE because it provides an algorithmic or policy mechanism around Robotics, Reinforcement Learning for targeted comparison in VLA and generalist robot policies; it is not required for the current intensive reading spine.","Important on-demand reference, but not required in the current intensive sequence.",[],0,./2025/ICLR/2025_ICLR_HAMSTER-Hierarchical-Action-Models-for-Open-World-Robot-Ma/01_overview.md
pr-0280,Helpful DoggyBot: Open-World Object Fetching using Legged Robots and Vision-Language Models,2025,IROS,conference,peer_reviewed,VLA and Generalist Robot Policies,VLA and generalist robot policies,REFERENCE,,method,"{""learning"":[""reinforcement_learning"",""vla""],""interaction"":[""contact_rich"",""locomotion""],""modality"":[""force_torque"",""language"",""rgb""],""control_level"":[""policy""],""setting"":[],""embodiment"":[""legged""]}",FULL_TEXT_CHECKED,N/A,recorded,identified,paper_specific,https://arxiv.org/abs/2410.00231,project_only,not_recorded,code:8c50dd720722,"Helpful DoggyBot: Open-World Object Fetching using Legged Robots and Vision-Language Models is retained as REFERENCE because it provides an algorithmic or policy mechanism around Vision-Language Model, Robotics, Reinforcement Learning for targeted comparison in VLA and generalist robot policies; it is not required for the current intensive reading spine.","Important on-demand reference, but not required in the current intensive sequence.",[],0,./2025/IROS/2025_IROS_Helpful-DoggyBot-Open-World-Object-Fetching-using-Legged-R/01_overview.md
pr-0142,Hi Robot: Open-Ended Instruction Following with Hierarchical Vision-Language-Action Models,2025,ICML,conference,peer_reviewed,VLA and Generalist Robot Policies,VLA and generalist robot policies,REFERENCE,,method,"{""learning"":[""vla""],""interaction"":[],""modality"":[""language"",""rgb""],""control_level"":[""policy""],""setting"":[],""embodiment"":[]}",FULL_TEXT_CHECKED,N/A,recorded,identified,paper_specific,https://openreview.net/forum?id=lNVHg9npif,not_identified,not_recorded,metric:success-rate,"Hi Robot: Open-Ended Instruction Following with Hierarchical Vision-Language-Action Models is retained as REFERENCE because it provides an algorithmic or policy mechanism around VLA, Vision-Language Model, Robotics for targeted comparison in VLA and generalist robot policies; it is not required for the current intensive reading spine.","Important on-demand reference, but not required in the current intensive sequence.",[],0,./2025/ICML/2025_ICML_Hi-Robot-Open-Ended-Instruction-Following-with-Hierarchica/01_overview.md
pr-0343,High-fidelity 3D Object Generation from Single Image with RGBN-Volume Gaussian Reconstruction Model,2025,CVPR,conference,peer_reviewed,3D Generative Modeling,Robotics-enabling 3D perception,ARCHIVE,,method,"{""learning"":[""diffusion""],""interaction"":[],""modality"":[""point_cloud"",""rgb""],""control_level"":[],""setting"":[],""embodiment"":[]}",FULL_TEXT_CHECKED,N/A,recorded,source_only,paper_specific,https://openaccess.thecvf.com/content/CVPR2025/html/Shen_High-fidelity_3D_Object_Generation_from_Single_Image_with_RGBN-Volume_Gaussian_CVPR_2025_paper.html,not_identified,not_recorded,,"High-fidelity 3D Object Generation from Single Image with RGBN-Volume Gaussian Reconstruction Model is retained as ARCHIVE because its an algorithmic or policy mechanism around Gaussian Splatting, 3D reconstruction, Diffusion preserves historical or adjacent context for Robotics-enabling 3D perception; it is outside the current robotics-first intensive scope.",Historical or adjacent material retained for search; outside the current intensive scope.,[],0,./2025/CVPR/2025_CVPR_High-fidelity-3D-Object-Generation-from-Single-Image-with/01_overview.md
pr-0610,Hold My Beer: Learning Gentle Humanoid Locomotion and End-Effector Stabilization Control,2025,CoRL,conference,peer_reviewed,"Locomotion, Whole-Body, and Mobile Manipulation","Locomotion, whole-body, mobile manipulation, and humanoids",REFERENCE,,method,"{""learning"":[],""interaction"":[""grasping"",""locomotion"",""whole_body""],""modality"":[],""control_level"":[""feedback_control"",""whole_body""],""setting"":[],""embodiment"":[""arm"",""humanoid"",""mobile""]}",FULL_TEXT_CHECKED,N/A,recorded,identified,paper_specific,https://openreview.net/forum?id=Bl2VfU9NhF,project_only,not_recorded,code:f2a44eb73405;metric:success-rate,"Hold My Beer: Learning Gentle Humanoid Locomotion and End-Effector Stabilization Control is retained as REFERENCE because it provides an algorithmic or policy mechanism around Robotics, humanoid, locomotion for targeted comparison in Locomotion, whole-body, mobile manipulation, and humanoids; it is not required for the current intensive reading spine.","Important on-demand reference, but not required in the current intensive sequence.",[],0,./2025/CoRL/2025_CoRL_Hold-My-Beer-Learning-Gentle-Humanoid-Locomotion-and-End-E/01_overview.md
pr-0609,HOMIE: Humanoid Loco-Manipulation with Isomorphic Exoskeleton Cockpit,2025,RSS,conference,peer_reviewed,Robot Learning and Data,"Locomotion, whole-body, mobile manipulation, and humanoids",NEXT,,method,"{""learning"":[],""interaction"":[""grasping""],""modality"":[],""control_level"":[""policy""],""setting"":[],""embodiment"":[""arm"",""humanoid""]}",FULL_TEXT_CHECKED,UNREAD,recorded,source_only,paper_specific,https://www.roboticsproceedings.org/rss21/p070.html,project_only,not_recorded,code:96c3c467e389;metric:success-rate,"HOMIE: Humanoid Loco-Manipulation with Isomorphic Exoskeleton Cockpit is a NEXT comparison paper because it extends an algorithmic or policy mechanism around Robotics, humanoid, loco-manipulation in Locomotion, whole-body, mobile manipulation, and humanoids, exposing a specialized frontier after the shared CORE spine.","Specialized or frontier extension selected after CORE for the Locomotion, whole-body, mobile manipulation, and humanoids branch.",[],0,./2025/RSS/2025_RSS_HOMIE-Humanoid-Loco-Manipulation-with-Isomorphic-Exoskelet/01_overview.md
pr-0868,HOVER: Versatile Neural Whole-Body Controller for Humanoid Robots,2025,ICRA,conference,peer_reviewed,"Locomotion, Whole-Body, and Mobile Manipulation","Locomotion, whole-body, mobile manipulation, and humanoids",NEXT,,method,"{""learning"":[""reinforcement_learning""],""interaction"":[""contact_rich"",""grasping"",""locomotion"",""whole_body""],""modality"":[""force_torque""],""control_level"":[""feedback_control"",""whole_body""],""setting"":[],""embodiment"":[""arm"",""humanoid"",""mobile""]}",FULL_TEXT_CHECKED,UNREAD,recorded,source_only,paper_specific,https://research.nvidia.com/labs/lpr/publication/he2025hover/,project_only,not_recorded,code:c0ce1bb284b5;metric:success-rate,다양한 command modality를 수용하는 neural whole-body humanoid controller로 NVIDIA의 simulation-to-real humanoid control 계보를 보강한다.,"Specialized or frontier extension selected after CORE for the Locomotion, whole-body, mobile manipulation, and humanoids branch.",[],0,./2025/ICRA/2025_ICRA_HOVER-Versatile-Neural-Whole-Body-Controller-for-Humanoid/01_overview.md
pr-0148,How Do Images Align and Complement LiDAR? Towards a Harmonized Multi-modal 3D Panoptic Segmentation,2025,ICML,conference,peer_reviewed,3D Vision-Language Understanding,Robotics-enabling 3D perception,ARCHIVE,,method,"{""learning"":[],""interaction"":[],""modality"":[""language"",""lidar"",""rgb""],""control_level"":[],""setting"":[],""embodiment"":[]}",FULL_TEXT_CHECKED,N/A,recorded,identified,paper_specific,https://openreview.net/forum?id=F7BOaYmWl7,not_identified,not_recorded,metric:map,How Do Images Align and Complement LiDAR? Towards a Harmonized Multi-modal 3D Panoptic Segmentation is retained as ARCHIVE because its an algorithmic or policy mechanism around 3D Vision preserves historical or adjacent context for Robotics-enabling 3D perception; it is outside the current robotics-first intensive scope.,Historical or adjacent material retained for search; outside the current intensive scope.,[],0,./2025/ICML/2025_ICML_How-Do-Images-Align-and-Complement-LiDAR-Towards-a-Harmoni/01_overview.md
pr-0663,Human2LocoMan: Learning Versatile Quadrupedal Manipulation with Human Pretraining,2025,RSS,conference,peer_reviewed,"Locomotion, Whole-Body, and Mobile Manipulation","Locomotion, whole-body, mobile manipulation, and humanoids",REFERENCE,,method,"{""learning"":[""imitation_learning""],""interaction"":[""grasping"",""locomotion"",""whole_body""],""modality"":[],""control_level"":[""whole_body""],""setting"":[],""embodiment"":[""arm"",""legged"",""mobile""]}",FULL_TEXT_CHECKED,N/A,recorded,source_only,paper_specific,https://www.roboticsproceedings.org/rss21/p122.html,project_only,not_recorded,code:abf39a29bd7b;metric:success-rate,"Human2LocoMan: Learning Versatile Quadrupedal Manipulation with Human Pretraining is retained as REFERENCE because it provides an algorithmic or policy mechanism around Robotics, quadruped locomotion, loco-manipulation for targeted comparison in Locomotion, whole-body, mobile manipulation, and humanoids; it is not required for the current intensive reading spine.","Important on-demand reference, but not required in the current intensive sequence.",[],0,./2025/RSS/2025_RSS_Human2LocoMan-Learning-Versatile-Quadrupedal-Manipulation/01_overview.md
pr-0221,Identity-aware Language Gaussian Splatting for Open-vocabulary 3D Semantic Segmentation,2025,ICCV,conference,peer_reviewed,Language-Grounded 3D Scene Representations,Robotics-enabling 3D perception,ARCHIVE,,method,"{""learning"":[],""interaction"":[],""modality"":[""language"",""point_cloud"",""rgb""],""control_level"":[],""setting"":[],""embodiment"":[]}",FULL_TEXT_CHECKED,N/A,recorded,source_only,paper_specific,https://openaccess.thecvf.com/content/ICCV2025/html/Jang_Identity-aware_Language_Gaussian_Splatting_for_Open-vocabulary_3D_Semantic_Segmentation_ICCV_2025_paper.html,not_identified,not_recorded,metric:map,"Identity-aware Language Gaussian Splatting for Open-vocabulary 3D Semantic Segmentation is retained as ARCHIVE because its an algorithmic or policy mechanism around 3D Vision, Gaussian Splatting, semantic preserves historical or adjacent context for Robotics-enabling 3D perception; it is outside the current robotics-first intensive scope.",Historical or adjacent material retained for search; outside the current intensive scope.,[],0,./2025/ICCV/2025_ICCV_Identity-aware-Language-Gaussian-Splatting-for-Open-vocabu/01_overview.md
pr-0478,iFusion: Inverting Diffusion for Pose-Free Reconstruction from Sparse Views,2025,3DV,conference,peer_reviewed,3D Generative Modeling,Robotics-enabling 3D perception,ARCHIVE,,method,"{""learning"":[""diffusion""],""interaction"":[],""modality"":[""rgb""],""control_level"":[],""setting"":[],""embodiment"":[]}",FULL_TEXT_CHECKED,N/A,recorded,identified,venue_index,https://3dvconf.github.io/2025/accepted-papers/,not_identified,not_recorded,,"iFusion: Inverting Diffusion for Pose-Free Reconstruction from Sparse Views is retained as ARCHIVE because its an algorithmic or policy mechanism around 3D reconstruction, geometry, Diffusion preserves historical or adjacent context for Robotics-enabling 3D perception; it is outside the current robotics-first intensive scope.",Historical or adjacent material retained for search; outside the current intensive scope.,[],0,./2025/3DV/2025_3DV_iFusion-Inverting-Diffusion-for-Pose-Free-Reconstruction-f/01_overview.md
pr-0230,IGL-Nav: Incremental 3D Gaussian Localization for Image-goal Navigation,2025,ICCV,conference,peer_reviewed,Embodied Navigation and Mapping,Robotics-enabling 3D perception,NEXT,,method,"{""learning"":[],""interaction"":[""navigation""],""modality"":[""point_cloud"",""rgb""],""control_level"":[""state_estimation""],""setting"":[],""embodiment"":[""mobile""]}",FULL_TEXT_CHECKED,UNREAD,recorded,source_only,paper_specific,https://openaccess.thecvf.com/content/ICCV2025/html/Guo_IGL-Nav_Incremental_3D_Gaussian_Localization_for_Image-goal_Navigation_ICCV_2025_paper.html,not_identified,not_recorded,metric:map,"IGL-Nav: Incremental 3D Gaussian Localization for Image-goal Navigation is a NEXT comparison paper because it extends an algorithmic or policy mechanism around 3D Vision, Navigation, Gaussian Splatting in Robotics-enabling 3D perception, exposing a specialized frontier after the shared CORE spine.",Specialized or frontier extension selected after CORE for the Robotics-enabling 3D perception branch.,[],0,./2025/ICCV/2025_ICCV_IGL-Nav-Incremental-3D-Gaussian-Localization-for-Image-goa/01_overview.md
pr-0068,ImagineNav: Prompting Vision-Language Models as Embodied Navigator through Scene Imagination,2025,ICLR,conference,peer_reviewed,Embodied Navigation and Mapping,Robotics-enabling 3D perception,REFERENCE,,method,"{""learning"":[],""interaction"":[""navigation""],""modality"":[""language"",""rgb""],""control_level"":[""state_estimation""],""setting"":[],""embodiment"":[""mobile""]}",FULL_TEXT_CHECKED,N/A,recorded,identified,paper_specific,https://openreview.net/forum?id=vQFw9ryKyK,not_identified,not_recorded,metric:map,"ImagineNav: Prompting Vision-Language Models as Embodied Navigator through Scene Imagination is retained as REFERENCE because it provides an algorithmic or policy mechanism around Vision-Language Model, Robotics, Navigation for targeted comparison in Robotics-enabling 3D perception; it is not required for the current intensive reading spine.","Important on-demand reference, but not required in the current intensive sequence.",[],0,./2025/ICLR/2025_ICLR_ImagineNav-Prompting-Vision-Language-Models-as-Embodied-Na/01_overview.md
pr-0923,Instruction-Augmented Long-Horizon Planning: Embedding Grounding Mechanisms in Embodied Mobile Manipulation,2025,AAAI,conference,peer_reviewed,Planning and Long-Horizon Reasoning,Planning and control,NEXT,,system,"{""learning"":[""optimization_or_planning""],""interaction"":[""grasping""],""modality"":[""language""],""control_level"":[""motion_planning"",""task_planning""],""setting"":[""long_horizon"",""real_robot""],""embodiment"":[""arm"",""mobile""]}",FULL_TEXT_CHECKED,UNREAD,recorded,identified,paper_specific,https://ojs.aaai.org/index.php/AAAI/article/view/33610,not_identified,not_recorded,metric:success-rate,AAAI-25 Intelligent Robotics system that couples language-based planning with grounded predicates and real-time sensor feedback for mobile manipulation.,Specialized or frontier extension selected after CORE for the Planning and control branch.,[],0,./2025/AAAI/2025_AAAI_Instruction-Augmented-Long-Horizon-Planning-Embedding-Grou/01_overview.md
pr-0172,IRef-VLA: A Benchmark for Interactive Referential Grounding with Imperfect Language in 3D Scenes,2025,ICRA,conference,peer_reviewed,Benchmarks and Datasets,VLA and generalist robot policies,REFERENCE,,benchmark_or_dataset,"{""learning"":[""vla""],""interaction"":[],""modality"":[""language"",""rgb""],""control_level"":[""policy""],""setting"":[],""embodiment"":[]}",FULL_TEXT_CHECKED,N/A,recorded,identified,venue_index,https://www.proceedings.com/content/081/081087webtoc.pdf,not_identified,not_recorded,,"IRef-VLA: A Benchmark for Interactive Referential Grounding with Imperfect Language in 3D Scenes is retained as REFERENCE because it provides a benchmark, dataset, or evaluation protocol around VLA, 3D Vision, Benchmark for targeted comparison in VLA and generalist robot policies; it is not required for the current intensive reading spine.","Important on-demand reference, but not required in the current intensive sequence.",[],0,./2025/ICRA/2025_ICRA_IRef-VLA-A-Benchmark-for-Interactive-Referential-Grounding/01_overview.md
pr-0863,Isaac Lab: A GPU-Accelerated Simulation Framework for Multi-Modal Robot Learning,2025,arXiv,preprint,preprint,Benchmarks and Datasets,"RL, IL, offline learning, and robot data",REFERENCE,,benchmark_or_dataset,"{""learning"":[],""interaction"":[],""modality"":[],""control_level"":[""policy""],""setting"":[""simulation""],""embodiment"":[]}",FULL_TEXT_CHECKED,N/A,recorded,source_only,paper_specific,https://research.nvidia.com/labs/prl/publication/isaaclab2025/,project_only,not_recorded,code:8993a5b44bf0,"Orbit을 계승해 RL, imitation, motion generation과 다양한 sensor modality를 통합한 NVIDIA의 현재 robot-learning simulation foundation이다.","Important on-demand reference, but not required in the current intensive sequence.","[{""type"":""extends"",""paper_id"":""pr-0861"",""confidence"":""verified""}]",0,./2025/arXiv/2025_arXiv_Isaac-Lab-A-GPU-Accelerated-Simulation-Framework-for-Multi/01_overview.md
pr-0239,Kestrel: 3D Multimodal LLM for Part-Aware Grounded Description,2025,ICCV,conference,peer_reviewed,3D Vision-Language Understanding,Robotics-enabling 3D perception,ARCHIVE,,method,"{""learning"":[],""interaction"":[],""modality"":[""language"",""rgb""],""control_level"":[],""setting"":[],""embodiment"":[]}",FULL_TEXT_CHECKED,N/A,recorded,source_only,paper_specific,https://openaccess.thecvf.com/content/ICCV2025/html/Ahmed_Kestrel_3D_Multimodal_LLM_for_Part-Aware_Grounded_Description_ICCV_2025_paper.html,not_identified,not_recorded,metric:map,Kestrel: 3D Multimodal LLM for Part-Aware Grounded Description is retained as ARCHIVE because its an algorithmic or policy mechanism around 3D Vision preserves historical or adjacent context for Robotics-enabling 3D perception; it is outside the current robotics-first intensive scope.,Historical or adjacent material retained for search; outside the current intensive scope.,[],0,./2025/ICCV/2025_ICCV_Kestrel-3D-Multimodal-LLM-for-Part-Aware-Grounded-Descript/01_overview.md
pr-0879,Kinodynamic Trajectory Following with STELA: Simultaneous Trajectory Estimation & Local Adaptation,2025,RSS,conference,peer_reviewed,Robotics Foundations: Planning and Control,Planning and control,NEXT,,foundation,"{""learning"":[""optimization_or_planning""],""interaction"":[],""modality"":[],""control_level"":[""feedback_control"",""motion_planning"",""state_estimation""],""setting"":[],""embodiment"":[""mobile""]}",FULL_TEXT_CHECKED,UNREAD,recorded,identified,paper_specific,https://www.roboticsproceedings.org/rss21/p008.html,project_only,not_recorded,code:2156d1ff0190,"RSS 2025 planning/control paper that closes the gap between planned kinodynamic trajectories, noisy state estimation, and online collision-aware adaptation.",Specialized or frontier extension selected after CORE for the Planning and control branch.,[],0,./2025/RSS/2025_RSS_Kinodynamic-Trajectory-Following-with-STELA-Simultaneous-T/01_overview.md
pr-0117,"Knowledge Insulating Vision-Language-Action Models: Train Fast, Run Fast, Generalize Better",2025,NeurIPS,conference,peer_reviewed,VLA and Generalist Robot Policies,VLA and generalist robot policies,REFERENCE,,method,"{""learning"":[""vla""],""interaction"":[],""modality"":[""language"",""rgb""],""control_level"":[""policy""],""setting"":[],""embodiment"":[]}",FULL_TEXT_CHECKED,N/A,recorded,identified,paper_specific,https://openreview.net/forum?id=cb0xbZ3APM,not_identified,not_recorded,benchmark:libero;metric:success-rate,"Knowledge Insulating Vision-Language-Action Models: Train Fast, Run Fast, Generalize Better is retained as REFERENCE because it provides an algorithmic or policy mechanism around VLA, Vision-Language Model, Robotics for targeted comparison in VLA and generalist robot policies; it is not required for the current intensive reading spine.","Important on-demand reference, but not required in the current intensive sequence.",[],0,./2025/NeurIPS/2025_NeurIPS_Knowledge-Insulating-Vision-Language-Action-Models-Train-F/01_overview.md
pr-0417,LaGeM: A Large Geometry Model for 3D Representation Learning and Diffusion,2025,ICLR,conference,peer_reviewed,3D Generative Modeling,Robotics-enabling 3D perception,REFERENCE,,method,"{""learning"":[""diffusion""],""interaction"":[],""modality"":[""rgb""],""control_level"":[],""setting"":[],""embodiment"":[]}",FULL_TEXT_CHECKED,N/A,recorded,identified,paper_specific,https://openreview.net/forum?id=72OSO38a2z,not_identified,not_recorded,,"LaGeM: A Large Geometry Model for 3D Representation Learning and Diffusion is retained as REFERENCE because it provides an algorithmic or policy mechanism around Diffusion, Generation, 3D Vision for targeted comparison in Robotics-enabling 3D perception; it is not required for the current intensive reading spine.","Important on-demand reference, but not required in the current intensive sequence.",[],0,./2025/ICLR/2025_ICLR_LaGeM-A-Large-Geometry-Model-for-3D-Representation-Learnin/01_overview.md
pr-0474,LangOcc: Open Vocabulary Occupancy Estimation via Volume Rendering,2025,3DV,conference,peer_reviewed,Autonomous 3D Perception and Sensor Fusion,Robotics-enabling 3D perception,REFERENCE,,method,"{""learning"":[],""interaction"":[],""modality"":[""lidar"",""rgb""],""control_level"":[""state_estimation""],""setting"":[],""embodiment"":[]}",FULL_TEXT_CHECKED,N/A,recorded,identified,venue_index,https://3dvconf.github.io/2025/accepted-papers/,not_identified,not_recorded,benchmark:nuscenes;metric:map;metric:miou,"LangOcc: Open Vocabulary Occupancy Estimation via Volume Rendering is retained as REFERENCE because it provides an algorithmic or policy mechanism around sensor fusion, LiDAR, 3D Vision for targeted comparison in Robotics-enabling 3D perception; it is not required for the current intensive reading spine.","Important on-demand reference, but not required in the current intensive sequence.",[],0,./2025/3DV/2025_3DV_LangOcc-Open-Vocabulary-Occupancy-Estimation-via-Volume-Re/01_overview.md
pr-0231,LangScene-X: Reconstruct Generalizable 3D Language-Embedded Scenes with TriMap Video Diffusion,2025,ICCV,conference,peer_reviewed,3D Vision-Language Understanding,Robotics-enabling 3D perception,ARCHIVE,,method,"{""learning"":[""diffusion""],""interaction"":[],""modality"":[""language"",""rgb"",""video""],""control_level"":[],""setting"":[],""embodiment"":[]}",FULL_TEXT_CHECKED,N/A,recorded,source_only,paper_specific,https://openaccess.thecvf.com/content/ICCV2025/html/Liu_LangScene-X_Reconstruct_Generalizable_3D_Language-Embedded_Scenes_with_TriMap_Video_Diffusion_ICCV_2025_paper.html,not_identified,not_recorded,metric:map,"LangScene-X: Reconstruct Generalizable 3D Language-Embedded Scenes with TriMap Video Diffusion is retained as ARCHIVE because its an algorithmic or policy mechanism around 3D Vision, Diffusion preserves historical or adjacent context for Robotics-enabling 3D perception; it is outside the current robotics-first intensive scope.",Historical or adjacent material retained for search; outside the current intensive scope.,[],0,./2025/ICCV/2025_ICCV_LangScene-X-Reconstruct-Generalizable-3D-Language-Embedded/01_overview.md
pr-0606,LangWBC: Language-Directed Humanoid Whole-Body Control via End-to-End Learning,2025,RSS,conference,peer_reviewed,"Locomotion, Whole-Body, and Mobile Manipulation","Locomotion, whole-body, mobile manipulation, and humanoids",NEXT,,method,"{""learning"":[],""interaction"":[""grasping"",""locomotion"",""whole_body""],""modality"":[""language""],""control_level"":[""feedback_control"",""policy"",""whole_body""],""setting"":[],""embodiment"":[""arm"",""humanoid"",""mobile""]}",FULL_TEXT_CHECKED,UNREAD,recorded,source_only,paper_specific,https://www.roboticsproceedings.org/rss21/p065.html,project_only,not_recorded,code:06d430072a3b;metric:success-rate,"LangWBC: Language-Directed Humanoid Whole-Body Control via End-to-End Learning is a NEXT comparison paper because it extends an algorithmic or policy mechanism around Robotics, humanoid, whole-body control in Locomotion, whole-body, mobile manipulation, and humanoids, exposing a specialized frontier after the shared CORE spine.","Specialized or frontier extension selected after CORE for the Locomotion, whole-body, mobile manipulation, and humanoids branch.",[],0,./2025/RSS/2025_RSS_LangWBC-Language-Directed-Humanoid-Whole-Body-Control-via/01_overview.md
pr-0938,Latent Action Pretraining from Videos,2025,ICLR,conference,peer_reviewed,VLA and Generalist Robot Policies,VLA and generalist robot policies,NEXT,,method,"{""learning"":[""vla""],""interaction"":[],""modality"":[""language"",""video""],""control_level"":[""policy""],""setting"":[],""embodiment"":[]}",FULL_TEXT_CHECKED,UNREAD,recorded,identified,paper_specific,https://proceedings.iclr.cc/paper_files/paper/2025/hash/45d74e190008c7bff2845ffc8e3facd3-Abstract-Conference.html,not_identified,not_recorded,,ground-truth robot action label 없는 internet-scale video에서 latent action을 학습해 VLA pretraining으로 연결하는 핵심 2025 trend다.,Specialized or frontier extension selected after CORE for the VLA and generalist robot policies branch.,[],0,./2025/ICLR/2025_ICLR_Latent-Action-Pretraining-from-Videos/01_overview.md
pr-0175,LE-Object: Language Embedded Object-Level Neural Radiance Fields for Open-Vocabulary Scene,2025,ICRA,conference,peer_reviewed,Language-Grounded 3D Scene Representations,Robotics-enabling 3D perception,ARCHIVE,,method,"{""learning"":[],""interaction"":[],""modality"":[""language""],""control_level"":[],""setting"":[],""embodiment"":[]}",FULL_TEXT_CHECKED,N/A,recorded,identified,venue_index,https://www.proceedings.com/content/081/081087webtoc.pdf,not_identified,not_recorded,metric:map,LE-Object: Language Embedded Object-Level Neural Radiance Fields for Open-Vocabulary Scene is retained as ARCHIVE because its an algorithmic or policy mechanism around semantic preserves historical or adjacent context for Robotics-enabling 3D perception; it is outside the current robotics-first intensive scope.,Historical or adjacent material retained for search; outside the current intensive scope.,[],0,./2025/ICRA/2025_ICRA_LE-Object-Language-Embedded-Object-Level-Neural-Radiance-F/01_overview.md
pr-0877,Learned Perceptive Forward Dynamics Model for Safe and Platform-aware Robotic Navigation,2025,RSS,conference,peer_reviewed,"World Models, Safety, and Recovery","World models, safety, uncertainty, and recovery",NEXT,,method,"{""learning"":[""world_model""],""interaction"":[""locomotion"",""navigation""],""modality"":[],""control_level"":[""feedback_control"",""safety_or_recovery""],""setting"":[""sim_to_real""],""embodiment"":[""legged"",""mobile""]}",FULL_TEXT_CHECKED,UNREAD,recorded,identified,paper_specific,https://www.roboticsproceedings.org/rss21/p001.html,released,not_recorded,code:fd28e0b973ee,RSS 2025 learned dynamics and MPPI bridge that makes perceptual state prediction part of a platform-aware navigation control loop.,"Specialized or frontier extension selected after CORE for the World models, safety, uncertainty, and recovery branch.",[],0,./2025/RSS/2025_RSS_Learned-Perceptive-Forward-Dynamics-Model-for-Safe-and-Pla/01_overview.md
pr-0394,Learning 3D Object Spatial Relationships from Pre-trained 2D Diffusion Models,2025,ICCV,conference,peer_reviewed,3D Generative Modeling,Robotics-enabling 3D perception,ARCHIVE,,method,"{""learning"":[""diffusion""],""interaction"":[],""modality"":[""rgb""],""control_level"":[],""setting"":[],""embodiment"":[]}",FULL_TEXT_CHECKED,N/A,recorded,source_only,paper_specific,https://openaccess.thecvf.com/content/ICCV2025/html/Baik_Learning_3D_Object_Spatial_Relationships_from_Pre-trained_2D_Diffusion_Models_ICCV_2025_paper.html,not_identified,not_recorded,,"Learning 3D Object Spatial Relationships from Pre-trained 2D Diffusion Models is retained as ARCHIVE because its an algorithmic or policy mechanism around Diffusion, Generation, 3D Vision preserves historical or adjacent context for Robotics-enabling 3D perception; it is outside the current robotics-first intensive scope.",Historical or adjacent material retained for search; outside the current intensive scope.,[],0,./2025/ICCV/2025_ICCV_Learning-3D-Object-Spatial-Relationships-from-Pre-trained/01_overview.md
pr-0081,Learning Geometric Reasoning Networks For Robot Task And Motion Planning,2025,ICLR,conference,peer_reviewed,VLA and Generalist Robot Policies,VLA and generalist robot policies,REFERENCE,,method,"{""learning"":[""optimization_or_planning"",""vla""],""interaction"":[],""modality"":[""language""],""control_level"":[""motion_planning"",""policy""],""setting"":[],""embodiment"":[]}",FULL_TEXT_CHECKED,N/A,recorded,identified,paper_specific,https://openreview.net/forum?id=ajxAJ8GUX4,not_identified,not_recorded,metric:success-rate,"Learning Geometric Reasoning Networks For Robot Task And Motion Planning is retained as REFERENCE because it provides an algorithmic or policy mechanism around Robotics, Graph Reasoning for targeted comparison in VLA and generalist robot policies; it is not required for the current intensive reading spine.","Important on-demand reference, but not required in the current intensive sequence.",[],0,./2025/ICLR/2025_ICLR_Learning-Geometric-Reasoning-Networks-For-Robot-Task-And-M/01_overview.md
pr-0605,Learning Humanoid Standing-up Control across Diverse Postures,2025,RSS,conference,peer_reviewed,"Locomotion, Whole-Body, and Mobile Manipulation","World models, safety, uncertainty, and recovery",REFERENCE,,method,"{""learning"":[],""interaction"":[""grasping"",""locomotion"",""whole_body""],""modality"":[],""control_level"":[""feedback_control"",""safety_or_recovery"",""whole_body""],""setting"":[""sim_to_real""],""embodiment"":[""arm"",""humanoid"",""mobile""]}",FULL_TEXT_CHECKED,N/A,recorded,source_only,paper_specific,https://www.roboticsproceedings.org/rss21/p064.html,project_only,not_recorded,code:d4711c63c05f;metric:success-rate,"Learning Humanoid Standing-up Control across Diverse Postures is retained as REFERENCE because it provides an algorithmic or policy mechanism around Robotics, humanoid, standing up for targeted comparison in World models, safety, uncertainty, and recovery; it is not required for the current intensive reading spine.","Important on-demand reference, but not required in the current intensive sequence.",[],0,./2025/RSS/2025_RSS_Learning-Humanoid-Standing-up-Control-across-Diverse-Postu/01_overview.md
pr-0882,Learning to Act Anywhere with Task-centric Latent Actions,2025,RSS,conference,peer_reviewed,VLA and Generalist Robot Policies,VLA and generalist robot policies,NEXT,,method,"{""learning"":[""vla""],""interaction"":[],""modality"":[""language"",""video""],""control_level"":[""policy""],""setting"":[],""embodiment"":[]}",FULL_TEXT_CHECKED,UNREAD,recorded,identified,paper_specific,https://www.roboticsproceedings.org/rss21/p014.html,released,not_recorded,code:12d3de8cb669,RSS 2025 cross-embodiment VLA line that treats task-centric latent actions as the bridge from human video to robot-specific control.,Specialized or frontier extension selected after CORE for the VLA and generalist robot policies branch.,[],0,./2025/RSS/2025_RSS_Learning-to-Act-Anywhere-with-Task-centric-Latent-Actions/01_overview.md
pr-0388,Liberated-GS: 3D Gaussian Splatting Independent from SfM Point Clouds,2025,ICCV,conference,peer_reviewed,"3D Geometry, Registration, and Equivariance",Robotics-enabling 3D perception,ARCHIVE,,method,"{""learning"":[],""interaction"":[],""modality"":[""point_cloud"",""rgb""],""control_level"":[],""setting"":[],""embodiment"":[]}",FULL_TEXT_CHECKED,N/A,recorded,source_only,paper_specific,https://openaccess.thecvf.com/content/ICCV2025/html/Pan_Liberated-GS_3D_Gaussian_Splatting_Independent_from_SfM_Point_Clouds_ICCV_2025_paper.html,not_identified,not_recorded,metric:lpips;metric:map,"Liberated-GS: 3D Gaussian Splatting Independent from SfM Point Clouds is retained as ARCHIVE because its an algorithmic or policy mechanism around Gaussian Splatting, geometry, point cloud preserves historical or adjacent context for Robotics-enabling 3D perception; it is outside the current robotics-first intensive scope.",Historical or adjacent material retained for search; outside the current intensive scope.,[],0,./2025/ICCV/2025_ICCV_Liberated-GS-3D-Gaussian-Splatting-Independent-from-SfM-Po/01_overview.md
pr-0780,Lift3D Policy: Lifting 2D Foundation Models for Robust 3D Robotic Manipulation,2025,CVPR,conference,peer_reviewed,VLA and Generalist Robot Policies,VLA and generalist robot policies,REFERENCE,,foundation,"{""learning"":[""vla""],""interaction"":[""grasping""],""modality"":[""language"",""rgb""],""control_level"":[""policy""],""setting"":[],""embodiment"":[""arm""]}",FULL_TEXT_CHECKED,N/A,recorded,source_only,paper_specific,https://openaccess.thecvf.com/content/CVPR2025/html/Jia_Lift3D_Policy_Lifting_2D_Foundation_Models_for_Robust_3D_Robotic_CVPR_2025_paper.html,not_identified,not_recorded,metric:success-rate,"Lift3D Policy: Lifting 2D Foundation Models for Robust 3D Robotic Manipulation is retained as REFERENCE because it provides a reusable formulation or system primitive around 3D Vision, foundation model, Robotics for targeted comparison in VLA and generalist robot policies; it is not required for the current intensive reading spine.","Important on-demand reference, but not required in the current intensive sequence.",[],0,./2025/CVPR/2025_CVPR_Lift3D-Policy-Lifting-2D-Foundation-Models-for-Robust-3D-R/01_overview.md
pr-0344,Light Transport-aware Diffusion Posterior Sampling for Single-View Reconstruction of 3D Volumes,2025,CVPR,conference,peer_reviewed,3D Generative Modeling,Robotics-enabling 3D perception,ARCHIVE,,method,"{""learning"":[""diffusion""],""interaction"":[],""modality"":[""rgb""],""control_level"":[],""setting"":[],""embodiment"":[]}",FULL_TEXT_CHECKED,N/A,recorded,source_only,paper_specific,https://openaccess.thecvf.com/content/CVPR2025/html/Leonard_Light_Transport-aware_Diffusion_Posterior_Sampling_for_Single-View_Reconstruction_of_3D_CVPR_2025_paper.html,not_identified,not_recorded,,"Light Transport-aware Diffusion Posterior Sampling for Single-View Reconstruction of 3D Volumes is retained as ARCHIVE because its an algorithmic or policy mechanism around 3D reconstruction, Diffusion, Generation preserves historical or adjacent context for Robotics-enabling 3D perception; it is outside the current robotics-first intensive scope.",Historical or adjacent material retained for search; outside the current intensive scope.,[],0,./2025/CVPR/2025_CVPR_Light-Transport-aware-Diffusion-Posterior-Sampling-for-Sin/01_overview.md
pr-0240,LIRA: Reasoning Reconstruction via Multimodal Large Language Models,2025,ICCV,conference,peer_reviewed,3D Vision-Language Understanding,Robotics-enabling 3D perception,ARCHIVE,,method,"{""learning"":[],""interaction"":[],""modality"":[""language"",""rgb""],""control_level"":[],""setting"":[],""embodiment"":[]}",FULL_TEXT_CHECKED,N/A,recorded,source_only,paper_specific,https://openaccess.thecvf.com/content/ICCV2025/html/Zhou_LIRA_Reasoning_Reconstruction_via_Multimodal_Large_Language_Models_ICCV_2025_paper.html,not_identified,not_recorded,metric:map,"LIRA: Reasoning Reconstruction via Multimodal Large Language Models is retained as ARCHIVE because its an algorithmic or policy mechanism around 3D Vision, Vision-Language preserves historical or adjacent context for Robotics-enabling 3D perception; it is outside the current robotics-first intensive scope.",Historical or adjacent material retained for search; outside the current intensive scope.,[],0,./2025/ICCV/2025_ICCV_LIRA-Reasoning-Reconstruction-via-Multimodal-Large-Languag/01_overview.md
pr-0282,LiV-GS: LiDAR-Vision Integration for 3D Gaussian Splatting SLAM in Outdoor Environments,2025,IROS,conference,peer_reviewed,Language-Grounded 3D Scene Representations,Robotics-enabling 3D perception,ARCHIVE,,method,"{""learning"":[],""interaction"":[""navigation""],""modality"":[""language"",""lidar"",""point_cloud"",""rgb""],""control_level"":[""state_estimation""],""setting"":[],""embodiment"":[]}",FULL_TEXT_CHECKED,N/A,recorded,identified,paper_specific,https://arxiv.org/abs/2411.12185,not_identified,not_recorded,metric:map,"LiV-GS: LiDAR-Vision Integration for 3D Gaussian Splatting SLAM in Outdoor Environments is retained as ARCHIVE because its an algorithmic or policy mechanism around 3D Vision, Gaussian Splatting preserves historical or adjacent context for Robotics-enabling 3D perception; it is outside the current robotics-first intensive scope.",Historical or adjacent material retained for search; outside the current intensive scope.,[],0,./2025/IROS/2025_IROS_LiV-GS-LiDAR-Vision-Integration-for-3D-Gaussian-Splatting/01_overview.md
pr-0072,LLaRA: Supercharging Robot Learning Data for Vision-Language Policy,2025,ICLR,conference,peer_reviewed,VLA and Generalist Robot Policies,VLA and generalist robot policies,REFERENCE,,method,"{""learning"":[""vla""],""interaction"":[],""modality"":[""language"",""rgb""],""control_level"":[""policy""],""setting"":[],""embodiment"":[]}",FULL_TEXT_CHECKED,N/A,recorded,identified,paper_specific,https://openreview.net/forum?id=iVxxgZlXh6,not_identified,not_recorded,metric:success-rate,"LLaRA: Supercharging Robot Learning Data for Vision-Language Policy is retained as REFERENCE because it provides an algorithmic or policy mechanism around Vision-Language Model, Robotics for targeted comparison in VLA and generalist robot policies; it is not required for the current intensive reading spine.","Important on-demand reference, but not required in the current intensive sequence.",[],0,./2025/ICLR/2025_ICLR_LLaRA-Supercharging-Robot-Learning-Data-for-Vision-Languag/01_overview.md
pr-0147,LOCATE 3D: Real-World Object Localization via Self-Supervised Learning in 3D,2025,ICML,conference,peer_reviewed,3D Vision-Language Understanding,"RL, IL, offline learning, and robot data",REFERENCE,,method,"{""learning"":[""reinforcement_learning"",""self_supervised""],""interaction"":[""contact_rich""],""modality"":[""force_torque"",""language"",""rgb""],""control_level"":[],""setting"":[""real_robot""],""embodiment"":[]}",FULL_TEXT_CHECKED,N/A,recorded,identified,paper_specific,https://openreview.net/forum?id=FKi6yjXwCN,not_identified,not_recorded,metric:map,"LOCATE 3D: Real-World Object Localization via Self-Supervised Learning in 3D is retained as REFERENCE because it provides an algorithmic or policy mechanism around 3D Vision, Reinforcement Learning for targeted comparison in RL, IL, offline learning, and robot data; it is not required for the current intensive reading spine.","Important on-demand reference, but not required in the current intensive sequence.",[],0,./2025/ICML/2025_ICML_LOCATE-3D-Real-World-Object-Localization-via-Self-Supervis/01_overview.md
pr-0059,Long-VLA: Unleashing Long-Horizon Capability of Vision Language Action Model for Robot Manipulation,2025,CoRL,conference,peer_reviewed,VLA and Generalist Robot Policies,VLA and generalist robot policies,NEXT,,method,"{""learning"":[""optimization_or_planning"",""vla""],""interaction"":[""grasping""],""modality"":[""language"",""rgb""],""control_level"":[""policy""],""setting"":[""long_horizon""],""embodiment"":[""arm""]}",FULL_TEXT_CHECKED,UNREAD,recorded,source_only,paper_specific,https://proceedings.mlr.press/v305/fan25a.html,not_identified,not_recorded,benchmark:calvin;metric:success-rate,"Long-VLA: Unleashing Long-Horizon Capability of Vision Language Action Model for Robot Manipulation is a NEXT comparison paper because it extends an algorithmic or policy mechanism around VLA, Planning, Robotics in VLA and generalist robot policies, exposing a specialized frontier after the shared CORE spine.",Specialized or frontier extension selected after CORE for the VLA and generalist robot policies branch.,[],0,./2025/CoRL/2025_CoRL_Long-VLA-Unleashing-Long-Horizon-Capability-of-Vision-Lang/01_overview.md
pr-0471,LoopSplat: Loop Closure by Registering 3D Gaussian Splats,2025,3DV,conference,peer_reviewed,Neural Scene Representations,Robotics-enabling 3D perception,ARCHIVE,,method,"{""learning"":[],""interaction"":[],""modality"":[""point_cloud"",""rgb""],""control_level"":[],""setting"":[],""embodiment"":[]}",FULL_TEXT_CHECKED,N/A,recorded,identified,venue_index,https://3dvconf.github.io/2025/accepted-papers/,not_identified,not_recorded,metric:map,"LoopSplat: Loop Closure by Registering 3D Gaussian Splats is retained as ARCHIVE because its an algorithmic or policy mechanism around Gaussian Splatting, 3D Vision preserves historical or adjacent context for Robotics-enabling 3D perception; it is outside the current robotics-first intensive scope.",Historical or adjacent material retained for search; outside the current intensive scope.,[],0,./2025/3DV/2025_3DV_LoopSplat-Loop-Closure-by-Registering-3D-Gaussian-Splats/01_overview.md
pr-0481,LSSInst: Improving Geometric Modeling in LSS-Based BEV Perception with Instance Representation,2025,3DV,conference,peer_reviewed,Autonomous 3D Perception and Sensor Fusion,Robotics-enabling 3D perception,ARCHIVE,,method,"{""learning"":[],""interaction"":[],""modality"":[""lidar"",""rgb""],""control_level"":[""state_estimation""],""setting"":[],""embodiment"":[]}",FULL_TEXT_CHECKED,N/A,recorded,identified,venue_index,https://3dvconf.github.io/2025/accepted-papers/,not_identified,not_recorded,metric:map,"LSSInst: Improving Geometric Modeling in LSS-Based BEV Perception with Instance Representation is retained as ARCHIVE because its an algorithmic or policy mechanism around sensor fusion, LiDAR, 3D Vision preserves historical or adjacent context for Robotics-enabling 3D perception; it is outside the current robotics-first intensive scope.",Historical or adjacent material retained for search; outside the current intensive scope.,[],0,./2025/3DV/2025_3DV_LSSInst-Improving-Geometric-Modeling-in-LSS-Based-BEV-Perc/01_overview.md
pr-0250,Mamba-3VL: Taming State Space Model for 3D Vision Language Learning,2025,ICCV,conference,peer_reviewed,3D Vision-Language Understanding,Robotics-enabling 3D perception,ARCHIVE,,method,"{""learning"":[],""interaction"":[],""modality"":[""language"",""rgb""],""control_level"":[],""setting"":[],""embodiment"":[]}",FULL_TEXT_CHECKED,N/A,recorded,source_only,paper_specific,https://openaccess.thecvf.com/content/ICCV2025/html/Wang_Mamba-3VL_Taming_State_Space_Model_for_3D_Vision_Language_Learning_ICCV_2025_paper.html,not_identified,not_recorded,metric:map,Mamba-3VL: Taming State Space Model for 3D Vision Language Learning is retained as ARCHIVE because its an algorithmic or policy mechanism around 3D Vision preserves historical or adjacent context for Robotics-enabling 3D perception; it is outside the current robotics-first intensive scope.,Historical or adjacent material retained for search; outside the current intensive scope.,[],0,./2025/ICCV/2025_ICCV_Mamba-3VL-Taming-State-Space-Model-for-3D-Vision-Language/01_overview.md
pr-0583,ManiSkill-HAB: A Benchmark for Low-Level Manipulation in Home Rearrangement Tasks,2025,ICLR,conference,peer_reviewed,Robot Learning and Data,"Manipulation, contact, tactile, and dexterity",REFERENCE,,benchmark_or_dataset,"{""learning"":[""reinforcement_learning""],""interaction"":[""contact_rich"",""grasping""],""modality"":[""force_torque""],""control_level"":[""policy""],""setting"":[""simulation""],""embodiment"":[""arm""]}",FULL_TEXT_CHECKED,N/A,recorded,identified,paper_specific,https://openreview.net/forum?id=6bKEWevgSd,not_identified,not_recorded,,"ManiSkill-HAB: A Benchmark for Low-Level Manipulation in Home Rearrangement Tasks is retained as REFERENCE because it provides a benchmark, dataset, or evaluation protocol around Robotics, Benchmark, home rearrangement for targeted comparison in Manipulation, contact, tactile, and dexterity; it is not required for the current intensive reading spine.","Important on-demand reference, but not required in the current intensive sequence.",[],0,./2025/ICLR/2025_ICLR_ManiSkill-HAB-A-Benchmark-for-Low-Level-Manipulation-in-Ho/01_overview.md
pr-0909,Manual2Skill: Learning to Read Manuals and Acquire Robotic Skills for Furniture Assembly Using Vision-Language Models,2025,RSS,conference,peer_reviewed,VLA and Generalist Robot Policies,VLA and generalist robot policies,NEXT,,method,"{""learning"":[""optimization_or_planning"",""vla""],""interaction"":[""assembly""],""modality"":[""language"",""rgb""],""control_level"":[""policy"",""task_planning""],""setting"":[""long_horizon""],""embodiment"":[""arm""]}",FULL_TEXT_CHECKED,UNREAD,recorded,identified,paper_specific,https://www.roboticsproceedings.org/rss21/p150.html,project_only,not_recorded,code:aa26712eaffd;metric:success-rate,"RSS 2025 long-horizon VLM-to-TAMP system that translates abstract assembly manuals into part relations, 6D poses, and executable robot plans.",Specialized or frontier extension selected after CORE for the VLA and generalist robot policies branch.,[],0,./2025/RSS/2025_RSS_Manual2Skill-Learning-to-Read-Manuals-and-Acquire-Robotic/01_overview.md
pr-0891,Map Space Belief Prediction for Manipulation-Enhanced Mapping,2025,RSS,conference,peer_reviewed,"World Models, Safety, and Recovery","World models, safety, uncertainty, and recovery",NEXT,,method,"{""learning"":[""world_model""],""interaction"":[""grasping"",""navigation""],""modality"":[],""control_level"":[""safety_or_recovery"",""state_estimation""],""setting"":[],""embodiment"":[""arm""]}",FULL_TEXT_CHECKED,UNREAD,recorded,identified,paper_specific,https://www.roboticsproceedings.org/rss21/p039.html,not_identified,not_recorded,metric:map,RSS 2025 active-perception paper that puts calibrated belief updates over metric-semantic maps inside a manipulation-aware POMDP.,"Specialized or frontier extension selected after CORE for the World models, safety, uncertainty, and recovery branch.",[],0,./2025/RSS/2025_RSS_Map-Space-Belief-Prediction-for-Manipulation-Enhanced-Mapp/01_overview.md
pr-0467,MASt3R-SfM: a Fully-Integrated Solution for Unconstrained Structure-from-Motion,2025,3DV,conference,peer_reviewed,"3D Geometry, Registration, and Equivariance",Robotics-enabling 3D perception,REFERENCE,,method,"{""learning"":[],""interaction"":[],""modality"":[""point_cloud"",""rgb""],""control_level"":[],""setting"":[],""embodiment"":[]}",FULL_TEXT_CHECKED,N/A,recorded,identified,venue_index,https://3dvconf.github.io/2025/accepted-papers/,not_identified,not_recorded,metric:map,"MASt3R-SfM: a Fully-Integrated Solution for Unconstrained Structure-from-Motion is retained as REFERENCE because it provides an algorithmic or policy mechanism around geometry, 3D Vision for targeted comparison in Robotics-enabling 3D perception; it is not required for the current intensive reading spine.","Important on-demand reference, but not required in the current intensive sequence.",[],0,./2025/3DV/2025_3DV_MASt3R-SfM-a-Fully-Integrated-Solution-for-Unconstrained-S/01_overview.md
pr-0683,Mastering Diverse Domains through World Models,2025,Nature,journal,peer_reviewed,"World Models, Safety, and Recovery","World models, safety, uncertainty, and recovery",NEXT,,method,"{""learning"":[""reinforcement_learning"",""world_model""],""interaction"":[""contact_rich""],""modality"":[""force_torque""],""control_level"":[""safety_or_recovery""],""setting"":[],""embodiment"":[]}",FULL_TEXT_CHECKED,UNREAD,recorded,identified,paper_specific,https://arxiv.org/abs/2301.04104,project_only,not_recorded,code:64250bc83bcb,"Mastering Diverse Domains through World Models is a NEXT comparison paper because it extends an algorithmic or policy mechanism around Robotics, world model, generalist reinforcement learning in World models, safety, uncertainty, and recovery, exposing a specialized frontier after the shared CORE spine.","Specialized or frontier extension selected after CORE for the World models, safety, uncertainty, and recovery branch.",[],0,./2025/Nature/2025_Nature_Mastering-Diverse-Domains-through-World-Models/01_overview.md
pr-0251,MeshLLM: Empowering Large Language Models to Progressively Understand and Generate 3D Mesh,2025,ICCV,conference,peer_reviewed,3D Vision-Language Understanding,Robotics-enabling 3D perception,ARCHIVE,,method,"{""learning"":[],""interaction"":[],""modality"":[""language"",""rgb""],""control_level"":[],""setting"":[],""embodiment"":[]}",FULL_TEXT_CHECKED,N/A,recorded,source_only,paper_specific,https://openaccess.thecvf.com/content/ICCV2025/html/Fang_MeshLLM_Empowering_Large_Language_Models_to_Progressively_Understand_and_Generate_ICCV_2025_paper.html,not_identified,not_recorded,metric:map,MeshLLM: Empowering Large Language Models to Progressively Understand and Generate 3D Mesh is retained as ARCHIVE because its an algorithmic or policy mechanism around 3D Vision preserves historical or adjacent context for Robotics-enabling 3D perception; it is outside the current robotics-first intensive scope.,Historical or adjacent material retained for search; outside the current intensive scope.,[],0,./2025/ICCV/2025_ICCV_MeshLLM-Empowering-Large-Language-Models-to-Progressively/01_overview.md
pr-0380,MGSR: 2D/3D Mutual-boosted Gaussian Splatting for High-fidelity Surface Reconstruction under Various Light Conditions,2025,ICCV,conference,peer_reviewed,Neural Scene Representations,Robotics-enabling 3D perception,ARCHIVE,,method,"{""learning"":[],""interaction"":[],""modality"":[""point_cloud"",""rgb""],""control_level"":[],""setting"":[],""embodiment"":[]}",FULL_TEXT_CHECKED,N/A,recorded,source_only,paper_specific,https://openaccess.thecvf.com/content/ICCV2025/html/Zhou_MGSR_2D3D_Mutual-boosted_Gaussian_Splatting_for_High-fidelity_Surface_Reconstruction_under_ICCV_2025_paper.html,not_identified,not_recorded,metric:map,"MGSR: 2D/3D Mutual-boosted Gaussian Splatting for High-fidelity Surface Reconstruction under Various Light Conditions is retained as ARCHIVE because its an algorithmic or policy mechanism around Gaussian Splatting, 3D reconstruction, 3D Vision preserves historical or adjacent context for Robotics-enabling 3D perception; it is outside the current robotics-first intensive scope.",Historical or adjacent material retained for search; outside the current intensive scope.,[],0,./2025/ICCV/2025_ICCV_MGSR-2D-3D-Mutual-boosted-Gaussian-Splatting-for-High-fide/01_overview.md
pr-0170,MiniVLN: Efficient Vision-And-Language Navigation by Progressive Knowledge Distillation,2025,ICRA,conference,peer_reviewed,Embodied Navigation and Mapping,Robotics-enabling 3D perception,REFERENCE,,method,"{""learning"":[],""interaction"":[""navigation""],""modality"":[""language"",""rgb""],""control_level"":[""state_estimation""],""setting"":[],""embodiment"":[""mobile""]}",FULL_TEXT_CHECKED,N/A,recorded,identified,venue_index,https://www.proceedings.com/content/081/081087webtoc.pdf,not_identified,not_recorded,benchmark:r2r;metric:map,MiniVLN: Efficient Vision-And-Language Navigation by Progressive Knowledge Distillation is retained as REFERENCE because it provides an algorithmic or policy mechanism around Navigation for targeted comparison in Robotics-enabling 3D perception; it is not required for the current intensive reading spine.,"Important on-demand reference, but not required in the current intensive sequence.",[],0,./2025/ICRA/2025_ICRA_MiniVLN-Efficient-Vision-And-Language-Navigation-by-Progre/01_overview.md
pr-0241,MM-Spatial: Exploring 3D Spatial Understanding in Multimodal LLMs,2025,ICCV,conference,peer_reviewed,3D Vision-Language Understanding,Robotics-enabling 3D perception,ARCHIVE,,method,"{""learning"":[],""interaction"":[],""modality"":[""language"",""rgb""],""control_level"":[],""setting"":[],""embodiment"":[]}",FULL_TEXT_CHECKED,N/A,recorded,source_only,paper_specific,https://openaccess.thecvf.com/content/ICCV2025/html/Daxberger_MM-Spatial_Exploring_3D_Spatial_Understanding_in_Multimodal_LLMs_ICCV_2025_paper.html,not_identified,not_recorded,metric:map,MM-Spatial: Exploring 3D Spatial Understanding in Multimodal LLMs is retained as ARCHIVE because its an algorithmic or policy mechanism around 3D Vision preserves historical or adjacent context for Robotics-enabling 3D perception; it is outside the current robotics-first intensive scope.,Historical or adjacent material retained for search; outside the current intensive scope.,[],0,./2025/ICCV/2025_ICCV_MM-Spatial-Exploring-3D-Spatial-Understanding-in-Multimoda/01_overview.md
pr-0060,MoTo: A Zero-shot Plug-in Interaction-aware Navigation for General Mobile Manipulation,2025,CoRL,conference,peer_reviewed,Embodied Navigation and Mapping,"Locomotion, whole-body, mobile manipulation, and humanoids",REFERENCE,,method,"{""learning"":[],""interaction"":[""grasping"",""navigation""],""modality"":[],""control_level"":[""state_estimation""],""setting"":[],""embodiment"":[""arm"",""mobile""]}",FULL_TEXT_CHECKED,N/A,recorded,source_only,paper_specific,https://proceedings.mlr.press/v305/wu25c.html,not_identified,not_recorded,metric:success-rate,"MoTo: A Zero-shot Plug-in Interaction-aware Navigation for General Mobile Manipulation is retained as REFERENCE because it provides an algorithmic or policy mechanism around Navigation, mobile manipulation, VLM for targeted comparison in Locomotion, whole-body, mobile manipulation, and humanoids; it is not required for the current intensive reading spine.","Important on-demand reference, but not required in the current intensive sequence.",[],0,./2025/CoRL/2025_CoRL_MoTo-A-Zero-shot-Plug-in-Interaction-aware-Navigation-for/01_overview.md
pr-0242,Moto: Latent Motion Token as the Bridging Language for Learning Robot Manipulation from Videos,2025,ICCV,conference,peer_reviewed,VLA and Generalist Robot Policies,VLA and generalist robot policies,REFERENCE,,method,"{""learning"":[""vla""],""interaction"":[""grasping""],""modality"":[""language"",""video""],""control_level"":[""policy""],""setting"":[],""embodiment"":[""arm""]}",FULL_TEXT_CHECKED,N/A,recorded,source_only,paper_specific,https://openaccess.thecvf.com/content/ICCV2025/html/Chen_Moto_Latent_Motion_Token_as_the_Bridging_Language_for_Learning_ICCV_2025_paper.html,not_identified,not_recorded,metric:success-rate,Moto: Latent Motion Token as the Bridging Language for Learning Robot Manipulation from Videos is retained as REFERENCE because it provides an algorithmic or policy mechanism around Robotics for targeted comparison in VLA and generalist robot policies; it is not required for the current intensive reading spine.,"Important on-demand reference, but not required in the current intensive sequence.",[],0,./2025/ICCV/2025_ICCV_Moto-Latent-Motion-Token-as-the-Bridging-Language-for-Lear/01_overview.md
pr-0786,Move to Understand a 3D Scene: Bridging Visual Grounding and Exploration for Efficient and Versatile Embodied Navigation,2025,ICCV,conference,peer_reviewed,Embodied Navigation and Mapping,Robotics-enabling 3D perception,NEXT,,method,"{""learning"":[],""interaction"":[""navigation""],""modality"":[],""control_level"":[""state_estimation""],""setting"":[],""embodiment"":[""mobile""]}",FULL_TEXT_CHECKED,UNREAD,recorded,source_only,paper_specific,https://openaccess.thecvf.com/content/ICCV2025/html/Zhu_Move_to_Understand_a_3D_Scene_Bridging_Visual_Grounding_and_ICCV_2025_paper.html,not_identified,not_recorded,metric:map,"Move to Understand a 3D Scene: Bridging Visual Grounding and Exploration for Efficient and Versatile Embodied Navigation is a NEXT comparison paper because it extends an algorithmic or policy mechanism around Navigation, grounding, exploration in Robotics-enabling 3D perception, exposing a specialized frontier after the shared CORE spine.",Specialized or frontier extension selected after CORE for the Robotics-enabling 3D perception branch.,[],0,./2025/ICCV/2025_ICCV_Move-to-Understand-a-3D-Scene-Bridging-Visual-Grounding-an/01_overview.md
pr-0283,MR-COGraphs: Communication-efficient Multi-Robot Open-vocabulary Mapping System via 3D Scene Graphs,2025,IROS,conference,peer_reviewed,3D Vision-Language Understanding,Robotics-enabling 3D perception,REFERENCE,,system,"{""learning"":[],""interaction"":[""navigation""],""modality"":[""language"",""rgb""],""control_level"":[""state_estimation""],""setting"":[],""embodiment"":[""multi_robot""]}",FULL_TEXT_CHECKED,N/A,recorded,identified,paper_specific,https://arxiv.org/abs/2412.18381,not_identified,not_recorded,metric:map,"MR-COGraphs: Communication-efficient Multi-Robot Open-vocabulary Mapping System via 3D Scene Graphs is retained as REFERENCE because it provides an integrated system or deployment interface around Robotics, 3D Vision, Graph Reasoning for targeted comparison in Robotics-enabling 3D perception; it is not required for the current intensive reading spine.","Important on-demand reference, but not required in the current intensive sequence.",[],0,./2025/IROS/2025_IROS_MR-COGraphs-Communication-efficient-Multi-Robot-Open-vocab/01_overview.md
pr-0441,MS-GS: Multi-Appearance Sparse-View 3D Gaussian Splatting in the Wild,2025,NeurIPS,conference,peer_reviewed,Neural Scene Representations,Robotics-enabling 3D perception,ARCHIVE,,method,"{""learning"":[],""interaction"":[],""modality"":[""point_cloud"",""rgb""],""control_level"":[],""setting"":[],""embodiment"":[]}",FULL_TEXT_CHECKED,N/A,recorded,identified,paper_specific,https://openreview.net/forum?id=efDNv5XvVo,not_identified,not_recorded,metric:map,"MS-GS: Multi-Appearance Sparse-View 3D Gaussian Splatting in the Wild is retained as ARCHIVE because its an algorithmic or policy mechanism around Gaussian Splatting, 3D Vision preserves historical or adjacent context for Robotics-enabling 3D perception; it is outside the current robotics-first intensive scope.",Historical or adjacent material retained for search; outside the current intensive scope.,[],0,./2025/NeurIPS/2025_NeurIPS_MS-GS-Multi-Appearance-Sparse-View-3D-Gaussian-Splatting-i/01_overview.md
pr-0582,Multi-Robot Motion Planning with Diffusion Models,2025,ICLR,conference,peer_reviewed,Multi-Robot Systems,Planning and control,REFERENCE,,system,"{""learning"":[""diffusion"",""optimization_or_planning""],""interaction"":[],""modality"":[],""control_level"":[""motion_planning""],""setting"":[],""embodiment"":[""multi_robot""]}",FULL_TEXT_CHECKED,N/A,recorded,identified,paper_specific,https://openreview.net/forum?id=AUCYptvAf3,not_identified,not_recorded,metric:map,"Multi-Robot Motion Planning with Diffusion Models is retained as REFERENCE because it provides an integrated system or deployment interface around Robotics, multi-robot, motion planning for targeted comparison in Planning and control; it is not required for the current intensive reading spine.","Important on-demand reference, but not required in the current intensive sequence.",[],0,./2025/ICLR/2025_ICLR_Multi-Robot-Motion-Planning-with-Diffusion-Models/01_overview.md
pr-0442,Multimodal LiDAR-Camera Novel View Synthesis with Unified Pose-free Neural Fields,2025,NeurIPS,conference,peer_reviewed,Autonomous 3D Perception and Sensor Fusion,Robotics-enabling 3D perception,ARCHIVE,,method,"{""learning"":[],""interaction"":[],""modality"":[""lidar"",""rgb""],""control_level"":[""state_estimation""],""setting"":[],""embodiment"":[]}",FULL_TEXT_CHECKED,N/A,recorded,identified,paper_specific,https://openreview.net/forum?id=GQHUET0V6f,not_identified,not_recorded,metric:map,"Multimodal LiDAR-Camera Novel View Synthesis with Unified Pose-free Neural Fields is retained as ARCHIVE because its an algorithmic or policy mechanism around geometry, sensor fusion, LiDAR preserves historical or adjacent context for Robotics-enabling 3D perception; it is outside the current robotics-first intensive scope.",Historical or adjacent material retained for search; outside the current intensive scope.,[],0,./2025/NeurIPS/2025_NeurIPS_Multimodal-LiDAR-Camera-Novel-View-Synthesis-with-Unified/01_overview.md
pr-0420,Multimodality Helps Few-shot 3D Point Cloud Semantic Segmentation,2025,ICLR,conference,peer_reviewed,3D Vision-Language Understanding,Robotics-enabling 3D perception,ARCHIVE,,method,"{""learning"":[],""interaction"":[],""modality"":[""language"",""point_cloud"",""rgb""],""control_level"":[],""setting"":[],""embodiment"":[]}",FULL_TEXT_CHECKED,N/A,recorded,identified,paper_specific,https://openreview.net/forum?id=jXvwJ51vcK,not_identified,not_recorded,metric:map,"Multimodality Helps Few-shot 3D Point Cloud Semantic Segmentation is retained as ARCHIVE because its an algorithmic or policy mechanism around semantic, alignment, point cloud preserves historical or adjacent context for Robotics-enabling 3D perception; it is outside the current robotics-first intensive scope.",Historical or adjacent material retained for search; outside the current intensive scope.,[],0,./2025/ICLR/2025_ICLR_Multimodality-Helps-Few-shot-3D-Point-Cloud-Semantic-Segme/01_overview.md
pr-0125,NavBench: Probing Multimodal Large Language Models for Embodied Navigation,2025,NeurIPS,conference,peer_reviewed,Embodied Navigation and Mapping,Robotics-enabling 3D perception,REFERENCE,,method,"{""learning"":[],""interaction"":[""navigation""],""modality"":[""language""],""control_level"":[""state_estimation""],""setting"":[],""embodiment"":[""mobile""]}",FULL_TEXT_CHECKED,N/A,recorded,identified,paper_specific,https://openreview.net/forum?id=nf8PKQKtl2,not_identified,not_recorded,metric:map,NavBench: Probing Multimodal Large Language Models for Embodied Navigation is retained as REFERENCE because it provides an algorithmic or policy mechanism around Navigation for targeted comparison in Robotics-enabling 3D perception; it is not required for the current intensive reading spine.,"Important on-demand reference, but not required in the current intensive sequence.",[],0,./2025/NeurIPS/2025_NeurIPS_NavBench-Probing-Multimodal-Large-Language-Models-for-Embo/01_overview.md
pr-0884,NaVILA: Legged Robot Vision-Language-Action Model for Navigation,2025,RSS,conference,peer_reviewed,VLA and Generalist Robot Policies,VLA and generalist robot policies,NEXT,,method,"{""learning"":[""vla""],""interaction"":[""locomotion"",""navigation""],""modality"":[""language"",""rgb""],""control_level"":[""policy""],""setting"":[],""embodiment"":[""legged"",""mobile""]}",FULL_TEXT_CHECKED,UNREAD,recorded,identified,paper_specific,https://www.roboticsproceedings.org/rss21/p018.html,released,not_recorded,code:ec21ed50a7d8,RSS 2025 hierarchical legged VLA that connects language-conditioned spatial decisions to a learned locomotion controller.,Specialized or frontier extension selected after CORE for the VLA and generalist robot policies branch.,[],0,./2025/RSS/2025_RSS_NaVILA-Legged-Robot-Vision-Language-Action-Model-for-Navig/01_overview.md
pr-0387,NeRF Is a Valuable Assistant for 3D Gaussian Splatting,2025,ICCV,conference,peer_reviewed,Neural Scene Representations,Robotics-enabling 3D perception,ARCHIVE,,method,"{""learning"":[],""interaction"":[],""modality"":[""point_cloud"",""rgb""],""control_level"":[],""setting"":[],""embodiment"":[]}",FULL_TEXT_CHECKED,N/A,recorded,source_only,paper_specific,https://openaccess.thecvf.com/content/ICCV2025/html/Fang_NeRF_Is_a_Valuable_Assistant_for_3D_Gaussian_Splatting_ICCV_2025_paper.html,not_identified,not_recorded,metric:map,"NeRF Is a Valuable Assistant for 3D Gaussian Splatting is retained as ARCHIVE because its an algorithmic or policy mechanism around Gaussian Splatting, NeRF, 3D Vision preserves historical or adjacent context for Robotics-enabling 3D perception; it is outside the current robotics-first intensive scope.",Historical or adjacent material retained for search; outside the current intensive scope.,[],0,./2025/ICCV/2025_ICCV_NeRF-Is-a-Valuable-Assistant-for-3D-Gaussian-Splatting/01_overview.md
pr-0922,Neural Assembler: Learning to Generate Fine-Grained Robotic Assembly Instructions from Multi-View Images,2025,AAAI,conference,peer_reviewed,"Manipulation, Contact, and Dexterity",Planning and control,NEXT,,benchmark_or_dataset,"{""learning"":[""optimization_or_planning""],""interaction"":[""assembly"",""contact_rich"",""grasping""],""modality"":[""language"",""rgb""],""control_level"":[""task_planning""],""setting"":[],""embodiment"":[""arm""]}",FULL_TEXT_CHECKED,UNREAD,recorded,identified,paper_specific,https://ojs.aaai.org/index.php/AAAI/article/view/33613,not_identified,not_recorded,,"AAAI-25 Intelligent Robotics paper that connects multi-view 3D part understanding, object graphs, and executable assembly order.",Specialized or frontier extension selected after CORE for the Planning and control branch.,[],0,./2025/AAAI/2025_AAAI_Neural-Assembler-Learning-to-Generate-Fine-Grained-Robotic/01_overview.md
pr-0409,"No Pose, No Problem: Surprisingly Simple 3D Gaussian Splats from Sparse Unposed Images",2025,ICLR,conference,peer_reviewed,Neural Scene Representations,Robotics-enabling 3D perception,ARCHIVE,,method,"{""learning"":[],""interaction"":[],""modality"":[""point_cloud"",""rgb""],""control_level"":[],""setting"":[],""embodiment"":[]}",FULL_TEXT_CHECKED,N/A,recorded,identified,paper_specific,https://openreview.net/forum?id=P4o9akekdf,not_identified,not_recorded,metric:map,"No Pose, No Problem: Surprisingly Simple 3D Gaussian Splats from Sparse Unposed Images is retained as ARCHIVE because its an algorithmic or policy mechanism around Gaussian Splatting, geometry, 3D Vision preserves historical or adjacent context for Robotics-enabling 3D perception; it is outside the current robotics-first intensive scope.",Historical or adjacent material retained for search; outside the current intensive scope.,[],0,./2025/ICLR/2025_ICLR_No-Pose-No-Problem-Surprisingly-Simple-3D-Gaussian-Splats/01_overview.md
pr-0906,Novel Demonstration Generation with Gaussian Splatting Enables Robust One-Shot Manipulation,2025,RSS,conference,peer_reviewed,Robot Learning and Data,"RL, IL, offline learning, and robot data",NEXT,,method,"{""learning"":[""imitation_learning""],""interaction"":[""grasping""],""modality"":[""point_cloud""],""control_level"":[""policy"",""state_estimation""],""setting"":[""sim_to_real""],""embodiment"":[""arm""]}",FULL_TEXT_CHECKED,UNREAD,recorded,identified,paper_specific,https://www.roboticsproceedings.org/rss21/p146.html,not_identified,not_recorded,,RSS 2025 3D-to-action bridge that uses Gaussian Splatting scene editing to expand a single demonstration into spatially diverse policy data.,"Specialized or frontier extension selected after CORE for the RL, IL, offline learning, and robot data branch.",[],0,./2025/RSS/2025_RSS_Novel-Demonstration-Generation-with-Gaussian-Splatting-Ena/01_overview.md
pr-0869,NVIDIA Isaac GR00T N1: An Open Foundation Model for Humanoid Robots,2025,arXiv,preprint,preprint,VLA and Generalist Robot Policies,VLA and generalist robot policies,NEXT,,foundation,"{""learning"":[""vla""],""interaction"":[],""modality"":[""language""],""control_level"":[""policy""],""setting"":[""simulation""],""embodiment"":[""humanoid""]}",FULL_TEXT_CHECKED,UNREAD,recorded,source_only,paper_specific,https://research.nvidia.com/publication/2025-03_nvidia-isaac-gr00t-n1-open-foundation-model-humanoid-robots,project_only,not_recorded,code:099cf0d4bcfc;metric:success-rate,humanoid를 대상으로 vision-language instruction과 action generation을 결합하고 공개 model/data ecosystem을 제시한 NVIDIA foundation-policy 계보의 핵심이다.,Specialized or frontier extension selected after CORE for the VLA and generalist robot policies branch.,[],1,./2025/arXiv/2025_arXiv_NVIDIA-Isaac-GR00T-N1-An-Open-Foundation-Model-for-Humanoi/01_overview.md
pr-0586,Object-centric 3D Motion Field for Robot Learning from Human Videos,2025,NeurIPS,conference,peer_reviewed,Robot Learning and Data,"RL, IL, offline learning, and robot data",REFERENCE,,method,"{""learning"":[],""interaction"":[],""modality"":[""video""],""control_level"":[""policy""],""setting"":[],""embodiment"":[]}",FULL_TEXT_CHECKED,N/A,recorded,identified,paper_specific,https://openreview.net/forum?id=kp9B9iQDIt,not_identified,not_recorded,metric:success-rate,"Object-centric 3D Motion Field for Robot Learning from Human Videos is retained as REFERENCE because it provides an algorithmic or policy mechanism around Robotics, learning from human videos, 3D motion field for targeted comparison in RL, IL, offline learning, and robot data; it is not required for the current intensive reading spine.","Important on-demand reference, but not required in the current intensive sequence.",[],0,./2025/NeurIPS/2025_NeurIPS_Object-centric-3D-Motion-Field-for-Robot-Learning-from-Hum/01_overview.md
pr-0781,Object-Centric Prompt-Driven Vision-Language-Action Model for Robotic Manipulation,2025,CVPR,conference,peer_reviewed,VLA and Generalist Robot Policies,VLA and generalist robot policies,REFERENCE,,method,"{""learning"":[""vla""],""interaction"":[""grasping""],""modality"":[""language"",""rgb""],""control_level"":[""policy""],""setting"":[],""embodiment"":[""arm""]}",FULL_TEXT_CHECKED,N/A,recorded,source_only,paper_specific,https://openaccess.thecvf.com/content/CVPR2025/html/Li_Object-Centric_Prompt-Driven_Vision-Language-Action_Model_for_Robotic_Manipulation_CVPR_2025_paper.html,not_identified,not_recorded,metric:success-rate,"Object-Centric Prompt-Driven Vision-Language-Action Model for Robotic Manipulation is retained as REFERENCE because it provides an algorithmic or policy mechanism around VLA, prompting, Robotics for targeted comparison in VLA and generalist robot policies; it is not required for the current intensive reading spine.","Important on-demand reference, but not required in the current intensive sequence.",[],0,./2025/CVPR/2025_CVPR_Object-Centric-Prompt-Driven-Vision-Language-Action-Model/01_overview.md
pr-0443,Object-X: Learning to Reconstruct Multi-Modal 3D Object Representations,2025,NeurIPS,conference,peer_reviewed,3D Representation Learning,Robotics-enabling 3D perception,REFERENCE,,method,"{""learning"":[],""interaction"":[],""modality"":[""rgb""],""control_level"":[],""setting"":[],""embodiment"":[]}",FULL_TEXT_CHECKED,N/A,recorded,identified,paper_specific,https://openreview.net/forum?id=nI7wKr4eop,not_identified,not_recorded,metric:map,Object-X: Learning to Reconstruct Multi-Modal 3D Object Representations is retained as REFERENCE because it provides an algorithmic or policy mechanism around 3D Vision for targeted comparison in Robotics-enabling 3D perception; it is not required for the current intensive reading spine.,"Important on-demand reference, but not required in the current intensive sequence.",[],0,./2025/NeurIPS/2025_NeurIPS_Object-X-Learning-to-Reconstruct-Multi-Modal-3D-Object-Rep/01_overview.md
pr-0445,ODG: Occupancy Prediction Using Dual Gaussians,2025,NeurIPS,conference,peer_reviewed,Autonomous 3D Perception and Sensor Fusion,Robotics-enabling 3D perception,REFERENCE,,method,"{""learning"":[],""interaction"":[],""modality"":[""lidar"",""point_cloud"",""rgb""],""control_level"":[""state_estimation""],""setting"":[],""embodiment"":[]}",FULL_TEXT_CHECKED,N/A,recorded,identified,paper_specific,https://openreview.net/forum?id=CkmLys7ipp,not_identified,not_recorded,benchmark:nuscenes;benchmark:waymo;metric:map,"ODG: Occupancy Prediction Using Dual Gaussians is retained as REFERENCE because it provides an algorithmic or policy mechanism around Gaussian Splatting, sensor fusion, LiDAR for targeted comparison in Robotics-enabling 3D perception; it is not required for the current intensive reading spine.","Important on-demand reference, but not required in the current intensive sequence.",[],0,./2025/NeurIPS/2025_NeurIPS_ODG-Occupancy-Prediction-Using-Dual-Gaussians/01_overview.md
pr-0252,On-Device Diffusion Transformer Policy for Efficient Robot Manipulation,2025,ICCV,conference,peer_reviewed,VLA and Generalist Robot Policies,VLA and generalist robot policies,REFERENCE,,method,"{""learning"":[""diffusion"",""vla""],""interaction"":[""grasping""],""modality"":[""language""],""control_level"":[""policy""],""setting"":[],""embodiment"":[""arm""]}",FULL_TEXT_CHECKED,N/A,recorded,source_only,paper_specific,https://openaccess.thecvf.com/content/ICCV2025/html/Wu_On-Device_Diffusion_Transformer_Policy_for_Efficient_Robot_Manipulation_ICCV_2025_paper.html,not_identified,not_recorded,benchmark:calvin;benchmark:libero;benchmark:robomimic;metric:success-rate,"On-Device Diffusion Transformer Policy for Efficient Robot Manipulation is retained as REFERENCE because it provides an algorithmic or policy mechanism around Robotics, Diffusion for targeted comparison in VLA and generalist robot policies; it is not required for the current intensive reading spine.","Important on-demand reference, but not required in the current intensive sequence.",[],0,./2025/ICCV/2025_ICCV_On-Device-Diffusion-Transformer-Policy-for-Efficient-Robot/01_overview.md
pr-0437,OnlineSplatter: Pose-Free Online 3D Reconstruction for Free-Moving Objects,2025,NeurIPS,conference,peer_reviewed,Neural Scene Representations,Robotics-enabling 3D perception,ARCHIVE,,method,"{""learning"":[],""interaction"":[],""modality"":[""point_cloud"",""rgb""],""control_level"":[],""setting"":[],""embodiment"":[]}",FULL_TEXT_CHECKED,N/A,recorded,identified,paper_specific,https://openreview.net/forum?id=Y9AdTCCEgI,not_identified,not_recorded,metric:map,"OnlineSplatter: Pose-Free Online 3D Reconstruction for Free-Moving Objects is retained as ARCHIVE because its an algorithmic or policy mechanism around Gaussian Splatting, 3D reconstruction, geometry preserves historical or adjacent context for Robotics-enabling 3D perception; it is outside the current robotics-first intensive scope.",Historical or adjacent material retained for search; outside the current intensive scope.,[],0,./2025/NeurIPS/2025_NeurIPS_OnlineSplatter-Pose-Free-Online-3D-Reconstruction-for-Free/01_overview.md
pr-0244,Open-Vocabulary Octree-Graph for 3D Scene Understanding,2025,ICCV,conference,peer_reviewed,3D Vision-Language Understanding,Robotics-enabling 3D perception,REFERENCE,,method,"{""learning"":[],""interaction"":[],""modality"":[""language"",""rgb""],""control_level"":[],""setting"":[],""embodiment"":[]}",FULL_TEXT_CHECKED,N/A,recorded,source_only,paper_specific,https://openaccess.thecvf.com/content/ICCV2025/html/Wang_Open-Vocabulary_Octree-Graph_for_3D_Scene_Understanding_ICCV_2025_paper.html,not_identified,not_recorded,metric:map,"Open-Vocabulary Octree-Graph for 3D Scene Understanding is retained as REFERENCE because it provides an algorithmic or policy mechanism around 3D Vision, Graph Reasoning, semantic for targeted comparison in Robotics-enabling 3D perception; it is not required for the current intensive reading spine.","Important on-demand reference, but not required in the current intensive sequence.",[],0,./2025/ICCV/2025_ICCV_Open-Vocabulary-Octree-Graph-for-3D-Scene-Understanding/01_overview.md
pr-0281,OpenGS-Fusion: Open-Vocabulary Dense Mapping with Hybrid 3D Gaussian Splatting for Refined Object-Level Understanding,2025,IROS,conference,peer_reviewed,Language-Grounded 3D Scene Representations,Robotics-enabling 3D perception,ARCHIVE,,method,"{""learning"":[],""interaction"":[""navigation""],""modality"":[""language"",""point_cloud"",""rgb""],""control_level"":[""state_estimation""],""setting"":[],""embodiment"":[]}",FULL_TEXT_CHECKED,N/A,recorded,identified,paper_specific,https://arxiv.org/abs/2508.01150,not_identified,not_recorded,metric:map,"OpenGS-Fusion: Open-Vocabulary Dense Mapping with Hybrid 3D Gaussian Splatting for Refined Object-Level Understanding is retained as ARCHIVE because its an algorithmic or policy mechanism around 3D Vision, Gaussian Splatting, semantic preserves historical or adjacent context for Robotics-enabling 3D perception; it is outside the current robotics-first intensive scope.",Historical or adjacent material retained for search; outside the current intensive scope.,[],0,./2025/IROS/2025_IROS_OpenGS-Fusion-Open-Vocabulary-Dense-Mapping-with-Hybrid-3D/01_overview.md
pr-0285,OpenObject-NAV: Open-Vocabulary Object-Oriented Navigation Based on Dynamic Carrier-Relationship Scene Graph,2025,IROS,conference,peer_reviewed,Embodied Navigation and Mapping,Robotics-enabling 3D perception,REFERENCE,,method,"{""learning"":[],""interaction"":[""navigation""],""modality"":[],""control_level"":[""state_estimation""],""setting"":[],""embodiment"":[""mobile""]}",FULL_TEXT_CHECKED,N/A,recorded,identified,paper_specific,https://arxiv.org/abs/2409.18743,not_identified,not_recorded,metric:map,"OpenObject-NAV: Open-Vocabulary Object-Oriented Navigation Based on Dynamic Carrier-Relationship Scene Graph is retained as REFERENCE because it provides an algorithmic or policy mechanism around Navigation, Graph Reasoning, semantic for targeted comparison in Robotics-enabling 3D perception; it is not required for the current intensive reading spine.","Important on-demand reference, but not required in the current intensive sequence.",[],0,./2025/IROS/2025_IROS_OpenObject-NAV-Open-Vocabulary-Object-Oriented-Navigation/01_overview.md
pr-0232,ORION: A Holistic End-to-End Autonomous Driving Framework by Vision-Language Instructed Action Generation,2025,ICCV,conference,peer_reviewed,3D Vision-Language Understanding,Robotics-enabling 3D perception,ARCHIVE,,system,"{""learning"":[],""interaction"":[],""modality"":[""language"",""rgb""],""control_level"":[],""setting"":[],""embodiment"":[]}",FULL_TEXT_CHECKED,N/A,recorded,source_only,paper_specific,https://openaccess.thecvf.com/content/ICCV2025/html/Fu_ORION_A_Holistic_End-to-End_Autonomous_Driving_Framework_by_Vision-Language_Instructed_ICCV_2025_paper.html,not_identified,not_recorded,metric:map;metric:sr;metric:success-rate,ORION: A Holistic End-to-End Autonomous Driving Framework by Vision-Language Instructed Action Generation is retained as ARCHIVE because its an integrated system or deployment interface around Vision-Language Model preserves historical or adjacent context for Robotics-enabling 3D perception; it is outside the current robotics-first intensive scope.,Historical or adjacent material retained for search; outside the current intensive scope.,[],0,./2025/ICCV/2025_ICCV_ORION-A-Holistic-End-to-End-Autonomous-Driving-Framework-b/01_overview.md
pr-0135,OTTER: A Vision-Language-Action Model with Text-Aware Visual Feature Extraction,2025,ICML,conference,peer_reviewed,VLA and Generalist Robot Policies,VLA and generalist robot policies,REFERENCE,,method,"{""learning"":[""vla""],""interaction"":[],""modality"":[""language"",""rgb""],""control_level"":[""policy""],""setting"":[],""embodiment"":[]}",FULL_TEXT_CHECKED,N/A,recorded,identified,paper_specific,https://openreview.net/forum?id=UHF0km7R5M,not_identified,not_recorded,metric:success-rate,"OTTER: A Vision-Language-Action Model with Text-Aware Visual Feature Extraction is retained as REFERENCE because it provides an algorithmic or policy mechanism around VLA, Vision-Language Model, Robotics for targeted comparison in VLA and generalist robot policies; it is not required for the current intensive reading spine.","Important on-demand reference, but not required in the current intensive sequence.",[],0,./2025/ICML/2025_ICML_OTTER-A-Vision-Language-Action-Model-with-Text-Aware-Visua/01_overview.md
pr-0223,OV-SCAN: Semantically Consistent Alignment for Novel Object Discovery in Open-Vocabulary 3D Object Detection,2025,ICCV,conference,peer_reviewed,3D Vision-Language Understanding,Robotics-enabling 3D perception,REFERENCE,,method,"{""learning"":[],""interaction"":[],""modality"":[""language"",""rgb""],""control_level"":[],""setting"":[],""embodiment"":[]}",FULL_TEXT_CHECKED,N/A,recorded,source_only,paper_specific,https://openaccess.thecvf.com/content/ICCV2025/html/Chow_OV-SCAN_Semantically_Consistent_Alignment_for_Novel_Object_Discovery_in_Open-Vocabulary_ICCV_2025_paper.html,not_identified,not_recorded,benchmark:nuscenes;metric:map,"OV-SCAN: Semantically Consistent Alignment for Novel Object Discovery in Open-Vocabulary 3D Object Detection is retained as REFERENCE because it provides an algorithmic or policy mechanism around 3D Vision, semantic for targeted comparison in Robotics-enabling 3D perception; it is not required for the current intensive reading spine.","Important on-demand reference, but not required in the current intensive sequence.",[],0,./2025/ICCV/2025_ICCV_OV-SCAN-Semantically-Consistent-Alignment-for-Novel-Object/01_overview.md
pr-0243,OVA-Fields: Weakly Supervised Open-Vocabulary Affordance Fields for Robot Operational Part Detection,2025,ICCV,conference,peer_reviewed,VLA and Generalist Robot Policies,VLA and generalist robot policies,REFERENCE,,method,"{""learning"":[""vla""],""interaction"":[],""modality"":[""language""],""control_level"":[""policy""],""setting"":[],""embodiment"":[]}",FULL_TEXT_CHECKED,N/A,recorded,source_only,paper_specific,https://openaccess.thecvf.com/content/ICCV2025/html/Su_OVA-Fields_Weakly_Supervised_Open-Vocabulary_Affordance_Fields_for_Robot_Operational_Part_ICCV_2025_paper.html,not_identified,not_recorded,metric:miou;metric:success-rate,"OVA-Fields: Weakly Supervised Open-Vocabulary Affordance Fields for Robot Operational Part Detection is retained as REFERENCE because it provides an algorithmic or policy mechanism around Robotics, semantic for targeted comparison in VLA and generalist robot policies; it is not required for the current intensive reading spine.","Important on-demand reference, but not required in the current intensive sequence.",[],0,./2025/ICCV/2025_ICCV_OVA-Fields-Weakly-Supervised-Open-Vocabulary-Affordance-Fi/01_overview.md
pr-0122,OWMM-Agent: Open World Mobile Manipulation With Multi-modal Agentic Data Synthesis,2025,NeurIPS,conference,peer_reviewed,VLA and Generalist Robot Policies,VLA and generalist robot policies,REFERENCE,,method,"{""learning"":[""reinforcement_learning"",""vla""],""interaction"":[""contact_rich"",""grasping""],""modality"":[""force_torque"",""language"",""rgb""],""control_level"":[""policy""],""setting"":[],""embodiment"":[""arm"",""mobile""]}",FULL_TEXT_CHECKED,N/A,recorded,identified,paper_specific,https://openreview.net/forum?id=vSLzoUoJt6,not_identified,not_recorded,metric:success-rate,"OWMM-Agent: Open World Mobile Manipulation With Multi-modal Agentic Data Synthesis is retained as REFERENCE because it provides an algorithmic or policy mechanism around Vision-Language Model, Robotics, Reinforcement Learning for targeted comparison in VLA and generalist robot policies; it is not required for the current intensive reading spine.","Important on-demand reference, but not required in the current intensive sequence.",[],0,./2025/NeurIPS/2025_NeurIPS_OWMM-Agent-Open-World-Mobile-Manipulation-With-Multi-modal/01_overview.md
pr-0337,PartGen: Part-level 3D Generation and Reconstruction with Multi-view Diffusion Models,2025,CVPR,conference,peer_reviewed,3D Generative Modeling,Robotics-enabling 3D perception,ARCHIVE,,method,"{""learning"":[""diffusion""],""interaction"":[],""modality"":[""rgb""],""control_level"":[],""setting"":[],""embodiment"":[]}",FULL_TEXT_CHECKED,N/A,recorded,source_only,paper_specific,https://openaccess.thecvf.com/content/CVPR2025/html/Chen_PartGen_Part-level_3D_Generation_and_Reconstruction_with_Multi-view_Diffusion_Models_CVPR_2025_paper.html,not_identified,not_recorded,,"PartGen: Part-level 3D Generation and Reconstruction with Multi-view Diffusion Models is retained as ARCHIVE because its an algorithmic or policy mechanism around 3D reconstruction, Diffusion, Generation preserves historical or adjacent context for Robotics-enabling 3D perception; it is outside the current robotics-first intensive scope.",Historical or adjacent material retained for search; outside the current intensive scope.,[],0,./2025/CVPR/2025_CVPR_PartGen-Part-level-3D-Generation-and-Reconstruction-with-M/01_overview.md
pr-0890,Particle-Grid Neural Dynamics for Learning Deformable Object Models from RGB-D Videos,2025,RSS,conference,peer_reviewed,"World Models, Safety, and Recovery","World models, safety, uncertainty, and recovery",NEXT,,method,"{""learning"":[""optimization_or_planning"",""world_model""],""interaction"":[""deformable""],""modality"":[""depth"",""rgb"",""video""],""control_level"":[""safety_or_recovery""],""setting"":[],""embodiment"":[]}",FULL_TEXT_CHECKED,UNREAD,recorded,identified,paper_specific,https://www.roboticsproceedings.org/rss21/p036.html,project_only,not_recorded,code:f1e8030b061f,"RSS 2025 deformable-object world model that connects sparse-view robot videos, action-conditioned prediction, and goal-conditioned manipulation planning.","Specialized or frontier extension selected after CORE for the World models, safety, uncertainty, and recovery branch.",[],0,./2025/RSS/2025_RSS_Particle-Grid-Neural-Dynamics-for-Learning-Deformable-Obje/01_overview.md
pr-0907,PartInstruct: Part-level Instruction Following for Fine-grained Robot Manipulation,2025,RSS,conference,peer_reviewed,VLA and Generalist Robot Policies,VLA and generalist robot policies,NEXT,,benchmark_or_dataset,"{""learning"":[""vla""],""interaction"":[""grasping""],""modality"":[""language""],""control_level"":[""policy""],""setting"":[""long_horizon""],""embodiment"":[""arm""]}",FULL_TEXT_CHECKED,UNREAD,recorded,identified,paper_specific,https://www.roboticsproceedings.org/rss21/p148.html,not_identified,not_recorded,,RSS 2025 benchmark that makes part-level grounding and compositional instruction following explicit evaluation targets for robot manipulation models.,Specialized or frontier extension selected after CORE for the VLA and generalist robot policies branch.,[],0,./2025/RSS/2025_RSS_PartInstruct-Part-level-Instruction-Following-for-Fine-gra/01_overview.md
pr-0082,PARTNR: A Benchmark for Planning and Reasoning in Embodied Multi-agent Tasks,2025,ICLR,conference,peer_reviewed,Benchmarks and Datasets,Planning and control,REFERENCE,,benchmark_or_dataset,"{""learning"":[""optimization_or_planning""],""interaction"":[],""modality"":[],""control_level"":[],""setting"":[],""embodiment"":[]}",FULL_TEXT_CHECKED,N/A,recorded,identified,paper_specific,https://openreview.net/forum?id=T5QLRRHyL1,not_identified,not_recorded,,"PARTNR: A Benchmark for Planning and Reasoning in Embodied Multi-agent Tasks is retained as REFERENCE because it provides a benchmark, dataset, or evaluation protocol around Robotics, Benchmark for targeted comparison in Planning and control; it is not required for the current intensive reading spine.","Important on-demand reference, but not required in the current intensive sequence.",[],0,./2025/ICLR/2025_ICLR_PARTNR-A-Benchmark-for-Planning-and-Reasoning-in-Embodied/01_overview.md
pr-0253,PASG: A Closed-Loop Framework for Automated Geometric Primitive Extraction and Semantic Anchoring in Robotic Manipulation,2025,ICCV,conference,peer_reviewed,VLA and Generalist Robot Policies,VLA and generalist robot policies,REFERENCE,,system,"{""learning"":[""vla""],""interaction"":[""grasping""],""modality"":[""language""],""control_level"":[""policy""],""setting"":[],""embodiment"":[""arm""]}",FULL_TEXT_CHECKED,N/A,recorded,source_only,paper_specific,https://openaccess.thecvf.com/content/ICCV2025/html/Zhu_PASG_A_Closed-Loop_Framework_for_Automated_Geometric_Primitive_Extraction_and_ICCV_2025_paper.html,not_identified,not_recorded,metric:success-rate,"PASG: A Closed-Loop Framework for Automated Geometric Primitive Extraction and Semantic Anchoring in Robotic Manipulation is retained as REFERENCE because it provides an integrated system or deployment interface around Robotics, semantic for targeted comparison in VLA and generalist robot policies; it is not required for the current intensive reading spine.","Important on-demand reference, but not required in the current intensive sequence.",[],0,./2025/ICCV/2025_ICCV_PASG-A-Closed-Loop-Framework-for-Automated-Geometric-Primi/01_overview.md
pr-0278,PD-VLA: Accelerating Vision-Language-Action Model Integrated with Action Chunking via Parallel Decoding,2025,IROS,conference,peer_reviewed,VLA and Generalist Robot Policies,VLA and generalist robot policies,REFERENCE,,method,"{""learning"":[""vla""],""interaction"":[],""modality"":[""language"",""rgb""],""control_level"":[""policy""],""setting"":[],""embodiment"":[]}",FULL_TEXT_CHECKED,N/A,recorded,identified,paper_specific,https://arxiv.org/abs/2503.02310,not_identified,not_recorded,metric:success-rate,"PD-VLA: Accelerating Vision-Language-Action Model Integrated with Action Chunking via Parallel Decoding is retained as REFERENCE because it provides an algorithmic or policy mechanism around VLA, Vision-Language Model for targeted comparison in VLA and generalist robot policies; it is not required for the current intensive reading spine.","Important on-demand reference, but not required in the current intensive sequence.",[],0,./2025/IROS/2025_IROS_PD-VLA-Accelerating-Vision-Language-Action-Model-Integrate/01_overview.md
pr-0774,PDFactor: Learning Tri-Perspective View Policy Diffusion Field for Multi-Task Robotic Manipulation,2025,CVPR,conference,peer_reviewed,"Manipulation, Contact, and Dexterity","Manipulation, contact, tactile, and dexterity",REFERENCE,,method,"{""learning"":[""diffusion""],""interaction"":[""contact_rich"",""grasping""],""modality"":[],""control_level"":[""policy""],""setting"":[],""embodiment"":[""arm""]}",FULL_TEXT_CHECKED,N/A,recorded,source_only,paper_specific,https://openaccess.thecvf.com/content/CVPR2025/html/Tian_PDFactor_Learning_Tri-Perspective_View_Policy_Diffusion_Field_for_Multi-Task_Robotic_CVPR_2025_paper.html,not_identified,not_recorded,benchmark:rlbench,"PDFactor: Learning Tri-Perspective View Policy Diffusion Field for Multi-Task Robotic Manipulation is retained as REFERENCE because it provides an algorithmic or policy mechanism around Diffusion, Robotics, 3D action for targeted comparison in Manipulation, contact, tactile, and dexterity; it is not required for the current intensive reading spine.","Important on-demand reference, but not required in the current intensive sequence.",[],0,./2025/CVPR/2025_CVPR_PDFactor-Learning-Tri-Perspective-View-Policy-Diffusion-Fi/01_overview.md
pr-0177,Persistent Object Gaussian Splat (POGS) for Tracking Human and Robot Manipulation of Irregularly Shaped Objects,2025,ICRA,conference,peer_reviewed,Language-Grounded 3D Scene Representations,"Manipulation, contact, tactile, and dexterity",NEXT,,method,"{""learning"":[""reinforcement_learning""],""interaction"":[""contact_rich"",""grasping""],""modality"":[""force_torque"",""language"",""point_cloud""],""control_level"":[],""setting"":[],""embodiment"":[""arm""]}",FULL_TEXT_CHECKED,UNREAD,recorded,identified,venue_index,https://www.proceedings.com/content/081/081087webtoc.pdf,not_identified,not_recorded,metric:map,"Persistent Object Gaussian Splat (POGS) for Tracking Human and Robot Manipulation of Irregularly Shaped Objects is a NEXT comparison paper because it extends an algorithmic or policy mechanism around Robotics, Gaussian Splatting, Reinforcement Learning in Manipulation, contact, tactile, and dexterity, exposing a specialized frontier after the shared CORE spine.","Specialized or frontier extension selected after CORE for the Manipulation, contact, tactile, and dexterity branch.",[],0,./2025/ICRA/2025_ICRA_Persistent-Object-Gaussian-Splat-POGS-for-Tracking-Human-a/01_overview.md
pr-0451,PF3plat: Pose-Free Feed-Forward 3D Gaussian Splatting for Novel View Synthesis,2025,ICML,conference,peer_reviewed,Neural Scene Representations,Robotics-enabling 3D perception,ARCHIVE,,method,"{""learning"":[],""interaction"":[],""modality"":[""point_cloud"",""rgb""],""control_level"":[],""setting"":[],""embodiment"":[]}",FULL_TEXT_CHECKED,N/A,recorded,identified,paper_specific,https://openreview.net/forum?id=VjI1NnsW4t,not_identified,not_recorded,metric:map,"PF3plat: Pose-Free Feed-Forward 3D Gaussian Splatting for Novel View Synthesis is retained as ARCHIVE because its an algorithmic or policy mechanism around Gaussian Splatting, geometry, 3D Vision preserves historical or adjacent context for Robotics-enabling 3D perception; it is outside the current robotics-first intensive scope.",Historical or adjacent material retained for search; outside the current intensive scope.,[],0,./2025/ICML/2025_ICML_PF3plat-Pose-Free-Feed-Forward-3D-Gaussian-Splatting-for-N/01_overview.md
pr-0651,Physics-Driven Data Generation for Contact-Rich Manipulation via Trajectory Optimization,2025,RSS,conference,peer_reviewed,"Manipulation, Contact, and Dexterity","Manipulation, contact, tactile, and dexterity",NEXT,,method,"{""learning"":[""optimization_or_planning""],""interaction"":[""contact_rich"",""grasping""],""modality"":[],""control_level"":[""motion_planning""],""setting"":[],""embodiment"":[""arm""]}",FULL_TEXT_CHECKED,UNREAD,recorded,source_only,paper_specific,https://www.roboticsproceedings.org/rss21/p053.html,project_only,not_recorded,code:ffff4131852a;metric:success-rate,"Physics-Driven Data Generation for Contact-Rich Manipulation via Trajectory Optimization is a NEXT comparison paper because it extends an algorithmic or policy mechanism around Robotics, contact-rich manipulation, trajectory optimization in Manipulation, contact, tactile, and dexterity, exposing a specialized frontier after the shared CORE spine.","Specialized or frontier extension selected after CORE for the Manipulation, contact, tactile, and dexterity branch.",[],0,./2025/RSS/2025_RSS_Physics-Driven-Data-Generation-for-Contact-Rich-Manipulati/01_overview.md
pr-0233,PhysSplat: Efficient Physics Simulation for 3D Scenes via MLLM-Guided Gaussian Splatting,2025,ICCV,conference,peer_reviewed,Language-Grounded 3D Scene Representations,Robotics-enabling 3D perception,REFERENCE,,method,"{""learning"":[],""interaction"":[],""modality"":[""language"",""point_cloud"",""rgb""],""control_level"":[],""setting"":[""simulation""],""embodiment"":[]}",FULL_TEXT_CHECKED,N/A,recorded,source_only,paper_specific,https://openaccess.thecvf.com/content/ICCV2025/html/Zhao_PhysSplat_Efficient_Physics_Simulation_for_3D_Scenes_via_MLLM-Guided_Gaussian_ICCV_2025_paper.html,not_identified,not_recorded,metric:map,"PhysSplat: Efficient Physics Simulation for 3D Scenes via MLLM-Guided Gaussian Splatting is retained as REFERENCE because it provides an algorithmic or policy mechanism around 3D Vision, Gaussian Splatting for targeted comparison in Robotics-enabling 3D perception; it is not required for the current intensive reading spine.","Important on-demand reference, but not required in the current intensive sequence.",[],0,./2025/ICCV/2025_ICCV_PhysSplat-Efficient-Physics-Simulation-for-3D-Scenes-via-M/01_overview.md
pr-0685,PIN-WM: Learning Physics-INformed World Models for Non-Prehensile Manipulation,2025,RSS,conference,peer_reviewed,"World Models, Safety, and Recovery","World models, safety, uncertainty, and recovery",NEXT,,method,"{""learning"":[""world_model""],""interaction"":[""grasping""],""modality"":[],""control_level"":[""safety_or_recovery""],""setting"":[],""embodiment"":[""arm""]}",FULL_TEXT_CHECKED,UNREAD,recorded,source_only,paper_specific,https://www.roboticsproceedings.org/rss21/p153.html,project_only,not_recorded,code:fdcab919c3c6,"PIN-WM: Learning Physics-INformed World Models for Non-Prehensile Manipulation is a NEXT comparison paper because it extends an algorithmic or policy mechanism around Robotics, world model, physics-informed learning in World models, safety, uncertainty, and recovery, exposing a specialized frontier after the shared CORE spine.","Specialized or frontier extension selected after CORE for the World models, safety, uncertainty, and recovery branch.",[],0,./2025/RSS/2025_RSS_PIN-WM-Learning-Physics-INformed-World-Models-for-Non-Preh/01_overview.md
pr-0254,PlaceIt3D: Language-Guided Object Placement in Real 3D Scenes,2025,ICCV,conference,peer_reviewed,3D Vision-Language Understanding,Robotics-enabling 3D perception,ARCHIVE,,method,"{""learning"":[],""interaction"":[],""modality"":[""language"",""rgb""],""control_level"":[],""setting"":[],""embodiment"":[]}",FULL_TEXT_CHECKED,N/A,recorded,source_only,paper_specific,https://openaccess.thecvf.com/content/ICCV2025/html/Abdelreheem_PlaceIt3D_Language-Guided_Object_Placement_in_Real_3D_Scenes_ICCV_2025_paper.html,not_identified,not_recorded,metric:map,PlaceIt3D: Language-Guided Object Placement in Real 3D Scenes is retained as ARCHIVE because its an algorithmic or policy mechanism around 3D Vision preserves historical or adjacent context for Robotics-enabling 3D perception; it is outside the current robotics-first intensive scope.,Historical or adjacent material retained for search; outside the current intensive scope.,[],0,./2025/ICCV/2025_ICCV_PlaceIt3D-Language-Guided-Object-Placement-in-Real-3D-Scen/01_overview.md
pr-0439,PLANA3R: Zero-shot Metric Planar 3D Reconstruction via Feed-forward Planar Splatting,2025,NeurIPS,conference,peer_reviewed,Neural Scene Representations,Robotics-enabling 3D perception,ARCHIVE,,method,"{""learning"":[],""interaction"":[],""modality"":[""point_cloud"",""rgb""],""control_level"":[],""setting"":[],""embodiment"":[]}",FULL_TEXT_CHECKED,N/A,recorded,identified,paper_specific,https://openreview.net/forum?id=YTwRZP8mNO,not_identified,not_recorded,metric:map,"PLANA3R: Zero-shot Metric Planar 3D Reconstruction via Feed-forward Planar Splatting is retained as ARCHIVE because its an algorithmic or policy mechanism around Gaussian Splatting, 3D reconstruction, 3D Vision preserves historical or adjacent context for Robotics-enabling 3D perception; it is outside the current robotics-first intensive scope.",Historical or adjacent material retained for search; outside the current intensive scope.,[],0,./2025/NeurIPS/2025_NeurIPS_PLANA3R-Zero-shot-Metric-Planar-3D-Reconstruction-via-Feed/01_overview.md
pr-0447,Point-MaDi: Masked Autoencoding with Diffusion for Point Cloud Pre-training,2025,NeurIPS,conference,peer_reviewed,3D Generative Modeling,Robotics-enabling 3D perception,REFERENCE,,method,"{""learning"":[""diffusion""],""interaction"":[],""modality"":[""point_cloud"",""rgb""],""control_level"":[],""setting"":[],""embodiment"":[]}",FULL_TEXT_CHECKED,N/A,recorded,identified,paper_specific,https://openreview.net/forum?id=sYeE1obXGG,not_identified,not_recorded,benchmark:s3dis;benchmark:scannet,"Point-MaDi: Masked Autoencoding with Diffusion for Point Cloud Pre-training is retained as REFERENCE because it provides an algorithmic or policy mechanism around Diffusion, Generation, point cloud for targeted comparison in Robotics-enabling 3D perception; it is not required for the current intensive reading spine.","Important on-demand reference, but not required in the current intensive sequence.",[],0,./2025/NeurIPS/2025_NeurIPS_Point-MaDi-Masked-Autoencoding-with-Diffusion-for-Point-Cl/01_overview.md
pr-0174,Point2Graph: An End-To-End Point Cloud-Based 3D Open-Vocabulary Scene Graph for Robot Navigation,2025,ICRA,conference,peer_reviewed,Embodied Navigation and Mapping,Robotics-enabling 3D perception,REFERENCE,,method,"{""learning"":[],""interaction"":[""navigation""],""modality"":[""point_cloud"",""rgb""],""control_level"":[""state_estimation""],""setting"":[],""embodiment"":[""mobile""]}",FULL_TEXT_CHECKED,N/A,recorded,identified,venue_index,https://www.proceedings.com/content/081/081087webtoc.pdf,not_identified,not_recorded,metric:map,"Point2Graph: An End-To-End Point Cloud-Based 3D Open-Vocabulary Scene Graph for Robot Navigation is retained as REFERENCE because it provides an algorithmic or policy mechanism around Robotics, 3D Vision, Navigation for targeted comparison in Robotics-enabling 3D perception; it is not required for the current intensive reading spine.","Important on-demand reference, but not required in the current intensive sequence.",[],0,./2025/ICRA/2025_ICRA_Point2Graph-An-End-To-End-Point-Cloud-Based-3D-Open-Vocabu/01_overview.md
pr-0893,PP-Tac: Paper Picking Using Omnidirectional Tactile Feedback in Dexterous Robotic Hands,2025,RSS,conference,peer_reviewed,"Manipulation, Contact, and Dexterity","Manipulation, contact, tactile, and dexterity",NEXT,,method,"{""learning"":[],""interaction"":[""contact_rich"",""deformable"",""grasping""],""modality"":[""force_torque"",""tactile""],""control_level"":[""feedback_control""],""setting"":[],""embodiment"":[""arm"",""dexterous_hand""]}",FULL_TEXT_CHECKED,UNREAD,recorded,identified,paper_specific,https://www.roboticsproceedings.org/rss21/p056.html,not_identified,not_recorded,,RSS 2025 tactile dexterity paper that grounds manipulation decisions in omnidirectional contact and slip feedback rather than vision alone.,"Specialized or frontier extension selected after CORE for the Manipulation, contact, tactile, and dexterity branch.",[],0,./2025/RSS/2025_RSS_PP-Tac-Paper-Picking-Using-Omnidirectional-Tactile-Feedbac/01_overview.md
pr-0581,Predictive Inverse Dynamics Models are Scalable Learners for Robotic Manipulation,2025,ICLR,conference,peer_reviewed,Robot Learning and Data,"World models, safety, uncertainty, and recovery",REFERENCE,,method,"{""learning"":[""world_model""],""interaction"":[""grasping""],""modality"":[],""control_level"":[""policy""],""setting"":[],""embodiment"":[""arm""]}",FULL_TEXT_CHECKED,N/A,recorded,identified,paper_specific,https://openreview.net/forum?id=meRCKuUpmc,not_identified,not_recorded,metric:success-rate,"Predictive Inverse Dynamics Models are Scalable Learners for Robotic Manipulation is retained as REFERENCE because it provides an algorithmic or policy mechanism around Robotics, inverse dynamics, world model for targeted comparison in World models, safety, uncertainty, and recovery; it is not required for the current intensive reading spine.","Important on-demand reference, but not required in the current intensive sequence.",[],0,./2025/ICLR/2025_ICLR_Predictive-Inverse-Dynamics-Models-are-Scalable-Learners-f/01_overview.md
pr-0905,Prompting with the Future: Open-World Model Predictive Control with Interactive Digital Twins,2025,RSS,conference,peer_reviewed,"World Models, Safety, and Recovery","World models, safety, uncertainty, and recovery",NEXT,,method,"{""learning"":[""world_model""],""interaction"":[""contact_rich"",""grasping""],""modality"":[],""control_level"":[""feedback_control"",""safety_or_recovery""],""setting"":[],""embodiment"":[""arm""]}",FULL_TEXT_CHECKED,UNREAD,recorded,identified,paper_specific,https://www.roboticsproceedings.org/rss21/p145.html,not_identified,not_recorded,,RSS 2025 open-world manipulation framework that makes a digital twin and sampled futures the interface between VLM reasoning and low-level MPC.,"Specialized or frontier extension selected after CORE for the World models, safety, uncertainty, and recovery branch.",[],0,./2025/RSS/2025_RSS_Prompting-with-the-Future-Open-World-Model-Predictive-Cont/01_overview.md
pr-0448,QuadricFormer: Scene as Superquadrics for 3D Semantic Occupancy Prediction,2025,NeurIPS,conference,peer_reviewed,Autonomous 3D Perception and Sensor Fusion,Robotics-enabling 3D perception,REFERENCE,,method,"{""learning"":[],""interaction"":[],""modality"":[""lidar"",""rgb""],""control_level"":[""state_estimation""],""setting"":[],""embodiment"":[]}",FULL_TEXT_CHECKED,N/A,recorded,identified,paper_specific,https://openreview.net/forum?id=eZNdkwJYbN,not_identified,not_recorded,metric:map,"QuadricFormer: Scene as Superquadrics for 3D Semantic Occupancy Prediction is retained as REFERENCE because it provides an algorithmic or policy mechanism around sensor fusion, LiDAR, semantic for targeted comparison in Robotics-enabling 3D perception; it is not required for the current intensive reading spine.","Important on-demand reference, but not required in the current intensive sequence.",[],0,./2025/NeurIPS/2025_NeurIPS_QuadricFormer-Scene-as-Superquadrics-for-3D-Semantic-Occup/01_overview.md
pr-0381,QuickSplat: Fast 3D Surface Reconstruction via Learned Gaussian Initialization,2025,ICCV,conference,peer_reviewed,Neural Scene Representations,Robotics-enabling 3D perception,ARCHIVE,,method,"{""learning"":[],""interaction"":[],""modality"":[""point_cloud"",""rgb""],""control_level"":[],""setting"":[],""embodiment"":[]}",FULL_TEXT_CHECKED,N/A,recorded,source_only,paper_specific,https://openaccess.thecvf.com/content/ICCV2025/html/Liu_QuickSplat_Fast_3D_Surface_Reconstruction_via_Learned_Gaussian_Initialization_ICCV_2025_paper.html,not_identified,not_recorded,metric:map,"QuickSplat: Fast 3D Surface Reconstruction via Learned Gaussian Initialization is retained as ARCHIVE because its an algorithmic or policy mechanism around Gaussian Splatting, 3D reconstruction, 3D Vision preserves historical or adjacent context for Robotics-enabling 3D perception; it is outside the current robotics-first intensive scope.",Historical or adjacent material retained for search; outside the current intensive scope.,[],0,./2025/ICCV/2025_ICCV_QuickSplat-Fast-3D-Surface-Reconstruction-via-Learned-Gaus/01_overview.md
pr-0376,RadarSplat: Radar Gaussian Splatting for High-Fidelity Data Synthesis and 3D Reconstruction of Autonomous Driving Scenes,2025,ICCV,conference,peer_reviewed,Autonomous 3D Perception and Sensor Fusion,Robotics-enabling 3D perception,REFERENCE,,method,"{""learning"":[],""interaction"":[],""modality"":[""lidar"",""point_cloud"",""rgb""],""control_level"":[""state_estimation""],""setting"":[],""embodiment"":[]}",FULL_TEXT_CHECKED,N/A,recorded,source_only,paper_specific,https://openaccess.thecvf.com/content/ICCV2025/html/Kung_RadarSplat_Radar_Gaussian_Splatting_for_High-Fidelity_Data_Synthesis_and_3D_ICCV_2025_paper.html,not_identified,not_recorded,metric:map;metric:psnr;metric:ssim,"RadarSplat: Radar Gaussian Splatting for High-Fidelity Data Synthesis and 3D Reconstruction of Autonomous Driving Scenes is retained as REFERENCE because it provides an algorithmic or policy mechanism around Gaussian Splatting, 3D reconstruction, sensor fusion for targeted comparison in Robotics-enabling 3D perception; it is not required for the current intensive reading spine.","Important on-demand reference, but not required in the current intensive sequence.",[],0,./2025/ICCV/2025_ICCV_RadarSplat-Radar-Gaussian-Splatting-for-High-Fidelity-Data/01_overview.md
pr-0373,RayletDF: Raylet Distance Fields for Generalizable 3D Surface Reconstruction from Point Clouds or Gaussians,2025,ICCV,conference,peer_reviewed,Neural Scene Representations,Robotics-enabling 3D perception,ARCHIVE,,method,"{""learning"":[],""interaction"":[],""modality"":[""point_cloud"",""rgb""],""control_level"":[],""setting"":[],""embodiment"":[]}",FULL_TEXT_CHECKED,N/A,recorded,source_only,paper_specific,https://openaccess.thecvf.com/content/ICCV2025/html/Wei_RayletDF_Raylet_Distance_Fields_for_Generalizable_3D_Surface_Reconstruction_from_ICCV_2025_paper.html,not_identified,not_recorded,metric:map,"RayletDF: Raylet Distance Fields for Generalizable 3D Surface Reconstruction from Point Clouds or Gaussians is retained as ARCHIVE because its an algorithmic or policy mechanism around Gaussian Splatting, 3D reconstruction, point cloud preserves historical or adjacent context for Robotics-enabling 3D perception; it is outside the current robotics-first intensive scope.",Historical or adjacent material retained for search; outside the current intensive scope.,[],0,./2025/ICCV/2025_ICCV_RayletDF-Raylet-Distance-Fields-for-Generalizable-3D-Surfa/01_overview.md
pr-0083,RDT-1B: a Diffusion Foundation Model for Bimanual Manipulation,2025,ICLR,conference,peer_reviewed,VLA and Generalist Robot Policies,VLA and generalist robot policies,NEXT,,foundation,"{""learning"":[""diffusion"",""vla""],""interaction"":[""grasping""],""modality"":[""language""],""control_level"":[""policy""],""setting"":[],""embodiment"":[""arm"",""bimanual""]}",FULL_TEXT_CHECKED,UNREAD,recorded,identified,paper_specific,https://openreview.net/forum?id=yAzN4tz7oI,not_identified,not_recorded,metric:success-rate,"RDT-1B: a Diffusion Foundation Model for Bimanual Manipulation is a NEXT comparison paper because it extends a reusable formulation or system primitive around Robotics, Diffusion in VLA and generalist robot policies, exposing a specialized frontier after the shared CORE spine.",Specialized or frontier extension selected after CORE for the VLA and generalist robot policies branch.,[],0,./2025/ICLR/2025_ICLR_RDT-1B-a-Diffusion-Foundation-Model-for-Bimanual-Manipulat/01_overview.md
pr-0751,Reactive Diffusion Policy: Slow-Fast Visual-Tactile Policy Learning for Contact-Rich Manipulation,2025,RSS,conference,peer_reviewed,"Manipulation, Contact, and Dexterity","Manipulation, contact, tactile, and dexterity",NEXT,,method,"{""learning"":[""diffusion"",""imitation_learning""],""interaction"":[""contact_rich"",""grasping""],""modality"":[""tactile""],""control_level"":[""feedback_control"",""policy""],""setting"":[],""embodiment"":[""arm""]}",FULL_TEXT_CHECKED,UNREAD,recorded,source_only,paper_specific,https://www.roboticsproceedings.org/rss21/p052.html,project_only,not_recorded,code:bf3b2b6d0349,"Reactive Diffusion Policy: Slow-Fast Visual-Tactile Policy Learning for Contact-Rich Manipulation is a NEXT comparison paper because it extends an algorithmic or policy mechanism around Robotics, Diffusion, tactile sensing in Manipulation, contact, tactile, and dexterity, exposing a specialized frontier after the shared CORE spine.","Specialized or frontier extension selected after CORE for the Manipulation, contact, tactile, and dexterity branch.","[{""type"":""extends"",""paper_id"":""pr-0019"",""confidence"":""verified""}]",1,./2025/RSS/2025_RSS_Reactive-Diffusion-Policy-Slow-Fast-Visual-Tactile-Policy/01_overview.md
pr-0775,ReasonGrounder: LVLM-Guided Hierarchical Feature Splatting for Open-Vocabulary 3D Visual Grounding and Reasoning,2025,CVPR,conference,peer_reviewed,Language-Grounded 3D Scene Representations,Robotics-enabling 3D perception,REFERENCE,,method,"{""learning"":[],""interaction"":[],""modality"":[""language"",""point_cloud""],""control_level"":[],""setting"":[],""embodiment"":[]}",FULL_TEXT_CHECKED,N/A,recorded,source_only,paper_specific,https://openaccess.thecvf.com/content/CVPR2025/html/Liu_ReasonGrounder_LVLM-Guided_Hierarchical_Feature_Splatting_for_Open-Vocabulary_3D_Visual_Grounding_CVPR_2025_paper.html,not_identified,not_recorded,metric:map,"ReasonGrounder: LVLM-Guided Hierarchical Feature Splatting for Open-Vocabulary 3D Visual Grounding and Reasoning is retained as REFERENCE because it provides an algorithmic or policy mechanism around Gaussian Splatting, grounding, LVLM for targeted comparison in Robotics-enabling 3D perception; it is not required for the current intensive reading spine.","Important on-demand reference, but not required in the current intensive sequence.",[],0,./2025/CVPR/2025_CVPR_ReasonGrounder-LVLM-Guided-Hierarchical-Feature-Splatting/01_overview.md
pr-0140,ReferSplat: Referring Segmentation in 3D Gaussian Splatting,2025,ICML,conference,peer_reviewed,Language-Grounded 3D Scene Representations,Robotics-enabling 3D perception,ARCHIVE,,method,"{""learning"":[],""interaction"":[],""modality"":[""language"",""point_cloud"",""rgb""],""control_level"":[],""setting"":[],""embodiment"":[]}",FULL_TEXT_CHECKED,N/A,recorded,identified,paper_specific,https://openreview.net/forum?id=reuShgiHdg,not_identified,not_recorded,metric:map;metric:miou,"ReferSplat: Referring Segmentation in 3D Gaussian Splatting is retained as ARCHIVE because its an algorithmic or policy mechanism around 3D Vision, Gaussian Splatting preserves historical or adjacent context for Robotics-enabling 3D perception; it is outside the current robotics-first intensive scope.",Historical or adjacent material retained for search; outside the current intensive scope.,[],0,./2025/ICML/2025_ICML_ReferSplat-Referring-Segmentation-in-3D-Gaussian-Splatting/01_overview.md
pr-0132,ReinboT: Amplifying Robot Visual-Language Manipulation with Reinforcement Learning,2025,ICML,conference,peer_reviewed,VLA and Generalist Robot Policies,VLA and generalist robot policies,REFERENCE,,method,"{""learning"":[""reinforcement_learning"",""vla""],""interaction"":[""contact_rich"",""grasping""],""modality"":[""force_torque"",""language""],""control_level"":[""policy""],""setting"":[],""embodiment"":[""arm""]}",FULL_TEXT_CHECKED,N/A,recorded,identified,paper_specific,https://openreview.net/forum?id=Mzz4BhdIFb,not_identified,not_recorded,benchmark:calvin;metric:success-rate,"ReinboT: Amplifying Robot Visual-Language Manipulation with Reinforcement Learning is retained as REFERENCE because it provides an algorithmic or policy mechanism around VLA, Robotics, Reinforcement Learning for targeted comparison in VLA and generalist robot policies; it is not required for the current intensive reading spine.","Important on-demand reference, but not required in the current intensive sequence.",[],0,./2025/ICML/2025_ICML_ReinboT-Amplifying-Robot-Visual-Language-Manipulation-with/01_overview.md
pr-0392,Repurposing 2D Diffusion Models with Gaussian Atlas for 3D Generation,2025,ICCV,conference,peer_reviewed,3D Generative Modeling,Robotics-enabling 3D perception,ARCHIVE,,method,"{""learning"":[""diffusion""],""interaction"":[],""modality"":[""point_cloud"",""rgb""],""control_level"":[],""setting"":[],""embodiment"":[]}",FULL_TEXT_CHECKED,N/A,recorded,source_only,paper_specific,https://openaccess.thecvf.com/content/ICCV2025/html/Xiang_Repurposing_2D_Diffusion_Models_with_Gaussian_Atlas_for_3D_Generation_ICCV_2025_paper.html,not_identified,not_recorded,,"Repurposing 2D Diffusion Models with Gaussian Atlas for 3D Generation is retained as ARCHIVE because its an algorithmic or policy mechanism around Gaussian Splatting, Diffusion, Generation preserves historical or adjacent context for Robotics-enabling 3D perception; it is outside the current robotics-first intensive scope.",Historical or adjacent material retained for search; outside the current intensive scope.,[],0,./2025/ICCV/2025_ICCV_Repurposing-2D-Diffusion-Models-with-Gaussian-Atlas-for-3D/01_overview.md
pr-0333,Rethinking Temporal Fusion with a Unified Gradient Descent View for 3D Semantic Occupancy Prediction,2025,CVPR,conference,peer_reviewed,Autonomous 3D Perception and Sensor Fusion,Robotics-enabling 3D perception,ARCHIVE,,method,"{""learning"":[],""interaction"":[],""modality"":[""lidar"",""rgb""],""control_level"":[""state_estimation""],""setting"":[],""embodiment"":[]}",FULL_TEXT_CHECKED,N/A,recorded,source_only,paper_specific,https://openaccess.thecvf.com/content/CVPR2025/html/Chen_Rethinking_Temporal_Fusion_with_a_Unified_Gradient_Descent_View_for_CVPR_2025_paper.html,not_identified,not_recorded,benchmark:nuscenes;metric:map;metric:miou,"Rethinking Temporal Fusion with a Unified Gradient Descent View for 3D Semantic Occupancy Prediction is retained as ARCHIVE because its an algorithmic or policy mechanism around sensor fusion, LiDAR, semantic preserves historical or adjacent context for Robotics-enabling 3D perception; it is outside the current robotics-first intensive scope.",Historical or adjacent material retained for search; outside the current intensive scope.,[],0,./2025/CVPR/2025_CVPR_Rethinking-Temporal-Fusion-with-a-Unified-Gradient-Descent/01_overview.md
pr-0374,RIOcc: Efficient Cross-Modal Fusion Transformer with Collaborative Feature Refinement for 3D Semantic Occupancy Prediction,2025,ICCV,conference,peer_reviewed,Autonomous 3D Perception and Sensor Fusion,Robotics-enabling 3D perception,REFERENCE,,method,"{""learning"":[],""interaction"":[],""modality"":[""lidar"",""rgb""],""control_level"":[""state_estimation""],""setting"":[],""embodiment"":[]}",FULL_TEXT_CHECKED,N/A,recorded,source_only,paper_specific,https://openaccess.thecvf.com/content/ICCV2025/html/Fan_RIOcc_Efficient_Cross-Modal_Fusion_Transformer_with_Collaborative_Feature_Refinement_for_ICCV_2025_paper.html,not_identified,not_recorded,benchmark:nuscenes;metric:map;metric:miou,"RIOcc: Efficient Cross-Modal Fusion Transformer with Collaborative Feature Refinement for 3D Semantic Occupancy Prediction is retained as REFERENCE because it provides an algorithmic or policy mechanism around sensor fusion, LiDAR, semantic for targeted comparison in Robotics-enabling 3D perception; it is not required for the current intensive reading spine.","Important on-demand reference, but not required in the current intensive sequence.",[],0,./2025/ICCV/2025_ICCV_RIOcc-Efficient-Cross-Modal-Fusion-Transformer-with-Collab/01_overview.md
pr-0886,RLDG: Robotic Generalist Policy Distillation via Reinforcement Learning,2025,RSS,conference,peer_reviewed,Robot Learning and Data,"RL, IL, offline learning, and robot data",NEXT,,method,"{""learning"":[""reinforcement_learning""],""interaction"":[""contact_rich"",""grasping""],""modality"":[""force_torque""],""control_level"":[""policy""],""setting"":[""real_robot""],""embodiment"":[""arm""]}",FULL_TEXT_CHECKED,UNREAD,recorded,identified,paper_specific,https://www.roboticsproceedings.org/rss21/p028.html,project_only,not_recorded,code:591d3e6a9ae2,"RSS 2025 data-and-learning paper that distills specialist RL behavior into a generalist robot policy, clarifying the specialist-to-generalist scaling path.","Specialized or frontier extension selected after CORE for the RL, IL, offline learning, and robot data branch.",[],0,./2025/RSS/2025_RSS_RLDG-Robotic-Generalist-Policy-Distillation-via-Reinforcem/01_overview.md
pr-0779,RoboGround: Robotic Manipulation with Grounded Vision-Language Priors,2025,CVPR,conference,peer_reviewed,VLA and Generalist Robot Policies,VLA and generalist robot policies,REFERENCE,,method,"{""learning"":[""vla""],""interaction"":[""grasping""],""modality"":[""language"",""rgb""],""control_level"":[""policy""],""setting"":[],""embodiment"":[""arm""]}",FULL_TEXT_CHECKED,N/A,recorded,source_only,paper_specific,https://openaccess.thecvf.com/content/CVPR2025/html/Huang_RoboGround_Robotic_Manipulation_with_Grounded_Vision-Language_Priors_CVPR_2025_paper.html,not_identified,not_recorded,metric:success-rate,"RoboGround: Robotic Manipulation with Grounded Vision-Language Priors is retained as REFERENCE because it provides an algorithmic or policy mechanism around VLM, grounding, Robotics for targeted comparison in VLA and generalist robot policies; it is not required for the current intensive reading spine.","Important on-demand reference, but not required in the current intensive sequence.",[],0,./2025/CVPR/2025_CVPR_RoboGround-Robotic-Manipulation-with-Grounded-Vision-Langu/01_overview.md
pr-0910,RoboMIND: Benchmark on Multi-embodiment Intelligence Normative Data for Robot Manipulation,2025,RSS,conference,peer_reviewed,Robot Learning and Data,"RL, IL, offline learning, and robot data",NEXT,,benchmark_or_dataset,"{""learning"":[],""interaction"":[""grasping""],""modality"":[],""control_level"":[""policy""],""setting"":[""long_horizon""],""embodiment"":[""arm""]}",FULL_TEXT_CHECKED,UNREAD,recorded,identified,paper_specific,https://www.roboticsproceedings.org/rss21/p152.html,project_only,not_recorded,code:382c97df08cf,RSS 2025 multi-embodiment dataset and benchmark that fills the registry gap between isolated robot datasets and generalist manipulation evaluation.,"Specialized or frontier extension selected after CORE for the RL, IL, offline learning, and robot data branch.",[],0,./2025/RSS/2025_RSS_RoboMIND-Benchmark-on-Multi-embodiment-Intelligence-Normat/01_overview.md
pr-0671,RoboPanoptes: The All-Seeing Robot with Whole-body Dexterity,2025,RSS,conference,peer_reviewed,"Locomotion, Whole-Body, and Mobile Manipulation","Locomotion, whole-body, mobile manipulation, and humanoids",NEXT,,method,"{""learning"":[],""interaction"":[""grasping"",""locomotion"",""whole_body""],""modality"":[],""control_level"":[""feedback_control"",""state_estimation"",""whole_body""],""setting"":[],""embodiment"":[""arm"",""mobile""]}",FULL_TEXT_CHECKED,UNREAD,recorded,source_only,paper_specific,https://www.roboticsproceedings.org/rss21/p042.html,project_only,not_recorded,code:d1832880afef;metric:success-rate,"RoboPanoptes: The All-Seeing Robot with Whole-body Dexterity is a NEXT comparison paper because it extends an algorithmic or policy mechanism around Robotics, mobile manipulation, whole-body control in Locomotion, whole-body, mobile manipulation, and humanoids, exposing a specialized frontier after the shared CORE spine.","Specialized or frontier extension selected after CORE for the Locomotion, whole-body, mobile manipulation, and humanoids branch.",[],0,./2025/RSS/2025_RSS_RoboPanoptes-The-All-Seeing-Robot-with-Whole-body-Dexterit/01_overview.md
pr-0111,RoboRefer: Towards Spatial Referring with Reasoning in Vision-Language Models for Robotics,2025,NeurIPS,conference,peer_reviewed,3D Vision-Language Understanding,Robotics-enabling 3D perception,NEXT,,method,"{""learning"":[],""interaction"":[],""modality"":[""language"",""rgb""],""control_level"":[],""setting"":[],""embodiment"":[]}",FULL_TEXT_CHECKED,UNREAD,recorded,identified,paper_specific,https://openreview.net/forum?id=OGxalNUHbJ,not_identified,not_recorded,metric:map,"RoboRefer: Towards Spatial Referring with Reasoning in Vision-Language Models for Robotics is a NEXT comparison paper because it extends an algorithmic or policy mechanism around Vision-Language Model, Robotics, 3D Vision in Robotics-enabling 3D perception, exposing a specialized frontier after the shared CORE spine.",Specialized or frontier extension selected after CORE for the Robotics-enabling 3D perception branch.,[],0,./2025/NeurIPS/2025_NeurIPS_RoboRefer-Towards-Spatial-Referring-with-Reasoning-in-Visi/01_overview.md
pr-0772,RoboSpatial: Teaching Spatial Understanding to 2D and 3D Vision-Language Models for Robotics,2025,CVPR,conference,peer_reviewed,3D Vision-Language Understanding,Robotics-enabling 3D perception,NEXT,,method,"{""learning"":[],""interaction"":[],""modality"":[""language"",""rgb""],""control_level"":[],""setting"":[],""embodiment"":[]}",FULL_TEXT_CHECKED,UNREAD,recorded,source_only,paper_specific,https://openaccess.thecvf.com/content/CVPR2025/html/Song_RoboSpatial_Teaching_Spatial_Understanding_to_2D_and_3D_Vision-Language_Models_CVPR_2025_paper.html,not_identified,not_recorded,metric:map,"RoboSpatial: Teaching Spatial Understanding to 2D and 3D Vision-Language Models for Robotics is a NEXT comparison paper because it extends an algorithmic or policy mechanism around VLM, spatial reasoning, Robotics in Robotics-enabling 3D perception, exposing a specialized frontier after the shared CORE spine.",Specialized or frontier extension selected after CORE for the Robotics-enabling 3D perception branch.,[],0,./2025/CVPR/2025_CVPR_RoboSpatial-Teaching-Spatial-Understanding-to-2D-and-3D-Vi/01_overview.md
pr-0639,Robot Data Curation with Mutual Information Estimators,2025,RSS,conference,peer_reviewed,Robot Learning and Data,"RL, IL, offline learning, and robot data",REFERENCE,,method,"{""learning"":[""imitation_learning""],""interaction"":[],""modality"":[],""control_level"":[""policy""],""setting"":[],""embodiment"":[]}",FULL_TEXT_CHECKED,N/A,recorded,source_only,paper_specific,https://www.roboticsproceedings.org/rss21/p023.html,project_only,not_recorded,code:a0d6f02c1488;metric:success-rate,"Robot Data Curation with Mutual Information Estimators is retained as REFERENCE because it provides an algorithmic or policy mechanism around Robotics, Imitation Learning, data curation for targeted comparison in RL, IL, offline learning, and robot data; it is not required for the current intensive reading spine.","Important on-demand reference, but not required in the current intensive sequence.",[],0,./2025/RSS/2025_RSS_Robot-Data-Curation-with-Mutual-Information-Estimators/01_overview.md
pr-0640,Robot Learning with Super-Linear Scaling,2025,RSS,conference,peer_reviewed,Robot Learning and Data,"RL, IL, offline learning, and robot data",REFERENCE,,method,"{""learning"":[""imitation_learning""],""interaction"":[],""modality"":[],""control_level"":[""policy""],""setting"":[],""embodiment"":[]}",FULL_TEXT_CHECKED,N/A,recorded,source_only,paper_specific,https://www.roboticsproceedings.org/rss21/p025.html,project_only,not_recorded,code:c97bd6308e80;metric:success-rate,"Robot Learning with Super-Linear Scaling is retained as REFERENCE because it provides an algorithmic or policy mechanism around Robotics, Imitation Learning, scaling laws for targeted comparison in RL, IL, offline learning, and robot data; it is not required for the current intensive reading spine.","Important on-demand reference, but not required in the current intensive sequence.",[],0,./2025/RSS/2025_RSS_Robot-Learning-with-Super-Linear-Scaling/01_overview.md
pr-0702,Robotic World Model: A Neural Network Simulator for Robust Policy Optimization in Robotics,2025,arXiv,preprint,preprint,"World Models, Safety, and Recovery","World models, safety, uncertainty, and recovery",REFERENCE,,system,"{""learning"":[""optimization_or_planning"",""reinforcement_learning"",""world_model""],""interaction"":[],""modality"":[],""control_level"":[""policy"",""safety_or_recovery""],""setting"":[""simulation""],""embodiment"":[]}",FULL_TEXT_CHECKED,N/A,recorded,identified,paper_specific,https://arxiv.org/abs/2501.10100,not_released,not_recorded,,"Robotic World Model: A Neural Network Simulator for Robust Policy Optimization in Robotics is retained as REFERENCE because it provides an integrated system or deployment interface around Robotics, world model, policy optimization for targeted comparison in World models, safety, uncertainty, and recovery; it is not required for the current intensive reading spine.","Important on-demand reference, but not required in the current intensive sequence.",[],0,./2025/arXiv/2025_arXiv_Robotic-World-Model-A-Neural-Network-Simulator-for-Robust/01_overview.md
pr-0888,"RoboVerse: A Unified Platform, Benchmark and Dataset for Scalable and Generalizable Robot Learning",2025,RSS,conference,peer_reviewed,Robot Learning and Data,"RL, IL, offline learning, and robot data",NEXT,,benchmark_or_dataset,"{""learning"":[],""interaction"":[],""modality"":[],""control_level"":[""policy""],""setting"":[""simulation""],""embodiment"":[]}",FULL_TEXT_CHECKED,UNREAD,recorded,identified,paper_specific,https://www.roboticsproceedings.org/rss21/p022.html,project_only,not_recorded,code:84b4f8697c70,RSS 2025 platform/benchmark/data contribution that supplies the standardized simulation and evaluation layer missing from many generalist robot-learning comparisons.,"Specialized or frontier extension selected after CORE for the RL, IL, offline learning, and robot data branch.",[],0,./2025/RSS/2025_RSS_RoboVerse-A-Unified-Platform-Benchmark-and-Dataset-for-Sca/01_overview.md
pr-0393,Robust and Efficient 3D Gaussian Splatting for Urban Scene Reconstruction,2025,ICCV,conference,peer_reviewed,Neural Scene Representations,Robotics-enabling 3D perception,ARCHIVE,,method,"{""learning"":[],""interaction"":[],""modality"":[""point_cloud"",""rgb""],""control_level"":[],""setting"":[],""embodiment"":[]}",FULL_TEXT_CHECKED,N/A,recorded,source_only,paper_specific,https://openaccess.thecvf.com/content/ICCV2025/html/Yuan_Robust_and_Efficient_3D_Gaussian_Splatting_for_Urban_Scene_Reconstruction_ICCV_2025_paper.html,not_identified,not_recorded,metric:map,"Robust and Efficient 3D Gaussian Splatting for Urban Scene Reconstruction is retained as ARCHIVE because its an algorithmic or policy mechanism around Gaussian Splatting, 3D reconstruction, 3D Vision preserves historical or adjacent context for Robotics-enabling 3D perception; it is outside the current robotics-first intensive scope.",Historical or adjacent material retained for search; outside the current intensive scope.,[],0,./2025/ICCV/2025_ICCV_Robust-and-Efficient-3D-Gaussian-Splatting-for-Urban-Scene/01_overview.md
pr-0896,Robust Peg-in-Hole Assembly under Uncertainties via Compliant and Interactive Contact-Rich Manipulation,2025,RSS,conference,peer_reviewed,"Manipulation, Contact, and Dexterity","Manipulation, contact, tactile, and dexterity",NEXT,,method,"{""learning"":[],""interaction"":[""assembly"",""contact_rich"",""grasping""],""modality"":[],""control_level"":[],""setting"":[],""embodiment"":[""arm""]}",FULL_TEXT_CHECKED,UNREAD,recorded,identified,paper_specific,https://www.roboticsproceedings.org/rss21/p060.html,not_identified,not_recorded,,RSS 2025 learning-free contact-rich assembly paper that makes compliance and interactive state-space funnels central to robust insertion.,"Specialized or frontier extension selected after CORE for the Manipulation, contact, tactile, and dexterity branch.",[],0,./2025/RSS/2025_RSS_Robust-Peg-in-Hole-Assembly-under-Uncertainties-via-Compli/01_overview.md
pr-0696,SAFE: Multitask Failure Detection for Vision-Language-Action Models,2025,NeurIPS,conference,peer_reviewed,"World Models, Safety, and Recovery","World models, safety, uncertainty, and recovery",NEXT,,method,"{""learning"":[""vla"",""world_model""],""interaction"":[],""modality"":[""language"",""rgb""],""control_level"":[""policy"",""safety_or_recovery""],""setting"":[],""embodiment"":[]}",FULL_TEXT_CHECKED,UNREAD,recorded,source_only,paper_specific,https://proceedings.neurips.cc/paper_files/paper/2025/hash/392d0d05e2f514063e6ce6f8b370834c-Abstract-Conference.html,project_only,not_recorded,code:4a29e6f4e5ea,"SAFE: Multitask Failure Detection for Vision-Language-Action Models is a NEXT comparison paper because it extends an algorithmic or policy mechanism around Robotics, VLA, failure detection in World models, safety, uncertainty, and recovery, exposing a specialized frontier after the shared CORE spine.","Specialized or frontier extension selected after CORE for the World models, safety, uncertainty, and recovery branch.",[],0,./2025/NeurIPS/2025_NeurIPS_SAFE-Multitask-Failure-Detection-for-Vision-Language-Actio/01_overview.md
pr-0672,SafeMimic: Towards Safe and Autonomous Human-to-Robot Imitation for Mobile Manipulation,2025,RSS,conference,peer_reviewed,"Locomotion, Whole-Body, and Mobile Manipulation","World models, safety, uncertainty, and recovery",NEXT,,method,"{""learning"":[""imitation_learning""],""interaction"":[""grasping"",""locomotion"",""whole_body""],""modality"":[],""control_level"":[""safety_or_recovery"",""whole_body""],""setting"":[],""embodiment"":[""arm"",""mobile""]}",FULL_TEXT_CHECKED,UNREAD,recorded,source_only,paper_specific,https://www.roboticsproceedings.org/rss21/p128.html,project_only,not_recorded,code:046b3eb6e3c0;metric:success-rate,"SafeMimic: Towards Safe and Autonomous Human-to-Robot Imitation for Mobile Manipulation is a NEXT comparison paper because it extends an algorithmic or policy mechanism around Robotics, mobile manipulation, Imitation Learning in World models, safety, uncertainty, and recovery, exposing a specialized frontier after the shared CORE spine.","Specialized or frontier extension selected after CORE for the World models, safety, uncertainty, and recovery branch.",[],0,./2025/RSS/2025_RSS_SafeMimic-Towards-Safe-and-Autonomous-Human-to-Robot-Imita/01_overview.md
pr-0123,SafeVLA: Towards Safety Alignment of Vision-Language-Action Model via Constrained Learning,2025,NeurIPS,conference,peer_reviewed,VLA and Generalist Robot Policies,VLA and generalist robot policies,REFERENCE,,method,"{""learning"":[""vla""],""interaction"":[],""modality"":[""language"",""rgb""],""control_level"":[""policy"",""safety_or_recovery""],""setting"":[],""embodiment"":[]}",FULL_TEXT_CHECKED,N/A,recorded,identified,paper_specific,https://openreview.net/forum?id=dt940loCBT,not_identified,not_recorded,metric:sr;metric:success-rate,"SafeVLA: Towards Safety Alignment of Vision-Language-Action Model via Constrained Learning is retained as REFERENCE because it provides an algorithmic or policy mechanism around VLA, Vision-Language Model for targeted comparison in VLA and generalist robot policies; it is not required for the current intensive reading spine.","Important on-demand reference, but not required in the current intensive sequence.",[],0,./2025/NeurIPS/2025_NeurIPS_SafeVLA-Towards-Safety-Alignment-of-Vision-Language-Action/01_overview.md
pr-0754,SAM 2: Segment Anything in Images and Videos,2025,ICLR,conference,peer_reviewed,Foundations: Vision and Language Models,,REFERENCE,,foundation,"{""learning"":[],""interaction"":[],""modality"":[""language"",""rgb"",""video""],""control_level"":[],""setting"":[],""embodiment"":[]}",FULL_TEXT_CHECKED,N/A,recorded,identified,paper_specific,https://arxiv.org/abs/2408.00714,released,not_recorded,code:d217790e9a89,"SAM 2: Segment Anything in Images and Videos is retained as REFERENCE because it provides a reusable formulation or system primitive around segmentation, foundation model, prompting for targeted comparison in Foundations: Vision and Language Models; it is not required for the current intensive reading spine.","Important on-demand reference, but not required in the current intensive sequence.",[],0,./2025/ICLR/2025_ICLR_SAM-2-Segment-Anything-in-Images-and-Videos/01_overview.md
pr-0143,SAM2Act: Integrating Visual Foundation Model with A Memory Architecture for Robotic Manipulation,2025,ICML,conference,peer_reviewed,VLA and Generalist Robot Policies,VLA and generalist robot policies,REFERENCE,,foundation,"{""learning"":[""imitation_learning"",""vla""],""interaction"":[""grasping""],""modality"":[""language""],""control_level"":[""policy""],""setting"":[],""embodiment"":[""arm""]}",FULL_TEXT_CHECKED,N/A,recorded,identified,paper_specific,https://openreview.net/forum?id=anSWDvJm8v,not_identified,not_recorded,benchmark:rlbench;metric:success-rate,"SAM2Act: Integrating Visual Foundation Model with A Memory Architecture for Robotic Manipulation is retained as REFERENCE because it provides a reusable formulation or system primitive around Robotics, Imitation Learning for targeted comparison in VLA and generalist robot policies; it is not required for the current intensive reading spine.","Important on-demand reference, but not required in the current intensive sequence.",[],0,./2025/ICML/2025_ICML_SAM2Act-Integrating-Visual-Foundation-Model-with-A-Memory/01_overview.md
pr-0664,SATA: Safe and Adaptive Torque-Based Locomotion Policies Inspired by Animal Learning,2025,RSS,conference,peer_reviewed,"Locomotion, Whole-Body, and Mobile Manipulation","Locomotion, whole-body, mobile manipulation, and humanoids",REFERENCE,,method,"{""learning"":[],""interaction"":[""grasping"",""locomotion"",""whole_body""],""modality"":[],""control_level"":[""feedback_control"",""whole_body""],""setting"":[],""embodiment"":[""arm"",""legged"",""mobile""]}",FULL_TEXT_CHECKED,N/A,recorded,source_only,paper_specific,https://www.roboticsproceedings.org/rss21/p124.html,project_only,not_recorded,code:6aeab7b8cce2,"SATA: Safe and Adaptive Torque-Based Locomotion Policies Inspired by Animal Learning is retained as REFERENCE because it provides an algorithmic or policy mechanism around Robotics, quadruped locomotion, safe locomotion for targeted comparison in Locomotion, whole-body, mobile manipulation, and humanoids; it is not required for the current intensive reading spine.","Important on-demand reference, but not required in the current intensive sequence.",[],0,./2025/RSS/2025_RSS_SATA-Safe-and-Adaptive-Torque-Based-Locomotion-Policies-In/01_overview.md
pr-0418,SC-OmniGS: Self-Calibrating Omnidirectional Gaussian Splatting,2025,ICLR,conference,peer_reviewed,Neural Scene Representations,Robotics-enabling 3D perception,ARCHIVE,,method,"{""learning"":[],""interaction"":[],""modality"":[""point_cloud"",""rgb""],""control_level"":[],""setting"":[],""embodiment"":[]}",FULL_TEXT_CHECKED,N/A,recorded,identified,paper_specific,https://openreview.net/forum?id=7idCpuEAiR,not_identified,not_recorded,metric:map,"SC-OmniGS: Self-Calibrating Omnidirectional Gaussian Splatting is retained as ARCHIVE because its an algorithmic or policy mechanism around Gaussian Splatting, 3D Vision preserves historical or adjacent context for Robotics-enabling 3D perception; it is outside the current robotics-first intensive scope.",Historical or adjacent material retained for search; outside the current intensive scope.,[],0,./2025/ICLR/2025_ICLR_SC-OmniGS-Self-Calibrating-Omnidirectional-Gaussian-Splatt/01_overview.md
pr-0112,Scaffolding Dexterous Manipulation with Vision-Language Models,2025,NeurIPS,conference,peer_reviewed,VLA and Generalist Robot Policies,VLA and generalist robot policies,REFERENCE,,method,"{""learning"":[""reinforcement_learning"",""vla""],""interaction"":[""contact_rich"",""grasping""],""modality"":[""force_torque"",""language"",""rgb""],""control_level"":[""policy""],""setting"":[],""embodiment"":[""arm"",""dexterous_hand""]}",FULL_TEXT_CHECKED,N/A,recorded,identified,paper_specific,https://openreview.net/forum?id=PdRf0O7baQ,not_identified,not_recorded,metric:success-rate,"Scaffolding Dexterous Manipulation with Vision-Language Models is retained as REFERENCE because it provides an algorithmic or policy mechanism around Vision-Language Model, Robotics, Reinforcement Learning for targeted comparison in VLA and generalist robot policies; it is not required for the current intensive reading spine.","Important on-demand reference, but not required in the current intensive sequence.",[],0,./2025/NeurIPS/2025_NeurIPS_Scaffolding-Dexterous-Manipulation-with-Vision-Language-Mo/01_overview.md
pr-0455,Scalable Non-Equivariant 3D Molecule Generation via Rotational Alignment,2025,ICML,conference,peer_reviewed,"3D Geometry, Registration, and Equivariance",Robotics-enabling 3D perception,ARCHIVE,,method,"{""learning"":[""diffusion""],""interaction"":[],""modality"":[""point_cloud"",""rgb""],""control_level"":[],""setting"":[],""embodiment"":[]}",FULL_TEXT_CHECKED,N/A,recorded,identified,paper_specific,https://openreview.net/forum?id=l5KpQ5MmaD,not_identified,not_recorded,metric:map,"Scalable Non-Equivariant 3D Molecule Generation via Rotational Alignment is retained as ARCHIVE because its an algorithmic or policy mechanism around semantic, alignment, Diffusion preserves historical or adjacent context for Robotics-enabling 3D perception; it is outside the current robotics-first intensive scope.",Historical or adjacent material retained for search; outside the current intensive scope.,[],0,./2025/ICML/2025_ICML_Scalable-Non-Equivariant-3D-Molecule-Generation-via-Rotati/01_overview.md
pr-0784,Scene-LLM: Extending Language Model for 3D Visual Reasoning,2025,WACV,conference,peer_reviewed,3D Vision-Language Understanding,Robotics-enabling 3D perception,ARCHIVE,,method,"{""learning"":[],""interaction"":[],""modality"":[""language"",""rgb""],""control_level"":[],""setting"":[],""embodiment"":[]}",FULL_TEXT_CHECKED,N/A,recorded,source_only,paper_specific,https://openaccess.thecvf.com/content/WACV2025/html/Fu_Scene-LLM_Extending_Language_Model_for_3D_Visual_Reasoning_WACV_2025_paper.html,not_identified,not_recorded,metric:map,"Scene-LLM: Extending Language Model for 3D Visual Reasoning is retained as ARCHIVE because its an algorithmic or policy mechanism around LLM, 3D visual reasoning, Vision-Language preserves historical or adjacent context for Robotics-enabling 3D perception; it is outside the current robotics-first intensive scope.",Historical or adjacent material retained for search; outside the current intensive scope.,[],0,./2025/WACV/2025_WACV_Scene-LLM-Extending-Language-Model-for-3D-Visual-Reasoning/01_overview.md
pr-0790,SceneSplat: Gaussian Splatting-based Scene Understanding with Vision-Language Pretraining,2025,ICCV,conference,peer_reviewed,Language-Grounded 3D Scene Representations,Robotics-enabling 3D perception,ARCHIVE,,method,"{""learning"":[],""interaction"":[],""modality"":[""language"",""point_cloud"",""rgb""],""control_level"":[],""setting"":[],""embodiment"":[]}",FULL_TEXT_CHECKED,N/A,recorded,source_only,paper_specific,https://openaccess.thecvf.com/content/ICCV2025/html/Li_SceneSplat_Gaussian_Splatting-based_Scene_Understanding_with_Vision-Language_Pretraining_ICCV_2025_paper.html,not_identified,not_recorded,metric:map,"SceneSplat: Gaussian Splatting-based Scene Understanding with Vision-Language Pretraining is retained as ARCHIVE because its an algorithmic or policy mechanism around Gaussian Splatting, Vision-Language, semantic preserves historical or adjacent context for Robotics-enabling 3D perception; it is outside the current robotics-first intensive scope.",Historical or adjacent material retained for search; outside the current intensive scope.,[],0,./2025/ICCV/2025_ICCV_SceneSplat-Gaussian-Splatting-based-Scene-Understanding-wi/01_overview.md
pr-0137,SE(3)-Equivariant Diffusion Policy in Spherical Fourier Space,2025,ICML,conference,peer_reviewed,VLA and Generalist Robot Policies,VLA and generalist robot policies,REFERENCE,,method,"{""learning"":[""diffusion"",""imitation_learning"",""vla""],""interaction"":[],""modality"":[""language""],""control_level"":[""policy""],""setting"":[],""embodiment"":[]}",FULL_TEXT_CHECKED,N/A,recorded,identified,paper_specific,https://openreview.net/forum?id=U5nRMOs8Ed,not_identified,not_recorded,metric:success-rate,"SE(3)-Equivariant Diffusion Policy in Spherical Fourier Space is retained as REFERENCE because it provides an algorithmic or policy mechanism around Robotics, Diffusion, Imitation Learning for targeted comparison in VLA and generalist robot policies; it is not required for the current intensive reading spine.","Important on-demand reference, but not required in the current intensive sequence.","[{""type"":""extends"",""paper_id"":""pr-0019"",""confidence"":""verified""}]",0,./2025/ICML/2025_ICML_SE3-Equivariant-Diffusion-Policy-in-Spherical-Fourier-Spac/01_overview.md
pr-0338,SeaLion: Semantic Part-Aware Latent Point Diffusion Models for 3D Generation,2025,CVPR,conference,peer_reviewed,3D Generative Modeling,Robotics-enabling 3D perception,ARCHIVE,,method,"{""learning"":[""diffusion""],""interaction"":[],""modality"":[""point_cloud"",""rgb""],""control_level"":[],""setting"":[],""embodiment"":[]}",FULL_TEXT_CHECKED,N/A,recorded,source_only,paper_specific,https://openaccess.thecvf.com/content/CVPR2025/html/Zhu_SeaLion_Semantic_Part-Aware_Latent_Point_Diffusion_Models_for_3D_Generation_CVPR_2025_paper.html,not_identified,not_recorded,metric:chamfer,"SeaLion: Semantic Part-Aware Latent Point Diffusion Models for 3D Generation is retained as ARCHIVE because its an algorithmic or policy mechanism around semantic, alignment, Diffusion preserves historical or adjacent context for Robotics-enabling 3D perception; it is outside the current robotics-first intensive scope.",Historical or adjacent material retained for search; outside the current intensive scope.,[],0,./2025/CVPR/2025_CVPR_SeaLion-Semantic-Part-Aware-Latent-Point-Diffusion-Models/01_overview.md
pr-0267,Search3D: Hierarchical Open-Vocabulary 3D Segmentation,2025,RA-L,journal,peer_reviewed,3D Vision-Language Understanding,Robotics-enabling 3D perception,REFERENCE,,method,"{""learning"":[],""interaction"":[],""modality"":[""language"",""rgb""],""control_level"":[],""setting"":[],""embodiment"":[]}",FULL_TEXT_CHECKED,N/A,recorded,identified,paper_specific,https://arxiv.org/abs/2409.18431,project_only,not_recorded,benchmark:scannet;code:a7620f828df5;metric:map,"Search3D: Hierarchical Open-Vocabulary 3D Segmentation is retained as REFERENCE because it provides an algorithmic or policy mechanism around 3D Vision, semantic for targeted comparison in Robotics-enabling 3D perception; it is not required for the current intensive reading spine.","Important on-demand reference, but not required in the current intensive sequence.",[],0,./2025/RA-L/2025_RA-L_Search3D-Hierarchical-Open-Vocabulary-3D-Segmentation/01_overview.md
pr-0778,SeeGround: See and Ground for Zero-Shot Open-Vocabulary 3D Visual Grounding,2025,CVPR,conference,peer_reviewed,3D Vision-Language Understanding,Robotics-enabling 3D perception,REFERENCE,,method,"{""learning"":[],""interaction"":[],""modality"":[""language"",""rgb""],""control_level"":[],""setting"":[],""embodiment"":[]}",FULL_TEXT_CHECKED,N/A,recorded,source_only,paper_specific,https://openaccess.thecvf.com/content/CVPR2025/html/Li_SeeGround_See_and_Ground_for_Zero-Shot_Open-Vocabulary_3D_Visual_Grounding_CVPR_2025_paper.html,not_identified,not_recorded,benchmark:nr3d;benchmark:scanrefer;metric:map,"SeeGround: See and Ground for Zero-Shot Open-Vocabulary 3D Visual Grounding is retained as REFERENCE because it provides an algorithmic or policy mechanism around 3D visual grounding, zero-shot, open-vocabulary for targeted comparison in Robotics-enabling 3D perception; it is not required for the current intensive reading spine.","Important on-demand reference, but not required in the current intensive sequence.",[],0,./2025/CVPR/2025_CVPR_SeeGround-See-and-Ground-for-Zero-Shot-Open-Vocabulary-3D/01_overview.md
pr-0421,Segment Any 3D Object with Language,2025,ICLR,conference,peer_reviewed,3D Representation Learning,Robotics-enabling 3D perception,ARCHIVE,,method,"{""learning"":[],""interaction"":[],""modality"":[""language"",""rgb""],""control_level"":[],""setting"":[],""embodiment"":[]}",FULL_TEXT_CHECKED,N/A,recorded,identified,paper_specific,https://openreview.net/forum?id=ENv1CeTwxc,not_identified,not_recorded,metric:map,Segment Any 3D Object with Language is retained as ARCHIVE because its an algorithmic or policy mechanism around 3D Vision preserves historical or adjacent context for Robotics-enabling 3D perception; it is outside the current robotics-first intensive scope.,Historical or adjacent material retained for search; outside the current intensive scope.,[],0,./2025/ICLR/2025_ICLR_Segment-Any-3D-Object-with-Language/01_overview.md
pr-0131,Segment then Splat: Unified 3D Open-Vocabulary Segmentation via Gaussian Splatting,2025,NeurIPS,conference,peer_reviewed,Language-Grounded 3D Scene Representations,Robotics-enabling 3D perception,ARCHIVE,,method,"{""learning"":[],""interaction"":[],""modality"":[""language"",""point_cloud"",""rgb""],""control_level"":[],""setting"":[],""embodiment"":[]}",FULL_TEXT_CHECKED,N/A,recorded,identified,paper_specific,https://openreview.net/forum?id=ycPVp0577R,not_identified,not_recorded,metric:ap;metric:map;metric:miou,"Segment then Splat: Unified 3D Open-Vocabulary Segmentation via Gaussian Splatting is retained as ARCHIVE because its an algorithmic or policy mechanism around 3D Vision, Gaussian Splatting, semantic preserves historical or adjacent context for Robotics-enabling 3D perception; it is outside the current robotics-first intensive scope.",Historical or adjacent material retained for search; outside the current intensive scope.,[],0,./2025/NeurIPS/2025_NeurIPS_Segment-then-Splat-Unified-3D-Open-Vocabulary-Segmentation/01_overview.md
pr-0378,SEGS-SLAM: Structure-enhanced 3D Gaussian Splatting SLAM with Appearance Embedding,2025,ICCV,conference,peer_reviewed,Neural Scene Representations,Robotics-enabling 3D perception,ARCHIVE,,method,"{""learning"":[],""interaction"":[""navigation""],""modality"":[""point_cloud"",""rgb""],""control_level"":[""state_estimation""],""setting"":[],""embodiment"":[]}",FULL_TEXT_CHECKED,N/A,recorded,source_only,paper_specific,https://openaccess.thecvf.com/content/ICCV2025/html/Wen_SEGS-SLAM_Structure-enhanced_3D_Gaussian_Splatting_SLAM_with_Appearance_Embedding_ICCV_2025_paper.html,not_identified,not_recorded,metric:map,"SEGS-SLAM: Structure-enhanced 3D Gaussian Splatting SLAM with Appearance Embedding is retained as ARCHIVE because its an algorithmic or policy mechanism around Gaussian Splatting, geometry, 3D Vision preserves historical or adjacent context for Robotics-enabling 3D perception; it is outside the current robotics-first intensive scope.",Historical or adjacent material retained for search; outside the current intensive scope.,[],0,./2025/ICCV/2025_ICCV_SEGS-SLAM-Structure-enhanced-3D-Gaussian-Splatting-SLAM-wi/01_overview.md
pr-0921,Self-Correcting Robot Manipulation via Gaussian-Splatted Foresight,2025,AAAI,conference,peer_reviewed,"World Models, Safety, and Recovery","World models, safety, uncertainty, and recovery",NEXT,,method,"{""learning"":[""world_model""],""interaction"":[""grasping""],""modality"":[""point_cloud""],""control_level"":[""safety_or_recovery""],""setting"":[],""embodiment"":[""arm""]}",FULL_TEXT_CHECKED,UNREAD,recorded,identified,paper_specific,https://ojs.aaai.org/index.php/AAAI/article/view/34866,not_identified,not_recorded,benchmark:rlbench,AAAI-25 planning/scheduling paper that turns a predicted 3D scene outcome into a failure detector and rollback mechanism for manipulation.,"Specialized or frontier extension selected after CORE for the World models, safety, uncertainty, and recovery branch.",[],0,./2025/AAAI/2025_AAAI_Self-Correcting-Robot-Manipulation-via-Gaussian-Splatted-F/01_overview.md
pr-0584,Sensor-Invariant Tactile Representation,2025,ICLR,conference,peer_reviewed,"Manipulation, Contact, and Dexterity","Manipulation, contact, tactile, and dexterity",REFERENCE,,method,"{""learning"":[],""interaction"":[""contact_rich"",""grasping""],""modality"":[""tactile""],""control_level"":[],""setting"":[],""embodiment"":[""arm""]}",FULL_TEXT_CHECKED,N/A,recorded,identified,paper_specific,https://openreview.net/forum?id=RnJY9WcpA3,not_identified,not_recorded,,"Sensor-Invariant Tactile Representation is retained as REFERENCE because it provides an algorithmic or policy mechanism around Robotics, tactile sensing, sensor transfer for targeted comparison in Manipulation, contact, tactile, and dexterity; it is not required for the current intensive reading spine.","Important on-demand reference, but not required in the current intensive sequence.",[],0,./2025/ICLR/2025_ICLR_Sensor-Invariant-Tactile-Representation/01_overview.md
pr-0903,Sim-and-Real Co-Training: A Simple Recipe for Vision-Based Robotic Manipulation,2025,RSS,conference,peer_reviewed,Robot Learning and Data,"RL, IL, offline learning, and robot data",NEXT,,method,"{""learning"":[],""interaction"":[""grasping""],""modality"":[""rgb""],""control_level"":[""policy""],""setting"":[""sim_to_real"",""simulation""],""embodiment"":[""arm"",""humanoid""]}",FULL_TEXT_CHECKED,UNREAD,recorded,identified,paper_specific,https://www.roboticsproceedings.org/rss21/p109.html,project_only,not_recorded,code:5e7f986d27cd,RSS 2025 empirical scaling study that tests when simulation data complements real data rather than treating sim-to-real as an all-or-nothing replacement.,"Specialized or frontier extension selected after CORE for the RL, IL, offline learning, and robot data branch.",[],0,./2025/RSS/2025_RSS_Sim-and-Real-Co-Training-A-Simple-Recipe-for-Vision-Based/01_overview.md
pr-0115,SimWorld-Robotics: Synthesizing Photorealistic and Dynamic Urban Environments for Multimodal Robot Navigation and Collaboration,2025,NeurIPS,conference,peer_reviewed,Embodied Navigation and Mapping,"RL, IL, offline learning, and robot data",REFERENCE,,method,"{""learning"":[""reinforcement_learning""],""interaction"":[""contact_rich"",""navigation""],""modality"":[""force_torque""],""control_level"":[""state_estimation""],""setting"":[],""embodiment"":[""mobile""]}",FULL_TEXT_CHECKED,N/A,recorded,identified,paper_specific,https://openreview.net/forum?id=EyOtIOmMUh,not_identified,not_recorded,metric:map;metric:success-rate,"SimWorld-Robotics: Synthesizing Photorealistic and Dynamic Urban Environments for Multimodal Robot Navigation and Collaboration is retained as REFERENCE because it provides an algorithmic or policy mechanism around Robotics, Navigation, Reinforcement Learning for targeted comparison in RL, IL, offline learning, and robot data; it is not required for the current intensive reading spine.","Important on-demand reference, but not required in the current intensive sequence.",[],0,./2025/NeurIPS/2025_NeurIPS_SimWorld-Robotics-Synthesizing-Photorealistic-and-Dynamic/01_overview.md
pr-0436,SIU3R: Simultaneous Scene Understanding and 3D Reconstruction Beyond Feature Alignment,2025,NeurIPS,conference,peer_reviewed,3D Vision-Language Understanding,Robotics-enabling 3D perception,REFERENCE,,method,"{""learning"":[],""interaction"":[],""modality"":[""language"",""rgb""],""control_level"":[],""setting"":[],""embodiment"":[]}",FULL_TEXT_CHECKED,N/A,recorded,identified,paper_specific,https://openreview.net/forum?id=GtImvTta8x,not_identified,not_recorded,benchmark:scannet;metric:map,"SIU3R: Simultaneous Scene Understanding and 3D Reconstruction Beyond Feature Alignment is retained as REFERENCE because it provides an algorithmic or policy mechanism around 3D reconstruction, semantic, alignment for targeted comparison in Robotics-enabling 3D perception; it is not required for the current intensive reading spine.","Important on-demand reference, but not required in the current intensive sequence.",[],0,./2025/NeurIPS/2025_NeurIPS_SIU3R-Simultaneous-Scene-Understanding-and-3D-Reconstructi/01_overview.md
pr-0915,SmolVLA: A Vision-Language-Action Model for Affordable and Efficient Robotics,2025,arXiv,preprint,preprint,VLA and Generalist Robot Policies,VLA and generalist robot policies,NEXT,,method,"{""learning"":[""vla""],""interaction"":[""grasping""],""modality"":[""language"",""rgb""],""control_level"":[""policy""],""setting"":[""real_robot""],""embodiment"":[""arm""]}",FULL_TEXT_CHECKED,UNREAD,recorded,identified,paper_specific,https://arxiv.org/abs/2506.01844,released,not_recorded,code:7824bc907f89,Preprint frontier entry for the efficiency/accessibility branch: it tests whether an open small VLA can train and deploy under ordinary hardware constraints.,Specialized or frontier extension selected after CORE for the VLA and generalist robot policies branch.,[],0,./2025/arXiv/2025_arXiv_SmolVLA-A-Vision-Language-Action-Model-for-Affordable-and/01_overview.md
pr-0477,SMORE: Simultaneous Map and Object REconstruction,2025,3DV,conference,peer_reviewed,"3D Geometry, Reconstruction, and SLAM",Robotics-enabling 3D perception,ARCHIVE,,method,"{""learning"":[],""interaction"":[""navigation""],""modality"":[""point_cloud"",""rgb""],""control_level"":[""state_estimation""],""setting"":[],""embodiment"":[]}",FULL_TEXT_CHECKED,N/A,recorded,identified,venue_index,https://3dvconf.github.io/2025/accepted-papers/,not_identified,not_recorded,metric:map,"SMORE: Simultaneous Map and Object REconstruction is retained as ARCHIVE because its an algorithmic or policy mechanism around 3D reconstruction, 3D Vision preserves historical or adjacent context for Robotics-enabling 3D perception; it is outside the current robotics-first intensive scope.",Historical or adjacent material retained for search; outside the current intensive scope.,[],0,./2025/3DV/2025_3DV_SMORE-Simultaneous-Map-and-Object-REconstruction/01_overview.md
pr-0063,SocialNav-SUB: Benchmarking VLMs for Scene Understanding in Social Robot Navigation,2025,CoRL,conference,peer_reviewed,Embodied Navigation and Mapping,Robotics-enabling 3D perception,REFERENCE,,benchmark_or_dataset,"{""learning"":[],""interaction"":[""navigation""],""modality"":[],""control_level"":[""state_estimation""],""setting"":[],""embodiment"":[""mobile""]}",FULL_TEXT_CHECKED,N/A,recorded,source_only,paper_specific,https://proceedings.mlr.press/v305/munje25a.html,not_identified,not_recorded,benchmark:socialnav-sub,"SocialNav-SUB: Benchmarking VLMs for Scene Understanding in Social Robot Navigation is retained as REFERENCE because it provides a benchmark, dataset, or evaluation protocol around VLM, Navigation, Benchmark for targeted comparison in Robotics-enabling 3D perception; it is not required for the current intensive reading spine.","Important on-demand reference, but not required in the current intensive sequence.",[],0,./2025/CoRL/2025_CoRL_SocialNav-SUB-Benchmarking-VLMs-for-Scene-Understanding-in/01_overview.md
pr-0124,SoFar: Language-Grounded Orientation Bridges Spatial Reasoning and Object Manipulation,2025,NeurIPS,conference,peer_reviewed,VLA and Generalist Robot Policies,VLA and generalist robot policies,REFERENCE,,method,"{""learning"":[""vla""],""interaction"":[""grasping""],""modality"":[""language"",""rgb""],""control_level"":[""policy""],""setting"":[],""embodiment"":[""arm""]}",FULL_TEXT_CHECKED,N/A,recorded,identified,paper_specific,https://openreview.net/forum?id=kmv7yg6QXv,not_identified,not_recorded,metric:success-rate,"SoFar: Language-Grounded Orientation Bridges Spatial Reasoning and Object Manipulation is retained as REFERENCE because it provides an algorithmic or policy mechanism around Robotics, 3D Vision for targeted comparison in VLA and generalist robot policies; it is not required for the current intensive reading spine.","Important on-demand reference, but not required in the current intensive sequence.",[],0,./2025/NeurIPS/2025_NeurIPS_SoFar-Language-Grounded-Orientation-Bridges-Spatial-Reason/01_overview.md
pr-0286,SORT3D: Spatial Object-centric Reasoning Toolbox for Zero-Shot 3D Grounding Using Large Language Models,2025,IROS,conference,peer_reviewed,3D Vision-Language Understanding,Robotics-enabling 3D perception,ARCHIVE,,method,"{""learning"":[],""interaction"":[],""modality"":[""language"",""rgb""],""control_level"":[],""setting"":[],""embodiment"":[]}",FULL_TEXT_CHECKED,N/A,recorded,identified,paper_specific,https://arxiv.org/abs/2504.18684,not_identified,not_recorded,metric:map,SORT3D: Spatial Object-centric Reasoning Toolbox for Zero-Shot 3D Grounding Using Large Language Models is retained as ARCHIVE because its an algorithmic or policy mechanism around 3D Vision preserves historical or adjacent context for Robotics-enabling 3D perception; it is outside the current robotics-first intensive scope.,Historical or adjacent material retained for search; outside the current intensive scope.,[],0,./2025/IROS/2025_IROS_SORT3D-Spatial-Object-centric-Reasoning-Toolbox-for-Zero-S/01_overview.md
pr-0073,SPA: 3D Spatial-Awareness Enables Effective Embodied Representation,2025,ICLR,conference,peer_reviewed,VLA and Generalist Robot Policies,VLA and generalist robot policies,REFERENCE,,method,"{""learning"":[""vla""],""interaction"":[],""modality"":[""language"",""rgb""],""control_level"":[""policy""],""setting"":[],""embodiment"":[]}",FULL_TEXT_CHECKED,N/A,recorded,identified,paper_specific,https://openreview.net/forum?id=6TLdqAZgzn,not_identified,not_recorded,metric:success-rate,"SPA: 3D Spatial-Awareness Enables Effective Embodied Representation is retained as REFERENCE because it provides an algorithmic or policy mechanism around Robotics, 3D Vision for targeted comparison in VLA and generalist robot policies; it is not required for the current intensive reading spine.","Important on-demand reference, but not required in the current intensive sequence.",[],0,./2025/ICLR/2025_ICLR_SPA-3D-Spatial-Awareness-Enables-Effective-Embodied-Repres/01_overview.md
pr-0329,SPARS3R: Semantic Prior Alignment and Regularization for Sparse 3D Reconstruction,2025,CVPR,conference,peer_reviewed,3D Vision-Language Understanding,Robotics-enabling 3D perception,REFERENCE,,method,"{""learning"":[],""interaction"":[],""modality"":[""language"",""rgb""],""control_level"":[],""setting"":[],""embodiment"":[]}",FULL_TEXT_CHECKED,N/A,recorded,source_only,paper_specific,https://openaccess.thecvf.com/content/CVPR2025/html/Tang_SPARS3R_Semantic_Prior_Alignment_and_Regularization_for_Sparse_3D_Reconstruction_CVPR_2025_paper.html,not_identified,not_recorded,metric:map,"SPARS3R: Semantic Prior Alignment and Regularization for Sparse 3D Reconstruction is retained as REFERENCE because it provides an algorithmic or policy mechanism around 3D reconstruction, semantic, alignment for targeted comparison in Robotics-enabling 3D perception; it is not required for the current intensive reading spine.","Important on-demand reference, but not required in the current intensive sequence.",[],0,./2025/CVPR/2025_CVPR_SPARS3R-Semantic-Prior-Alignment-and-Regularization-for-Sp/01_overview.md
pr-0473,SparseGS: Sparse View Synthesis using 3D Gaussian Splatting,2025,3DV,conference,peer_reviewed,Neural Scene Representations,Robotics-enabling 3D perception,ARCHIVE,,method,"{""learning"":[],""interaction"":[],""modality"":[""point_cloud"",""rgb""],""control_level"":[],""setting"":[],""embodiment"":[]}",FULL_TEXT_CHECKED,N/A,recorded,identified,venue_index,https://3dvconf.github.io/2025/accepted-papers/,not_identified,not_recorded,benchmark:dtu;metric:map,"SparseGS: Sparse View Synthesis using 3D Gaussian Splatting is retained as ARCHIVE because its an algorithmic or policy mechanism around Gaussian Splatting, 3D Vision preserves historical or adjacent context for Robotics-enabling 3D perception; it is outside the current robotics-first intensive scope.",Historical or adjacent material retained for search; outside the current intensive scope.,[],0,./2025/3DV/2025_3DV_SparseGS-Sparse-View-Synthesis-using-3D-Gaussian-Splatting/01_overview.md
pr-0129,Spatial Understanding from Videos: Structured Prompts Meet Simulation Data,2025,NeurIPS,conference,peer_reviewed,3D Vision-Language Understanding,Robotics-enabling 3D perception,ARCHIVE,,method,"{""learning"":[],""interaction"":[],""modality"":[""language"",""rgb"",""video""],""control_level"":[],""setting"":[""simulation""],""embodiment"":[]}",FULL_TEXT_CHECKED,N/A,recorded,identified,paper_specific,https://openreview.net/forum?id=SBYCu5uJJf,not_identified,not_recorded,metric:map,"Spatial Understanding from Videos: Structured Prompts Meet Simulation Data is retained as ARCHIVE because its an algorithmic or policy mechanism around Vision-Language Model, 3D Vision preserves historical or adjacent context for Robotics-enabling 3D perception; it is outside the current robotics-first intensive scope.",Historical or adjacent material retained for search; outside the current intensive scope.,[],0,./2025/NeurIPS/2025_NeurIPS_Spatial-Understanding-from-Videos-Structured-Prompts-Meet/01_overview.md
pr-0782,SpatialLLM: A Compound 3D-Informed Design towards Spatially-Intelligent Large Multimodal Models,2025,CVPR,conference,peer_reviewed,3D Vision-Language Understanding,Robotics-enabling 3D perception,REFERENCE,,method,"{""learning"":[],""interaction"":[],""modality"":[""language"",""rgb""],""control_level"":[],""setting"":[],""embodiment"":[]}",FULL_TEXT_CHECKED,N/A,recorded,source_only,paper_specific,https://openaccess.thecvf.com/content/CVPR2025/html/Ma_SpatialLLM_A_Compound_3D-Informed_Design_towards_Spatially-Intelligent_Large_Multimodal_Models_CVPR_2025_paper.html,not_identified,not_recorded,metric:map,"SpatialLLM: A Compound 3D-Informed Design towards Spatially-Intelligent Large Multimodal Models is retained as REFERENCE because it provides an algorithmic or policy mechanism around LLM, spatial reasoning, 3D Vision for targeted comparison in Robotics-enabling 3D perception; it is not required for the current intensive reading spine.","Important on-demand reference, but not required in the current intensive sequence.",[],0,./2025/CVPR/2025_CVPR_SpatialLLM-A-Compound-3D-Informed-Design-towards-Spatially/01_overview.md
pr-0379,SpatialSplat: Efficient Semantic 3D from Sparse Unposed Images,2025,ICCV,conference,peer_reviewed,3D Vision-Language Understanding,Robotics-enabling 3D perception,REFERENCE,,method,"{""learning"":[],""interaction"":[],""modality"":[""language"",""point_cloud"",""rgb""],""control_level"":[],""setting"":[],""embodiment"":[]}",FULL_TEXT_CHECKED,N/A,recorded,source_only,paper_specific,https://openaccess.thecvf.com/content/ICCV2025/html/Sheng_SpatialSplat_Efficient_Semantic_3D_from_Sparse_Unposed_Images_ICCV_2025_paper.html,not_identified,not_recorded,metric:map,"SpatialSplat: Efficient Semantic 3D from Sparse Unposed Images is retained as REFERENCE because it provides an algorithmic or policy mechanism around Gaussian Splatting, geometry, semantic for targeted comparison in Robotics-enabling 3D perception; it is not required for the current intensive reading spine.","Important on-demand reference, but not required in the current intensive sequence.",[],0,./2025/ICCV/2025_ICCV_SpatialSplat-Efficient-Semantic-3D-from-Sparse-Unposed-Ima/01_overview.md
pr-0880,SpatialVLA: Exploring Spatial Representations for Visual-Language-Action Models,2025,RSS,conference,peer_reviewed,VLA and Generalist Robot Policies,VLA and generalist robot policies,NEXT,,method,"{""learning"":[""vla""],""interaction"":[],""modality"":[""language""],""control_level"":[""policy""],""setting"":[],""embodiment"":[]}",FULL_TEXT_CHECKED,UNREAD,recorded,identified,paper_specific,https://www.roboticsproceedings.org/rss21/p011.html,released,not_recorded,code:925afc4002ae,"RSS 2025 VLA paper that makes spatial state and action discretization explicit, strengthening the registry branch from OpenVLA toward 3D-aware cross-robot policies.",Specialized or frontier extension selected after CORE for the VLA and generalist robot policies branch.,[],0,./2025/RSS/2025_RSS_SpatialVLA-Exploring-Spatial-Representations-for-Visual-La/01_overview.md
pr-0444,Spiral: Semantic-Aware Progressive LiDAR Scene Generation and Understanding,2025,NeurIPS,conference,peer_reviewed,Autonomous 3D Perception and Sensor Fusion,Robotics-enabling 3D perception,REFERENCE,,method,"{""learning"":[""diffusion""],""interaction"":[],""modality"":[""lidar"",""rgb""],""control_level"":[""state_estimation""],""setting"":[],""embodiment"":[]}",FULL_TEXT_CHECKED,N/A,recorded,identified,paper_specific,https://openreview.net/forum?id=SoqzNbcBjy,not_identified,not_recorded,metric:map,"Spiral: Semantic-Aware Progressive LiDAR Scene Generation and Understanding is retained as REFERENCE because it provides an algorithmic or policy mechanism around sensor fusion, LiDAR, semantic for targeted comparison in Robotics-enabling 3D perception; it is not required for the current intensive reading spine.","Important on-demand reference, but not required in the current intensive sequence.",[],0,./2025/NeurIPS/2025_NeurIPS_Spiral-Semantic-Aware-Progressive-LiDAR-Scene-Generation-a/01_overview.md
pr-0284,Splat-Nav: Safe Real-Time Robot Navigation in Gaussian Splatting Maps,2025,IROS,conference,peer_reviewed,Embodied Navigation and Mapping,Robotics-enabling 3D perception,NEXT,,method,"{""learning"":[],""interaction"":[""navigation""],""modality"":[""point_cloud""],""control_level"":[""state_estimation""],""setting"":[""real_time""],""embodiment"":[""mobile""]}",FULL_TEXT_CHECKED,UNREAD,recorded,identified,paper_specific,https://arxiv.org/abs/2403.02751,not_identified,not_recorded,metric:map,"Splat-Nav: Safe Real-Time Robot Navigation in Gaussian Splatting Maps is a NEXT comparison paper because it extends an algorithmic or policy mechanism around Robotics, Navigation, Gaussian Splatting in Robotics-enabling 3D perception, exposing a specialized frontier after the shared CORE spine.",Specialized or frontier extension selected after CORE for the Robotics-enabling 3D perception branch.,[],0,./2025/IROS/2025_IROS_Splat-Nav-Safe-Real-Time-Robot-Navigation-in-Gaussian-Spla/01_overview.md
pr-0332,SplatAD: Real-Time Lidar and Camera Rendering with 3D Gaussian Splatting for Autonomous Driving,2025,CVPR,conference,peer_reviewed,Autonomous 3D Perception and Sensor Fusion,Robotics-enabling 3D perception,REFERENCE,,method,"{""learning"":[],""interaction"":[],""modality"":[""lidar"",""point_cloud"",""rgb""],""control_level"":[""state_estimation""],""setting"":[""real_time""],""embodiment"":[]}",FULL_TEXT_CHECKED,N/A,recorded,source_only,paper_specific,https://openaccess.thecvf.com/content/CVPR2025/html/Hess_SplatAD_Real-Time_Lidar_and_Camera_Rendering_with_3D_Gaussian_Splatting_CVPR_2025_paper.html,not_identified,not_recorded,metric:map,"SplatAD: Real-Time Lidar and Camera Rendering with 3D Gaussian Splatting for Autonomous Driving is retained as REFERENCE because it provides an algorithmic or policy mechanism around Gaussian Splatting, sensor fusion, LiDAR for targeted comparison in Robotics-enabling 3D perception; it is not required for the current intensive reading spine.","Important on-demand reference, but not required in the current intensive sequence.",[],0,./2025/CVPR/2025_CVPR_SplatAD-Real-Time-Lidar-and-Camera-Rendering-with-3D-Gauss/01_overview.md
pr-0410,SplatFormer: Point Transformer for Robust 3D Gaussian Splatting,2025,ICLR,conference,peer_reviewed,Neural Scene Representations,Robotics-enabling 3D perception,ARCHIVE,,method,"{""learning"":[],""interaction"":[],""modality"":[""point_cloud"",""rgb""],""control_level"":[],""setting"":[],""embodiment"":[]}",FULL_TEXT_CHECKED,N/A,recorded,identified,paper_specific,https://openreview.net/forum?id=9NfHbWKqMF,not_identified,not_recorded,metric:map,"SplatFormer: Point Transformer for Robust 3D Gaussian Splatting is retained as ARCHIVE because its an algorithmic or policy mechanism around Gaussian Splatting, point cloud, 3D Vision preserves historical or adjacent context for Robotics-enabling 3D perception; it is outside the current robotics-first intensive scope.",Historical or adjacent material retained for search; outside the current intensive scope.,[],0,./2025/ICLR/2025_ICLR_SplatFormer-Point-Transformer-for-Robust-3D-Gaussian-Splat/01_overview.md
pr-0476,SSRFlow: Semantic-aware Fusion with Spatial Temporal Re-embedding for Real-world Scene Flow,2025,3DV,conference,peer_reviewed,Autonomous 3D Perception and Sensor Fusion,Robotics-enabling 3D perception,ARCHIVE,,method,"{""learning"":[],""interaction"":[],""modality"":[""lidar"",""rgb""],""control_level"":[""state_estimation""],""setting"":[""real_robot""],""embodiment"":[]}",FULL_TEXT_CHECKED,N/A,recorded,identified,venue_index,https://3dvconf.github.io/2025/accepted-papers/,not_identified,not_recorded,metric:map,"SSRFlow: Semantic-aware Fusion with Spatial Temporal Re-embedding for Real-world Scene Flow is retained as ARCHIVE because its an algorithmic or policy mechanism around sensor fusion, LiDAR, semantic preserves historical or adjacent context for Robotics-enabling 3D perception; it is outside the current robotics-first intensive scope.",Historical or adjacent material retained for search; outside the current intensive scope.,[],0,./2025/3DV/2025_3DV_SSRFlow-Semantic-aware-Fusion-with-Spatial-Temporal-Re-emb/01_overview.md
pr-0704,Strengthening Generative Robot Policies through Predictive World Modeling,2025,RA-L,journal,peer_reviewed,"World Models, Safety, and Recovery","World models, safety, uncertainty, and recovery",REFERENCE,,method,"{""learning"":[""diffusion"",""optimization_or_planning"",""world_model""],""interaction"":[""contact_rich"",""grasping""],""modality"":[],""control_level"":[""policy"",""safety_or_recovery""],""setting"":[],""embodiment"":[""arm""]}",FULL_TEXT_CHECKED,N/A,recorded,identified,paper_specific,https://computationalrobotics.seas.harvard.edu/GPC/,project_only,not_recorded,code:9f654dab2e0b,"Strengthening Generative Robot Policies through Predictive World Modeling is retained as REFERENCE because it provides an algorithmic or policy mechanism around Robotics, world model, diffusion policy for targeted comparison in World models, safety, uncertainty, and recovery; it is not required for the current intensive reading spine.","Important on-demand reference, but not required in the current intensive sequence.",[],0,./2025/RA-L/2025_RA-L_Strengthening-Generative-Robot-Policies-through-Predictive/01_overview.md
pr-0342,Taming Video Diffusion Prior with Scene-Grounding Guidance for 3D Gaussian Splatting from Sparse Inputs,2025,CVPR,conference,peer_reviewed,3D Generative Modeling,Robotics-enabling 3D perception,ARCHIVE,,method,"{""learning"":[""diffusion""],""interaction"":[],""modality"":[""point_cloud"",""rgb"",""video""],""control_level"":[],""setting"":[],""embodiment"":[]}",FULL_TEXT_CHECKED,N/A,recorded,source_only,paper_specific,https://openaccess.thecvf.com/content/CVPR2025/html/Zhong_Taming_Video_Diffusion_Prior_with_Scene-Grounding_Guidance_for_3D_Gaussian_CVPR_2025_paper.html,not_identified,not_recorded,,"Taming Video Diffusion Prior with Scene-Grounding Guidance for 3D Gaussian Splatting from Sparse Inputs is retained as ARCHIVE because its an algorithmic or policy mechanism around Gaussian Splatting, Diffusion, Generation preserves historical or adjacent context for Robotics-enabling 3D perception; it is outside the current robotics-first intensive scope.",Historical or adjacent material retained for search; outside the current intensive scope.,[],0,./2025/CVPR/2025_CVPR_Taming-Video-Diffusion-Prior-with-Scene-Grounding-Guidance/01_overview.md
pr-0136,Test-Time Adaptation for Online Vision-Language Navigation with Feedback-based Reinforcement Learning,2025,ICML,conference,peer_reviewed,Embodied Navigation and Mapping,"RL, IL, offline learning, and robot data",REFERENCE,,method,"{""learning"":[""reinforcement_learning""],""interaction"":[""contact_rich"",""navigation""],""modality"":[""force_torque"",""language"",""rgb""],""control_level"":[""state_estimation""],""setting"":[],""embodiment"":[""mobile""]}",FULL_TEXT_CHECKED,N/A,recorded,identified,paper_specific,https://openreview.net/forum?id=K4GaB4fdIq,not_identified,not_recorded,metric:map,"Test-Time Adaptation for Online Vision-Language Navigation with Feedback-based Reinforcement Learning is retained as REFERENCE because it provides an algorithmic or policy mechanism around Vision-Language Model, Navigation, Reinforcement Learning for targeted comparison in RL, IL, offline learning, and robot data; it is not required for the current intensive reading spine.","Important on-demand reference, but not required in the current intensive sequence.",[],0,./2025/ICML/2025_ICML_Test-Time-Adaptation-for-Online-Vision-Language-Navigation/01_overview.md
pr-0396,Test-Time Adaptation of 3D Point Clouds via Denoising Diffusion Models,2025,WACV,conference,peer_reviewed,3D Generative Modeling,Robotics-enabling 3D perception,ARCHIVE,,method,"{""learning"":[""diffusion""],""interaction"":[],""modality"":[""point_cloud"",""rgb""],""control_level"":[],""setting"":[],""embodiment"":[]}",FULL_TEXT_CHECKED,N/A,recorded,source_only,paper_specific,https://openaccess.thecvf.com/content/WACV2025/html/Dastmalchi_Test-Time_Adaptation_of_3D_Point_Clouds_via_Denoising_Diffusion_Models_WACV_2025_paper.html,not_identified,not_recorded,,"Test-Time Adaptation of 3D Point Clouds via Denoising Diffusion Models is retained as ARCHIVE because its an algorithmic or policy mechanism around Diffusion, Generation, point cloud preserves historical or adjacent context for Robotics-enabling 3D perception; it is outside the current robotics-first intensive scope.",Historical or adjacent material retained for search; outside the current intensive scope.,[],0,./2025/WACV/2025_WACV_Test-Time-Adaptation-of-3D-Point-Clouds-via-Denoising-Diff/01_overview.md
pr-0419,ThermalGaussian: Thermal 3D Gaussian Splatting,2025,ICLR,conference,peer_reviewed,Neural Scene Representations,Robotics-enabling 3D perception,ARCHIVE,,method,"{""learning"":[],""interaction"":[],""modality"":[""point_cloud"",""rgb""],""control_level"":[],""setting"":[],""embodiment"":[]}",FULL_TEXT_CHECKED,N/A,recorded,identified,paper_specific,https://openreview.net/forum?id=ybFRoGxZjs,not_identified,not_recorded,metric:map,"ThermalGaussian: Thermal 3D Gaussian Splatting is retained as ARCHIVE because its an algorithmic or policy mechanism around Gaussian Splatting, 3D Vision preserves historical or adjacent context for Robotics-enabling 3D perception; it is outside the current robotics-first intensive scope.",Historical or adjacent material retained for search; outside the current intensive scope.,[],0,./2025/ICLR/2025_ICLR_ThermalGaussian-Thermal-3D-Gaussian-Splatting/01_overview.md
pr-0453,Thickness-aware E(3)-Equivariant 3D Mesh Neural Networks,2025,ICML,conference,peer_reviewed,"3D Geometry, Registration, and Equivariance",Robotics-enabling 3D perception,ARCHIVE,,method,"{""learning"":[],""interaction"":[],""modality"":[""point_cloud"",""rgb""],""control_level"":[],""setting"":[],""embodiment"":[]}",FULL_TEXT_CHECKED,N/A,recorded,identified,paper_specific,https://openreview.net/forum?id=Ya2ksKuNMh,not_identified,not_recorded,metric:map,"Thickness-aware E(3)-Equivariant 3D Mesh Neural Networks is retained as ARCHIVE because its an algorithmic or policy mechanism around 3D reconstruction, equivariant, 3D Vision preserves historical or adjacent context for Robotics-enabling 3D perception; it is outside the current robotics-first intensive scope.",Historical or adjacent material retained for search; outside the current intensive scope.,[],0,./2025/ICML/2025_ICML_Thickness-aware-E3-Equivariant-3D-Mesh-Neural-Networks/01_overview.md
pr-0113,ThinkAct: Vision-Language-Action Reasoning via Reinforced Visual Latent Planning,2025,NeurIPS,conference,peer_reviewed,VLA and Generalist Robot Policies,VLA and generalist robot policies,REFERENCE,,method,"{""learning"":[""optimization_or_planning"",""vla""],""interaction"":[""contact_rich""],""modality"":[""force_torque"",""language"",""rgb""],""control_level"":[""policy""],""setting"":[],""embodiment"":[]}",FULL_TEXT_CHECKED,N/A,recorded,identified,paper_specific,https://openreview.net/forum?id=72UR53jN7T,not_identified,not_recorded,metric:success-rate,"ThinkAct: Vision-Language-Action Reasoning via Reinforced Visual Latent Planning is retained as REFERENCE because it provides an algorithmic or policy mechanism around VLA, Vision-Language Model for targeted comparison in VLA and generalist robot policies; it is not required for the current intensive reading spine.","Important on-demand reference, but not required in the current intensive sequence.",[],0,./2025/NeurIPS/2025_NeurIPS_ThinkAct-Vision-Language-Action-Reasoning-via-Reinforced-V/01_overview.md
pr-0268,"TinyVLA: Towards Fast, Data-Efficient Vision-Language-Action Models for Robotic Manipulation",2025,RA-L,journal,peer_reviewed,VLA and Generalist Robot Policies,VLA and generalist robot policies,REFERENCE,,method,"{""learning"":[""vla""],""interaction"":[""grasping""],""modality"":[""language"",""rgb""],""control_level"":[""policy""],""setting"":[],""embodiment"":[""arm""]}",FULL_TEXT_CHECKED,N/A,recorded,identified,paper_specific,https://arxiv.org/abs/2409.12514,project_only,not_recorded,code:169f3c5e6697;metric:success-rate,"TinyVLA: Towards Fast, Data-Efficient Vision-Language-Action Models for Robotic Manipulation is retained as REFERENCE because it provides an algorithmic or policy mechanism around VLA, Vision-Language Model, Robotics for targeted comparison in VLA and generalist robot policies; it is not required for the current intensive reading spine.","Important on-demand reference, but not required in the current intensive sequence.",[],0,./2025/RA-L/2025_RA-L_TinyVLA-Towards-Fast-Data-Efficient-Vision-Language-Action/01_overview.md
pr-0335,Touch2Shape: Touch-Conditioned 3D Diffusion for Shape Exploration and Reconstruction,2025,CVPR,conference,peer_reviewed,3D Generative Modeling,Robotics-enabling 3D perception,ARCHIVE,,method,"{""learning"":[""diffusion""],""interaction"":[],""modality"":[""rgb"",""tactile""],""control_level"":[],""setting"":[],""embodiment"":[]}",FULL_TEXT_CHECKED,N/A,recorded,source_only,paper_specific,https://openaccess.thecvf.com/content/CVPR2025/html/Wang_Touch2Shape_Touch-Conditioned_3D_Diffusion_for_Shape_Exploration_and_Reconstruction_CVPR_2025_paper.html,not_identified,not_recorded,,"Touch2Shape: Touch-Conditioned 3D Diffusion for Shape Exploration and Reconstruction is retained as ARCHIVE because its an algorithmic or policy mechanism around 3D reconstruction, Diffusion, Generation preserves historical or adjacent context for Robotics-enabling 3D perception; it is outside the current robotics-first intensive scope.",Historical or adjacent material retained for search; outside the current intensive scope.,[],0,./2025/CVPR/2025_CVPR_Touch2Shape-Touch-Conditioned-3D-Diffusion-for-Shape-Explo/01_overview.md
pr-0454,Towards Learning to Complete Anything in Lidar,2025,ICML,conference,peer_reviewed,Autonomous 3D Perception and Sensor Fusion,Robotics-enabling 3D perception,ARCHIVE,,method,"{""learning"":[],""interaction"":[],""modality"":[""lidar"",""rgb""],""control_level"":[""state_estimation""],""setting"":[],""embodiment"":[]}",FULL_TEXT_CHECKED,N/A,recorded,identified,paper_specific,https://openreview.net/forum?id=vWPzKn6usZ,not_identified,not_recorded,metric:map,"Towards Learning to Complete Anything in Lidar is retained as ARCHIVE because its an algorithmic or policy mechanism around sensor fusion, LiDAR, 3D Vision preserves historical or adjacent context for Robotics-enabling 3D perception; it is outside the current robotics-first intensive scope.",Historical or adjacent material retained for search; outside the current intensive scope.,[],0,./2025/ICML/2025_ICML_Towards-Learning-to-Complete-Anything-in-Lidar/01_overview.md
pr-0245,"Towards Long-Horizon Vision-Language-Action System: Reasoning, Acting and Memory",2025,ICCV,conference,peer_reviewed,VLA and Generalist Robot Policies,VLA and generalist robot policies,REFERENCE,,system,"{""learning"":[""vla""],""interaction"":[],""modality"":[""language"",""rgb""],""control_level"":[""policy""],""setting"":[""long_horizon""],""embodiment"":[]}",FULL_TEXT_CHECKED,N/A,recorded,source_only,paper_specific,https://openaccess.thecvf.com/content/ICCV2025/html/Li_Towards_Long-Horizon_Vision-Language-Action_System_Reasoning_Acting_and_Memory_ICCV_2025_paper.html,not_identified,not_recorded,metric:success-rate,"Towards Long-Horizon Vision-Language-Action System: Reasoning, Acting and Memory is retained as REFERENCE because it provides an integrated system or deployment interface around VLA, Vision-Language Model for targeted comparison in VLA and generalist robot policies; it is not required for the current intensive reading spine.","Important on-demand reference, but not required in the current intensive sequence.",[],0,./2025/ICCV/2025_ICCV_Towards-Long-Horizon-Vision-Language-Action-System-Reasoni/01_overview.md
pr-0075,TraceVLA: Visual Trace Prompting Enhances Spatial-Temporal Awareness for Generalist Robotic Policies,2025,ICLR,conference,peer_reviewed,VLA and Generalist Robot Policies,VLA and generalist robot policies,REFERENCE,,method,"{""learning"":[""vla""],""interaction"":[],""modality"":[""language"",""rgb""],""control_level"":[""policy""],""setting"":[],""embodiment"":[]}",FULL_TEXT_CHECKED,N/A,recorded,identified,paper_specific,https://openreview.net/forum?id=b1CVu9l5GO,not_identified,not_recorded,metric:success-rate,"TraceVLA: Visual Trace Prompting Enhances Spatial-Temporal Awareness for Generalist Robotic Policies is retained as REFERENCE because it provides an algorithmic or policy mechanism around VLA, Robotics, 3D Vision for targeted comparison in VLA and generalist robot policies; it is not required for the current intensive reading spine.","Important on-demand reference, but not required in the current intensive sequence.",[],0,./2025/ICLR/2025_ICLR_TraceVLA-Visual-Trace-Prompting-Enhances-Spatial-Temporal/01_overview.md
pr-0390,Tree Skeletonization from 3D Point Clouds by Denoising Diffusion,2025,ICCV,conference,peer_reviewed,3D Generative Modeling,Robotics-enabling 3D perception,ARCHIVE,,method,"{""learning"":[""diffusion""],""interaction"":[],""modality"":[""point_cloud"",""rgb""],""control_level"":[],""setting"":[],""embodiment"":[]}",FULL_TEXT_CHECKED,N/A,recorded,source_only,paper_specific,https://openaccess.thecvf.com/content/ICCV2025/html/Marks_Tree_Skeletonization_from_3D_Point_Clouds_by_Denoising_Diffusion_ICCV_2025_paper.html,not_identified,not_recorded,,"Tree Skeletonization from 3D Point Clouds by Denoising Diffusion is retained as ARCHIVE because its an algorithmic or policy mechanism around Diffusion, Generation, point cloud preserves historical or adjacent context for Robotics-enabling 3D perception; it is outside the current robotics-first intensive scope.",Historical or adjacent material retained for search; outside the current intensive scope.,[],0,./2025/ICCV/2025_ICCV_Tree-Skeletonization-from-3D-Point-Clouds-by-Denoising-Dif/01_overview.md
pr-0446,U-CAN: Unsupervised Point Cloud Denoising with Consistency-Aware Noise2Noise Matching,2025,NeurIPS,conference,peer_reviewed,3D Representation Learning,Robotics-enabling 3D perception,ARCHIVE,,method,"{""learning"":[],""interaction"":[],""modality"":[""point_cloud"",""rgb""],""control_level"":[],""setting"":[],""embodiment"":[]}",FULL_TEXT_CHECKED,N/A,recorded,identified,paper_specific,https://openreview.net/forum?id=hVFtXE19Me,not_identified,not_recorded,metric:map,"U-CAN: Unsupervised Point Cloud Denoising with Consistency-Aware Noise2Noise Matching is retained as ARCHIVE because its an algorithmic or policy mechanism around point cloud, 3D Vision preserves historical or adjacent context for Robotics-enabling 3D perception; it is outside the current robotics-first intensive scope.",Historical or adjacent material retained for search; outside the current intensive scope.,[],0,./2025/NeurIPS/2025_NeurIPS_U-CAN-Unsupervised-Point-Cloud-Denoising-with-Consistency/01_overview.md
pr-0881,Uni-NaVid: A Video-based Vision-Language-Action Model for Unifying Embodied Navigation Tasks,2025,RSS,conference,peer_reviewed,VLA and Generalist Robot Policies,VLA and generalist robot policies,NEXT,,method,"{""learning"":[""vla""],""interaction"":[""navigation""],""modality"":[""language"",""rgb"",""video""],""control_level"":[""feedback_control"",""policy""],""setting"":[],""embodiment"":[""mobile""]}",FULL_TEXT_CHECKED,UNREAD,recorded,identified,paper_specific,https://www.roboticsproceedings.org/rss21/p013.html,released,not_recorded,code:02cc2e311acd,RSS 2025 navigation VLA that makes temporal video context and low-level action output first-class within the generalist policy interface.,Specialized or frontier extension selected after CORE for the VLA and generalist robot policies branch.,[],0,./2025/RSS/2025_RSS_Uni-NaVid-A-Video-based-Vision-Language-Action-Model-for-U/01_overview.md
pr-0898,Unified Video Action Model,2025,RSS,conference,peer_reviewed,"World Models, Safety, and Recovery","World models, safety, uncertainty, and recovery",NEXT,,method,"{""learning"":[""diffusion"",""world_model""],""interaction"":[],""modality"":[""video""],""control_level"":[""policy"",""safety_or_recovery""],""setting"":[],""embodiment"":[]}",FULL_TEXT_CHECKED,UNREAD,recorded,identified,paper_specific,https://www.roboticsproceedings.org/rss21/p074.html,not_identified,not_recorded,,RSS 2025 unified video/action representation that links policy learning with forward and inverse dynamics and video prediction.,"Specialized or frontier extension selected after CORE for the World models, safety, uncertainty, and recovery branch.",[],0,./2025/RSS/2025_RSS_Unified-Video-Action-Model/01_overview.md
pr-0701,Unified World Models: Coupling Video and Action Diffusion for Pretraining on Large Robotic Datasets,2025,RSS,conference,peer_reviewed,"World Models, Safety, and Recovery","World models, safety, uncertainty, and recovery",NEXT,,benchmark_or_dataset,"{""learning"":[""diffusion"",""vla"",""world_model""],""interaction"":[],""modality"":[""language"",""video""],""control_level"":[""policy"",""safety_or_recovery""],""setting"":[],""embodiment"":[]}",FULL_TEXT_CHECKED,UNREAD,recorded,identified,paper_specific,https://roboticsconference.org/2025/program/papers/15/,project_only,not_recorded,code:f2e11feb9cd7,"Unified World Models: Coupling Video and Action Diffusion for Pretraining on Large Robotic Datasets is a NEXT comparison paper because it extends a benchmark, dataset, or evaluation protocol around Robotics, VLA, world model in World models, safety, uncertainty, and recovery, exposing a specialized frontier after the shared CORE spine.","Specialized or frontier extension selected after CORE for the World models, safety, uncertainty, and recovery branch.",[],0,./2025/RSS/2025_RSS_Unified-World-Models-Coupling-Video-and-Action-Diffusion-f/01_overview.md
pr-0138,Unifying 2D and 3D Vision-Language Understanding,2025,ICML,conference,peer_reviewed,3D Vision-Language Understanding,Robotics-enabling 3D perception,ARCHIVE,,method,"{""learning"":[],""interaction"":[],""modality"":[""language"",""rgb""],""control_level"":[],""setting"":[],""embodiment"":[]}",FULL_TEXT_CHECKED,N/A,recorded,identified,paper_specific,https://openreview.net/forum?id=FcTeo26AfZ,not_identified,not_recorded,metric:map,"Unifying 2D and 3D Vision-Language Understanding is retained as ARCHIVE because its an algorithmic or policy mechanism around Vision-Language Model, 3D Vision preserves historical or adjacent context for Robotics-enabling 3D perception; it is outside the current robotics-first intensive scope.",Historical or adjacent material retained for search; outside the current intensive scope.,[],0,./2025/ICML/2025_ICML_Unifying-2D-and-3D-Vision-Language-Understanding/01_overview.md
pr-0080,UniGS: Unified Language-Image-3D Pretraining with Gaussian Splatting,2025,ICLR,conference,peer_reviewed,Language-Grounded 3D Scene Representations,Robotics-enabling 3D perception,ARCHIVE,,method,"{""learning"":[],""interaction"":[],""modality"":[""language"",""point_cloud"",""rgb""],""control_level"":[],""setting"":[],""embodiment"":[]}",FULL_TEXT_CHECKED,N/A,recorded,identified,paper_specific,https://openreview.net/forum?id=6U2KI1dpfl,not_identified,not_recorded,metric:map,"UniGS: Unified Language-Image-3D Pretraining with Gaussian Splatting is retained as ARCHIVE because its an algorithmic or policy mechanism around 3D Vision, Gaussian Splatting preserves historical or adjacent context for Robotics-enabling 3D perception; it is outside the current robotics-first intensive scope.",Historical or adjacent material retained for search; outside the current intensive scope.,[],0,./2025/ICLR/2025_ICLR_UniGS-Unified-Language-Image-3D-Pretraining-with-Gaussian/01_overview.md
pr-0330,UniPre3D: Unified Pre-training of 3D Point Cloud Models with Cross-Modal Gaussian Splatting,2025,CVPR,conference,peer_reviewed,Neural Scene Representations,Robotics-enabling 3D perception,REFERENCE,,method,"{""learning"":[],""interaction"":[],""modality"":[""point_cloud"",""rgb""],""control_level"":[],""setting"":[],""embodiment"":[]}",FULL_TEXT_CHECKED,N/A,recorded,source_only,paper_specific,https://openaccess.thecvf.com/content/CVPR2025/html/Wang_UniPre3D_Unified_Pre-training_of_3D_Point_Cloud_Models_with_Cross-Modal_CVPR_2025_paper.html,not_identified,not_recorded,metric:map,"UniPre3D: Unified Pre-training of 3D Point Cloud Models with Cross-Modal Gaussian Splatting is retained as REFERENCE because it provides an algorithmic or policy mechanism around Gaussian Splatting, point cloud, 3D Vision for targeted comparison in Robotics-enabling 3D perception; it is not required for the current intensive reading spine.","Important on-demand reference, but not required in the current intensive sequence.",[],0,./2025/CVPR/2025_CVPR_UniPre3D-Unified-Pre-training-of-3D-Point-Cloud-Models-wit/01_overview.md
pr-0133,UP-VLA:  A Unified Understanding and Prediction Model for Embodied Agent,2025,ICML,conference,peer_reviewed,VLA and Generalist Robot Policies,VLA and generalist robot policies,REFERENCE,,method,"{""learning"":[""vla""],""interaction"":[],""modality"":[""language"",""rgb""],""control_level"":[""policy""],""setting"":[],""embodiment"":[]}",FULL_TEXT_CHECKED,N/A,recorded,identified,paper_specific,https://openreview.net/forum?id=V7JPraxi5j,not_identified,not_recorded,benchmark:calvin;metric:success-rate,"UP-VLA:  A Unified Understanding and Prediction Model for Embodied Agent is retained as REFERENCE because it provides an algorithmic or policy mechanism around VLA, Vision-Language Model for targeted comparison in VLA and generalist robot policies; it is not required for the current intensive reading spine.","Important on-demand reference, but not required in the current intensive sequence.",[],0,./2025/ICML/2025_ICML_UP-VLA-A-Unified-Understanding-and-Prediction-Model-for-Em/01_overview.md
pr-0397,UW-GS: Distractor-Aware 3D Gaussian Splatting for Enhanced Underwater Scene Reconstruction,2025,WACV,conference,peer_reviewed,Neural Scene Representations,Robotics-enabling 3D perception,ARCHIVE,,method,"{""learning"":[],""interaction"":[],""modality"":[""point_cloud"",""rgb""],""control_level"":[],""setting"":[],""embodiment"":[""underwater""]}",FULL_TEXT_CHECKED,N/A,recorded,source_only,paper_specific,https://openaccess.thecvf.com/content/WACV2025/html/Wang_UW-GS_Distractor-Aware_3D_Gaussian_Splatting_for_Enhanced_Underwater_Scene_Reconstruction_WACV_2025_paper.html,not_identified,not_recorded,metric:map;metric:psnr,"UW-GS: Distractor-Aware 3D Gaussian Splatting for Enhanced Underwater Scene Reconstruction is retained as ARCHIVE because its an algorithmic or policy mechanism around Gaussian Splatting, 3D reconstruction, 3D Vision preserves historical or adjacent context for Robotics-enabling 3D perception; it is outside the current robotics-first intensive scope.",Historical or adjacent material retained for search; outside the current intensive scope.,[],0,./2025/WACV/2025_WACV_UW-GS-Distractor-Aware-3D-Gaussian-Splatting-for-Enhanced/01_overview.md
pr-0892,V-HOP: Visuo-Haptic 6D Object Pose Tracking,2025,RSS,conference,peer_reviewed,"Manipulation, Contact, and Dexterity","Manipulation, contact, tactile, and dexterity",NEXT,,method,"{""learning"":[],""interaction"":[""contact_rich"",""grasping""],""modality"":[""tactile""],""control_level"":[""state_estimation""],""setting"":[],""embodiment"":[""arm""]}",FULL_TEXT_CHECKED,UNREAD,recorded,identified,paper_specific,https://www.roboticsproceedings.org/rss21/p037.html,project_only,not_recorded,code:51140fc5edda,RSS 2025 visuo-haptic state-estimation contribution that turns contact feedback into embodiment-robust 6D pose tracking for manipulation.,"Specialized or frontier extension selected after CORE for the Manipulation, contact, tactile, and dexterity branch.",[],0,./2025/RSS/2025_RSS_V-HOP-Visuo-Haptic-6D-Object-Pose-Tracking/01_overview.md
pr-0334,V2X-R: Cooperative LiDAR-4D Radar Fusion with Denoising Diffusion for 3D Object Detection,2025,CVPR,conference,peer_reviewed,Autonomous 3D Perception and Sensor Fusion,Robotics-enabling 3D perception,REFERENCE,,method,"{""learning"":[""diffusion""],""interaction"":[],""modality"":[""lidar"",""rgb""],""control_level"":[""state_estimation""],""setting"":[],""embodiment"":[]}",FULL_TEXT_CHECKED,N/A,recorded,source_only,paper_specific,https://openaccess.thecvf.com/content/CVPR2025/html/Huang_V2X-R_Cooperative_LiDAR-4D_Radar_Fusion_with_Denoising_Diffusion_for_3D_CVPR_2025_paper.html,not_identified,not_recorded,metric:map,"V2X-R: Cooperative LiDAR-4D Radar Fusion with Denoising Diffusion for 3D Object Detection is retained as REFERENCE because it provides an algorithmic or policy mechanism around sensor fusion, LiDAR, Diffusion for targeted comparison in Robotics-enabling 3D perception; it is not required for the current intensive reading spine.","Important on-demand reference, but not required in the current intensive sequence.",[],0,./2025/CVPR/2025_CVPR_V2X-R-Cooperative-LiDAR-4D-Radar-Fusion-with-Denoising-Dif/01_overview.md
pr-0449,VA-GS: Enhancing the Geometric Representation of Gaussian Splatting via View Alignment,2025,NeurIPS,conference,peer_reviewed,3D Vision-Language Understanding,Robotics-enabling 3D perception,ARCHIVE,,method,"{""learning"":[],""interaction"":[],""modality"":[""language"",""point_cloud"",""rgb""],""control_level"":[],""setting"":[],""embodiment"":[]}",FULL_TEXT_CHECKED,N/A,recorded,identified,paper_specific,https://openreview.net/forum?id=ZnsR3waLUo,not_identified,not_recorded,benchmark:dtu;metric:lpips;metric:map;metric:psnr;metric:ssim,"VA-GS: Enhancing the Geometric Representation of Gaussian Splatting via View Alignment is retained as ARCHIVE because its an algorithmic or policy mechanism around Gaussian Splatting, semantic, alignment preserves historical or adjacent context for Robotics-enabling 3D perception; it is outside the current robotics-first intensive scope.",Historical or adjacent material retained for search; outside the current intensive scope.,[],0,./2025/NeurIPS/2025_NeurIPS_VA-GS-Enhancing-the-Geometric-Representation-of-Gaussian-S/01_overview.md
pr-0056,VGGT: Visual Geometry Grounded Transformer,2025,CVPR,conference,peer_reviewed,"3D Geometry, Reconstruction, and SLAM",Robotics-enabling 3D perception,REFERENCE,,method,"{""learning"":[],""interaction"":[""navigation""],""modality"":[""point_cloud""],""control_level"":[""state_estimation""],""setting"":[],""embodiment"":[]}",FULL_TEXT_CHECKED,N/A,recorded,identified,paper_specific,https://arxiv.org/abs/2503.11651,released,not_recorded,code:55f714ef76a8;metric:map,"VGGT: Visual Geometry Grounded Transformer is retained as REFERENCE because it provides an algorithmic or policy mechanism around 3D reconstruction, geometry, Transformer for targeted comparison in Robotics-enabling 3D perception; it is not required for the current intensive reading spine.","Important on-demand reference, but not required in the current intensive sequence.",[],0,./2025/CVPR/2025_CVPR_VGGT-Visual-Geometry-Grounded-Transformer/01_overview.md
pr-0246,VGMamba: Attribute-to-Location Clue Reasoning for Quantity-Agnostic 3D Visual Grounding,2025,ICCV,conference,peer_reviewed,3D Vision-Language Understanding,Robotics-enabling 3D perception,ARCHIVE,,method,"{""learning"":[],""interaction"":[],""modality"":[""language"",""rgb""],""control_level"":[],""setting"":[],""embodiment"":[]}",FULL_TEXT_CHECKED,N/A,recorded,source_only,paper_specific,https://openaccess.thecvf.com/content/ICCV2025/html/Zhu_VGMamba_Attribute-to-Location_Clue_Reasoning_for_Quantity-Agnostic_3D_Visual_Grounding_ICCV_2025_paper.html,not_identified,not_recorded,metric:map,VGMamba: Attribute-to-Location Clue Reasoning for Quantity-Agnostic 3D Visual Grounding is retained as ARCHIVE because its an algorithmic or policy mechanism around 3D Vision preserves historical or adjacent context for Robotics-enabling 3D perception; it is outside the current robotics-first intensive scope.,Historical or adjacent material retained for search; outside the current intensive scope.,[],0,./2025/ICCV/2025_ICCV_VGMamba-Attribute-to-Location-Clue-Reasoning-for-Quantity/01_overview.md
pr-0391,VideoRFSplat: Direct Scene-Level Text-to-3D Gaussian Splatting Generation with Flexible Pose and Multi-View Joint Modeling,2025,ICCV,conference,peer_reviewed,3D Generative Modeling,Robotics-enabling 3D perception,ARCHIVE,,method,"{""learning"":[""diffusion""],""interaction"":[],""modality"":[""point_cloud"",""rgb"",""video""],""control_level"":[],""setting"":[],""embodiment"":[]}",FULL_TEXT_CHECKED,N/A,recorded,source_only,paper_specific,https://openaccess.thecvf.com/content/ICCV2025/html/Go_VideoRFSplat_Direct_Scene-Level_Text-to-3D_Gaussian_Splatting_Generation_with_Flexible_Pose_ICCV_2025_paper.html,not_identified,not_recorded,benchmark:realestate10k,"VideoRFSplat: Direct Scene-Level Text-to-3D Gaussian Splatting Generation with Flexible Pose and Multi-View Joint Modeling is retained as ARCHIVE because its an algorithmic or policy mechanism around Gaussian Splatting, geometry, Diffusion preserves historical or adjacent context for Robotics-enabling 3D perception; it is outside the current robotics-first intensive scope.",Historical or adjacent material retained for search; outside the current intensive scope.,[],0,./2025/ICCV/2025_ICCV_VideoRFSplat-Direct-Scene-Level-Text-to-3D-Gaussian-Splatt/01_overview.md
pr-0249,ViewSRD: 3D Visual Grounding via Structured Multi-View Decomposition,2025,ICCV,conference,peer_reviewed,3D Vision-Language Understanding,Robotics-enabling 3D perception,REFERENCE,,method,"{""learning"":[],""interaction"":[],""modality"":[""language"",""rgb""],""control_level"":[],""setting"":[],""embodiment"":[]}",FULL_TEXT_CHECKED,N/A,recorded,source_only,paper_specific,https://openaccess.thecvf.com/content/ICCV2025/html/Huang_ViewSRD_3D_Visual_Grounding_via_Structured_Multi-View_Decomposition_ICCV_2025_paper.html,not_identified,not_recorded,metric:map,ViewSRD: 3D Visual Grounding via Structured Multi-View Decomposition is retained as REFERENCE because it provides an algorithmic or policy mechanism around 3D Vision for targeted comparison in Robotics-enabling 3D perception; it is not required for the current intensive reading spine.,"Important on-demand reference, but not required in the current intensive sequence.",[],0,./2025/ICCV/2025_ICCV_ViewSRD-3D-Visual-Grounding-via-Structured-Multi-View-Deco/01_overview.md
pr-0146,VIP: Vision Instructed Pre-training for Robotic Manipulation,2025,ICML,conference,peer_reviewed,VLA and Generalist Robot Policies,VLA and generalist robot policies,REFERENCE,,method,"{""learning"":[""imitation_learning"",""vla""],""interaction"":[""grasping""],""modality"":[""language"",""rgb""],""control_level"":[""policy""],""setting"":[],""embodiment"":[""arm""]}",FULL_TEXT_CHECKED,N/A,recorded,identified,paper_specific,https://openreview.net/forum?id=ccUNMIbpcf,not_identified,not_recorded,metric:success-rate,"VIP: Vision Instructed Pre-training for Robotic Manipulation is retained as REFERENCE because it provides an algorithmic or policy mechanism around Robotics, Imitation Learning for targeted comparison in VLA and generalist robot policies; it is not required for the current intensive reading spine.","Important on-demand reference, but not required in the current intensive sequence.",[],0,./2025/ICML/2025_ICML_VIP-Vision-Instructed-Pre-training-for-Robotic-Manipulatio/01_overview.md
pr-0257,Vision-Language Interactive Relation Mining for Open-Vocabulary Scene Graph Generation,2025,ICCV,conference,peer_reviewed,3D Vision-Language Understanding,Robotics-enabling 3D perception,ARCHIVE,,method,"{""learning"":[],""interaction"":[],""modality"":[""language"",""rgb""],""control_level"":[],""setting"":[],""embodiment"":[]}",FULL_TEXT_CHECKED,N/A,recorded,source_only,paper_specific,https://openaccess.thecvf.com/content/ICCV2025/html/Min_Vision-Language_Interactive_Relation_Mining_for_Open-Vocabulary_Scene_Graph_Generation_ICCV_2025_paper.html,not_identified,not_recorded,metric:map,"Vision-Language Interactive Relation Mining for Open-Vocabulary Scene Graph Generation is retained as ARCHIVE because its an algorithmic or policy mechanism around Vision-Language Model, Graph Reasoning, semantic preserves historical or adjacent context for Robotics-enabling 3D perception; it is outside the current robotics-first intensive scope.",Historical or adjacent material retained for search; outside the current intensive scope.,[],0,./2025/ICCV/2025_ICCV_Vision-Language-Interactive-Relation-Mining-for-Open-Vocab/01_overview.md
pr-0126,ViSPLA: Visual Iterative Self-Prompting for Language-Guided 3D Affordance Learning,2025,NeurIPS,conference,peer_reviewed,VLA and Generalist Robot Policies,VLA and generalist robot policies,REFERENCE,,method,"{""learning"":[""vla""],""interaction"":[],""modality"":[""language"",""rgb""],""control_level"":[""policy""],""setting"":[],""embodiment"":[]}",FULL_TEXT_CHECKED,N/A,recorded,identified,paper_specific,https://openreview.net/forum?id=EyNzLH7BZK,not_identified,not_recorded,metric:success-rate,"ViSPLA: Visual Iterative Self-Prompting for Language-Guided 3D Affordance Learning is retained as REFERENCE because it provides an algorithmic or policy mechanism around Vision-Language Model, Robotics, 3D Vision for targeted comparison in VLA and generalist robot policies; it is not required for the current intensive reading spine.","Important on-demand reference, but not required in the current intensive sequence.",[],0,./2025/NeurIPS/2025_NeurIPS_ViSPLA-Visual-Iterative-Self-Prompting-for-Language-Guided/01_overview.md
pr-0178,VITaL Pretraining: Visuo-Tactile Pretraining for Tactile and Non-Tactile Manipulation Policies,2025,ICRA,conference,peer_reviewed,VLA and Generalist Robot Policies,VLA and generalist robot policies,REFERENCE,,method,"{""learning"":[""vla""],""interaction"":[""contact_rich"",""grasping""],""modality"":[""language"",""tactile""],""control_level"":[""policy""],""setting"":[],""embodiment"":[""arm""]}",FULL_TEXT_CHECKED,N/A,recorded,identified,venue_index,https://www.proceedings.com/content/081/081087webtoc.pdf,not_identified,not_recorded,,VITaL Pretraining: Visuo-Tactile Pretraining for Tactile and Non-Tactile Manipulation Policies is retained as REFERENCE because it provides an algorithmic or policy mechanism around Robotics for targeted comparison in VLA and generalist robot policies; it is not required for the current intensive reading spine.,"Important on-demand reference, but not required in the current intensive sequence.",[],0,./2025/ICRA/2025_ICRA_VITaL-Pretraining-Visuo-Tactile-Pretraining-for-Tactile-an/01_overview.md
pr-0118,VLA-Cache: Efficient Vision-Language-Action Manipulation via Adaptive Token Caching,2025,NeurIPS,conference,peer_reviewed,VLA and Generalist Robot Policies,VLA and generalist robot policies,REFERENCE,,method,"{""learning"":[""vla""],""interaction"":[""grasping""],""modality"":[""language"",""rgb""],""control_level"":[""policy""],""setting"":[],""embodiment"":[""arm""]}",FULL_TEXT_CHECKED,N/A,recorded,identified,paper_specific,https://openreview.net/forum?id=QZYZ0Xm58q,not_identified,not_recorded,benchmark:libero;metric:success-rate,"VLA-Cache: Efficient Vision-Language-Action Manipulation via Adaptive Token Caching is retained as REFERENCE because it provides an algorithmic or policy mechanism around VLA, Vision-Language Model, Robotics for targeted comparison in VLA and generalist robot policies; it is not required for the current intensive reading spine.","Important on-demand reference, but not required in the current intensive sequence.",[],0,./2025/NeurIPS/2025_NeurIPS_VLA-Cache-Efficient-Vision-Language-Action-Manipulation-vi/01_overview.md
pr-0110,VLA-OS: Structuring and Dissecting Planning Representations and Paradigms in Vision-Language-Action Models,2025,NeurIPS,conference,peer_reviewed,VLA and Generalist Robot Policies,VLA and generalist robot policies,REFERENCE,,method,"{""learning"":[""optimization_or_planning"",""vla""],""interaction"":[],""modality"":[""language"",""rgb""],""control_level"":[""policy""],""setting"":[],""embodiment"":[]}",FULL_TEXT_CHECKED,N/A,recorded,identified,paper_specific,https://openreview.net/forum?id=PQYazNKEYo,not_identified,not_recorded,metric:success-rate,"VLA-OS: Structuring and Dissecting Planning Representations and Paradigms in Vision-Language-Action Models is retained as REFERENCE because it provides an algorithmic or policy mechanism around VLA, Vision-Language Model, Robotics for targeted comparison in VLA and generalist robot policies; it is not required for the current intensive reading spine.","Important on-demand reference, but not required in the current intensive sequence.",[],0,./2025/NeurIPS/2025_NeurIPS_VLA-OS-Structuring-and-Dissecting-Planning-Representations/01_overview.md
pr-0788,VLABench: A Large-Scale Benchmark for Language-Conditioned Robotics Manipulation with Long-Horizon Reasoning Tasks,2025,ICCV,conference,peer_reviewed,Benchmarks and Datasets,VLA and generalist robot policies,REFERENCE,,benchmark_or_dataset,"{""learning"":[""vla""],""interaction"":[""grasping""],""modality"":[""language""],""control_level"":[""policy""],""setting"":[""long_horizon""],""embodiment"":[""arm""]}",FULL_TEXT_CHECKED,N/A,recorded,source_only,paper_specific,https://openaccess.thecvf.com/content/ICCV2025/html/Zhang_VLABench_A_Large-Scale_Benchmark_for_Language-Conditioned_Robotics_Manipulation_with_Long-Horizon_ICCV_2025_paper.html,not_identified,not_recorded,metric:success-rate,"VLABench: A Large-Scale Benchmark for Language-Conditioned Robotics Manipulation with Long-Horizon Reasoning Tasks is retained as REFERENCE because it provides a benchmark, dataset, or evaluation protocol around VLA, Benchmark, long-horizon for targeted comparison in VLA and generalist robot policies; it is not required for the current intensive reading spine.","Important on-demand reference, but not required in the current intensive sequence.",[],0,./2025/ICCV/2025_ICCV_VLABench-A-Large-Scale-Benchmark-for-Language-Conditioned/01_overview.md
pr-0069,VLAS: Vision-Language-Action Model with Speech Instructions for Customized Robot Manipulation,2025,ICLR,conference,peer_reviewed,VLA and Generalist Robot Policies,VLA and generalist robot policies,REFERENCE,,method,"{""learning"":[""vla""],""interaction"":[""grasping""],""modality"":[""language"",""rgb""],""control_level"":[""policy""],""setting"":[],""embodiment"":[""arm""]}",FULL_TEXT_CHECKED,N/A,recorded,identified,paper_specific,https://openreview.net/forum?id=K4FAFNRpko,not_identified,not_recorded,metric:success-rate,"VLAS: Vision-Language-Action Model with Speech Instructions for Customized Robot Manipulation is retained as REFERENCE because it provides an algorithmic or policy mechanism around VLA, Vision-Language Model, Robotics for targeted comparison in VLA and generalist robot policies; it is not required for the current intensive reading spine.","Important on-demand reference, but not required in the current intensive sequence.",[],0,./2025/ICLR/2025_ICLR_VLAS-Vision-Language-Action-Model-with-Speech-Instructions/01_overview.md
pr-0277,"VLM See, Robot Do: Human Demo Video to Robot Action Plan via Vision Language Model",2025,IROS,conference,peer_reviewed,VLA and Generalist Robot Policies,VLA and generalist robot policies,REFERENCE,,method,"{""learning"":[""vla""],""interaction"":[],""modality"":[""language"",""rgb"",""video""],""control_level"":[""policy""],""setting"":[],""embodiment"":[]}",FULL_TEXT_CHECKED,N/A,recorded,identified,paper_specific,https://arxiv.org/abs/2410.08792,project_only,not_recorded,code:ea05220f586e;metric:success-rate,"VLM See, Robot Do: Human Demo Video to Robot Action Plan via Vision Language Model is retained as REFERENCE because it provides an algorithmic or policy mechanism around Vision-Language Model, Robotics for targeted comparison in VLA and generalist robot policies; it is not required for the current intensive reading spine.","Important on-demand reference, but not required in the current intensive sequence.",[],0,./2025/IROS/2025_IROS_VLM-See-Robot-Do-Human-Demo-Video-to-Robot-Action-Plan-via/01_overview.md
pr-0171,VLM-GroNav: Robot Navigation Using Physically Grounded Vision-Language Models in Outdoor Environments,2025,ICRA,conference,peer_reviewed,Embodied Navigation and Mapping,Robotics-enabling 3D perception,REFERENCE,,method,"{""learning"":[],""interaction"":[""navigation""],""modality"":[""language"",""rgb""],""control_level"":[""state_estimation""],""setting"":[],""embodiment"":[""mobile""]}",FULL_TEXT_CHECKED,N/A,recorded,identified,venue_index,https://www.proceedings.com/content/081/081087webtoc.pdf,not_identified,not_recorded,metric:map;metric:success-rate,"VLM-GroNav: Robot Navigation Using Physically Grounded Vision-Language Models in Outdoor Environments is retained as REFERENCE because it provides an algorithmic or policy mechanism around Vision-Language Model, Robotics, Navigation for targeted comparison in Robotics-enabling 3D perception; it is not required for the current intensive reading spine.","Important on-demand reference, but not required in the current intensive sequence.",[],0,./2025/ICRA/2025_ICRA_VLM-GroNav-Robot-Navigation-Using-Physically-Grounded-Visi/01_overview.md
pr-0247,VLR-Driver: Large Vision-Language-Reasoning Models for Embodied Autonomous Driving,2025,ICCV,conference,peer_reviewed,3D Vision-Language Understanding,Robotics-enabling 3D perception,ARCHIVE,,method,"{""learning"":[],""interaction"":[],""modality"":[""language"",""rgb""],""control_level"":[],""setting"":[],""embodiment"":[]}",FULL_TEXT_CHECKED,N/A,recorded,source_only,paper_specific,https://openaccess.thecvf.com/content/ICCV2025/html/Kong_VLR-Driver_Large_Vision-Language-Reasoning_Models_for_Embodied_Autonomous_Driving_ICCV_2025_paper.html,not_identified,not_recorded,metric:map,VLR-Driver: Large Vision-Language-Reasoning Models for Embodied Autonomous Driving is retained as ARCHIVE because its an algorithmic or policy mechanism around Vision-Language Model preserves historical or adjacent context for Robotics-enabling 3D perception; it is outside the current robotics-first intensive scope.,Historical or adjacent material retained for search; outside the current intensive scope.,[],0,./2025/ICCV/2025_ICCV_VLR-Driver-Large-Vision-Language-Reasoning-Models-for-Embo/01_overview.md
pr-0248,VQ-VLA: Improving Vision-Language-Action Models via Scaling Vector-Quantized Action Tokenizers,2025,ICCV,conference,peer_reviewed,VLA and Generalist Robot Policies,VLA and generalist robot policies,REFERENCE,,method,"{""learning"":[""vla""],""interaction"":[],""modality"":[""language"",""rgb""],""control_level"":[""policy""],""setting"":[],""embodiment"":[]}",FULL_TEXT_CHECKED,N/A,recorded,source_only,paper_specific,https://openaccess.thecvf.com/content/ICCV2025/html/Wang_VQ-VLA_Improving_Vision-Language-Action_Models_via_Scaling_Vector-Quantized_Action_Tokenizers_ICCV_2025_paper.html,not_identified,not_recorded,metric:success-rate,"VQ-VLA: Improving Vision-Language-Action Models via Scaling Vector-Quantized Action Tokenizers is retained as REFERENCE because it provides an algorithmic or policy mechanism around VLA, Vision-Language Model for targeted comparison in VLA and generalist robot policies; it is not required for the current intensive reading spine.","Important on-demand reference, but not required in the current intensive sequence.",[],0,./2025/ICCV/2025_ICCV_VQ-VLA-Improving-Vision-Language-Action-Models-via-Scaling/01_overview.md
pr-0144,VTGaussian-SLAM: RGBD SLAM for Large Scale Scenes with Splatting View-Tied 3D Gaussians,2025,ICML,conference,peer_reviewed,Language-Grounded 3D Scene Representations,Robotics-enabling 3D perception,ARCHIVE,,method,"{""learning"":[],""interaction"":[""navigation""],""modality"":[""depth"",""language"",""point_cloud"",""rgb""],""control_level"":[""state_estimation""],""setting"":[],""embodiment"":[]}",FULL_TEXT_CHECKED,N/A,recorded,identified,paper_specific,https://openreview.net/forum?id=vkmi3jZtYG,not_identified,not_recorded,metric:map,"VTGaussian-SLAM: RGBD SLAM for Large Scale Scenes with Splatting View-Tied 3D Gaussians is retained as ARCHIVE because its an algorithmic or policy mechanism around 3D Vision, Gaussian Splatting preserves historical or adjacent context for Robotics-enabling 3D perception; it is outside the current robotics-first intensive scope.",Historical or adjacent material retained for search; outside the current intensive scope.,[],0,./2025/ICML/2025_ICML_VTGaussian-SLAM-RGBD-SLAM-for-Large-Scale-Scenes-with-Spla/01_overview.md
pr-0889,Vysics: Object Reconstruction Under Occlusion by Fusing Vision and Contact-Rich Physics,2025,RSS,conference,peer_reviewed,Robotics-Enabling 3D Perception,Robotics-enabling 3D perception,NEXT,,method,"{""learning"":[],""interaction"":[""contact_rich"",""grasping""],""modality"":[""rgb""],""control_level"":[""state_estimation""],""setting"":[],""embodiment"":[""arm""]}",FULL_TEXT_CHECKED,UNREAD,recorded,identified,paper_specific,https://www.roboticsproceedings.org/rss21/p034.html,project_only,not_recorded,code:74a6fdb88ea0,RSS 2025 robotics-first 3D perception paper that uses physical interaction to recover geometry and dynamics when vision is occluded.,Specialized or frontier extension selected after CORE for the Robotics-enabling 3D perception branch.,[],0,./2025/RSS/2025_RSS_Vysics-Object-Reconstruction-Under-Occlusion-by-Fusing-Vis/01_overview.md
pr-0472,WaterSplatting: Fast Underwater 3D Scene Reconstruction using Gaussian Splatting,2025,3DV,conference,peer_reviewed,Neural Scene Representations,Robotics-enabling 3D perception,ARCHIVE,,method,"{""learning"":[],""interaction"":[],""modality"":[""point_cloud"",""rgb""],""control_level"":[],""setting"":[],""embodiment"":[""underwater""]}",FULL_TEXT_CHECKED,N/A,recorded,identified,venue_index,https://3dvconf.github.io/2025/accepted-papers/,not_identified,not_recorded,metric:map,"WaterSplatting: Fast Underwater 3D Scene Reconstruction using Gaussian Splatting is retained as ARCHIVE because its an algorithmic or policy mechanism around Gaussian Splatting, 3D reconstruction, 3D Vision preserves historical or adjacent context for Robotics-enabling 3D perception; it is outside the current robotics-first intensive scope.",Historical or adjacent material retained for search; outside the current intensive scope.,[],0,./2025/3DV/2025_3DV_WaterSplatting-Fast-Underwater-3D-Scene-Reconstruction-usi/01_overview.md
pr-0279,WMNav: Integrating Vision-Language Models into World Models for Object Goal Navigation,2025,IROS,conference,peer_reviewed,Embodied Navigation and Mapping,"World models, safety, uncertainty, and recovery",NEXT,,method,"{""learning"":[""reinforcement_learning"",""world_model""],""interaction"":[""contact_rich"",""navigation""],""modality"":[""force_torque"",""language"",""rgb""],""control_level"":[""state_estimation""],""setting"":[],""embodiment"":[""mobile""]}",FULL_TEXT_CHECKED,UNREAD,recorded,identified,paper_specific,https://arxiv.org/abs/2503.02247,project_only,not_recorded,benchmark:hm3d;code:e7f6176bd312;metric:map;metric:spl;metric:sr;metric:success-rate,"WMNav: Integrating Vision-Language Models into World Models for Object Goal Navigation is a NEXT comparison paper because it extends an algorithmic or policy mechanism around Vision-Language Model, Navigation, Reinforcement Learning in World models, safety, uncertainty, and recovery, exposing a specialized frontier after the shared CORE spine.","Specialized or frontier extension selected after CORE for the World models, safety, uncertainty, and recovery branch.",[],0,./2025/IROS/2025_IROS_WMNav-Integrating-Vision-Language-Models-into-World-Models/01_overview.md
pr-0908,You Only Teach Once: Learn One-Shot Bimanual Robotic Manipulation from Video Demonstrations,2025,RSS,conference,peer_reviewed,Robot Learning and Data,"RL, IL, offline learning, and robot data",NEXT,,method,"{""learning"":[""diffusion"",""imitation_learning""],""interaction"":[""grasping""],""modality"":[""video""],""control_level"":[""policy""],""setting"":[""long_horizon""],""embodiment"":[""arm"",""bimanual""]}",FULL_TEXT_CHECKED,UNREAD,recorded,identified,paper_specific,https://www.roboticsproceedings.org/rss21/p149.html,project_only,not_recorded,code:2380a990cbfc,RSS 2025 one-shot bimanual learning paper that tests whether human video can provide enough temporal structure for long-horizon dual-arm teaching.,"Specialized or frontier extension selected after CORE for the RL, IL, offline learning, and robot data branch.",[],0,./2025/RSS/2025_RSS_You-Only-Teach-Once-Learn-One-Shot-Bimanual-Robotic-Manipu/01_overview.md
pr-0258,ZeroKey: Point-Level Reasoning and Zero-Shot 3D Keypoint Detection from Large Language Models,2025,ICCV,conference,peer_reviewed,3D Vision-Language Understanding,Robotics-enabling 3D perception,ARCHIVE,,method,"{""learning"":[],""interaction"":[],""modality"":[""language"",""rgb""],""control_level"":[],""setting"":[],""embodiment"":[]}",FULL_TEXT_CHECKED,N/A,recorded,source_only,paper_specific,https://openaccess.thecvf.com/content/ICCV2025/html/Gong_ZeroKey_Point-Level_Reasoning_and_Zero-Shot_3D_Keypoint_Detection_from_Large_ICCV_2025_paper.html,not_identified,not_recorded,metric:map,ZeroKey: Point-Level Reasoning and Zero-Shot 3D Keypoint Detection from Large Language Models is retained as ARCHIVE because its an algorithmic or policy mechanism around 3D Vision preserves historical or adjacent context for Robotics-enabling 3D perception; it is outside the current robotics-first intensive scope.,Historical or adjacent material retained for search; outside the current intensive scope.,[],0,./2025/ICCV/2025_ICCV_ZeroKey-Point-Level-Reasoning-and-Zero-Shot-3D-Keypoint-De/01_overview.md
pr-0061,π0.5: a Vision-Language-Action Model with Open-World Generalization,2025,CoRL,conference,peer_reviewed,VLA and Generalist Robot Policies,VLA and generalist robot policies,CORE,,method,"{""learning"":[""vla""],""interaction"":[],""modality"":[""language"",""rgb""],""control_level"":[""policy""],""setting"":[],""embodiment"":[]}",FULL_TEXT_CHECKED,UNREAD,recorded,source_only,paper_specific,https://proceedings.mlr.press/v305/black25a.html,project_only,not_recorded,code:628099b66494;metric:success-rate,"π0.5: a Vision-Language-Action Model with Open-World Generalization is a CORE prerequisite because it establishes an algorithmic or policy mechanism around VLA, open-world, Robotics, providing a reference point for VLA and generalist robot policies comparisons in the observation-to-action loop.",Common foundation and prerequisite for the VLA and generalist robot policies spine.,"[{""type"":""extends"",""paper_id"":""pr-0746"",""confidence"":""manual""}]",0,./2025/CoRL/2025_CoRL_pi0.5-a-Vision-Language-Action-Model-with-Open-World-Gener/01_overview.md
pr-0746,π0: A Vision-Language-Action Flow Model for General Robot Control,2025,RSS,conference,peer_reviewed,VLA and Generalist Robot Policies,VLA and generalist robot policies,CORE,,method,"{""learning"":[""flow_matching"",""vla""],""interaction"":[""grasping""],""modality"":[""language"",""rgb""],""control_level"":[""feedback_control"",""policy""],""setting"":[],""embodiment"":[""arm"",""dexterous_hand""]}",FULL_TEXT_CHECKED,UNREAD,recorded,source_only,paper_specific,https://www.roboticsproceedings.org/rss21/p010.html,project_only,not_recorded,code:ba781d98d0e9;metric:success-rate,"π0: A Vision-Language-Action Flow Model for General Robot Control is a CORE prerequisite because it establishes an algorithmic or policy mechanism around Robotics, VLA, Flow Matching, providing a reference point for VLA and generalist robot policies comparisons in the observation-to-action loop.",Common foundation and prerequisite for the VLA and generalist robot policies spine.,"[{""type"":""builds_on"",""paper_id"":""pr-0745"",""confidence"":""verified""},{""type"":""uses_dataset"",""paper_id"":""pr-0024"",""confidence"":""verified""}]",1,./2025/RSS/2025_RSS_pi0-A-Vision-Language-Action-Flow-Model-for-General-Robot/01_overview.md
pr-0352,3D Gaussian Splatting with Self-Constrained Priors for High Fidelity Surface Reconstruction,2026,CVPR,conference,peer_reviewed,Neural Scene Representations,Robotics-enabling 3D perception,ARCHIVE,,method,"{""learning"":[],""interaction"":[],""modality"":[""point_cloud"",""rgb""],""control_level"":[],""setting"":[],""embodiment"":[]}",FULL_TEXT_CHECKED,N/A,recorded,source_only,paper_specific,https://openaccess.thecvf.com/content/CVPR2026/html/Noda_3D_Gaussian_Splatting_with_Self-Constrained_Priors_for_High_Fidelity_Surface_CVPR_2026_paper.html,not_identified,not_recorded,metric:map,"3D Gaussian Splatting with Self-Constrained Priors for High Fidelity Surface Reconstruction is retained as ARCHIVE because its an algorithmic or policy mechanism around Gaussian Splatting, 3D reconstruction, 3D Vision preserves historical or adjacent context for Robotics-enabling 3D perception; it is outside the current robotics-first intensive scope.",Historical or adjacent material retained for search; outside the current intensive scope.,[],0,./2026/CVPR/2026_CVPR_3D-Gaussian-Splatting-with-Self-Constrained-Priors-for-Hig/01_overview.md
pr-0804,ACoT-VLA: Action Chain-of-Thought for Vision-Language-Action Models,2026,CVPR,conference,peer_reviewed,VLA and Generalist Robot Policies,VLA and generalist robot policies,REFERENCE,,method,"{""learning"":[""optimization_or_planning"",""vla""],""interaction"":[],""modality"":[""language"",""rgb""],""control_level"":[""policy""],""setting"":[],""embodiment"":[]}",FULL_TEXT_CHECKED,N/A,recorded,source_only,paper_specific,https://openaccess.thecvf.com/content/CVPR2026/html/Zhong_ACoT-VLA_Action_Chain-of-Thought_for_Vision-Language-Action_Models_CVPR_2026_paper.html,not_identified,not_recorded,metric:success-rate,"ACoT-VLA: Action Chain-of-Thought for Vision-Language-Action Models is retained as REFERENCE because it provides an algorithmic or policy mechanism around VLA, Chain-of-Thought, Planning for targeted comparison in VLA and generalist robot policies; it is not required for the current intensive reading spine.","Important on-demand reference, but not required in the current intensive sequence.",[],0,./2026/CVPR/2026_CVPR_ACoT-VLA-Action-Chain-of-Thought-for-Vision-Language-Actio/01_overview.md
pr-0795,ActiveVLA: Injecting Active Perception into Vision-Language-Action Models for Precise 3D Robotic Manipulation,2026,CVPR,conference,peer_reviewed,VLA and Generalist Robot Policies,VLA and generalist robot policies,NEXT,,method,"{""learning"":[""vla""],""interaction"":[""grasping""],""modality"":[""language"",""rgb""],""control_level"":[""policy"",""state_estimation""],""setting"":[],""embodiment"":[""arm""]}",FULL_TEXT_CHECKED,UNREAD,recorded,source_only,paper_specific,https://openaccess.thecvf.com/content/CVPR2026/html/Liu_ActiveVLA_Injecting_Active_Perception_into_Vision-Language-Action_Models_for_Precise_3D_CVPR_2026_paper.html,not_identified,not_recorded,metric:map,"ActiveVLA: Injecting Active Perception into Vision-Language-Action Models for Precise 3D Robotic Manipulation is a NEXT comparison paper because it extends an algorithmic or policy mechanism around VLA, active perception, 3D manipulation in VLA and generalist robot policies, exposing a specialized frontier after the shared CORE spine.",Specialized or frontier extension selected after CORE for the VLA and generalist robot policies branch.,[],0,./2026/CVPR/2026_CVPR_ActiveVLA-Injecting-Active-Perception-into-Vision-Language/01_overview.md
pr-0353,AERGS-SLAM: Auto-Exposure-Robust Stereo 3D Gaussian Splatting SLAM,2026,CVPR,conference,peer_reviewed,Neural Scene Representations,Robotics-enabling 3D perception,ARCHIVE,,method,"{""learning"":[],""interaction"":[""navigation""],""modality"":[""point_cloud"",""rgb""],""control_level"":[""state_estimation""],""setting"":[],""embodiment"":[]}",FULL_TEXT_CHECKED,N/A,recorded,source_only,paper_specific,https://openaccess.thecvf.com/content/CVPR2026/html/Zhou_AERGS-SLAM_Auto-Exposure-Robust_Stereo_3D_Gaussian_Splatting_SLAM_CVPR_2026_paper.html,not_identified,not_recorded,metric:map,"AERGS-SLAM: Auto-Exposure-Robust Stereo 3D Gaussian Splatting SLAM is retained as ARCHIVE because its an algorithmic or policy mechanism around Gaussian Splatting, geometry, 3D Vision preserves historical or adjacent context for Robotics-enabling 3D perception; it is outside the current robotics-first intensive scope.",Historical or adjacent material retained for search; outside the current intensive scope.,[],0,./2026/CVPR/2026_CVPR_AERGS-SLAM-Auto-Exposure-Robust-Stereo-3D-Gaussian-Splatti/01_overview.md
pr-0464,Affine-Equivariant Kernel Space Encoding for NeRF Editing,2026,ICML,conference,peer_reviewed,"3D Geometry, Registration, and Equivariance",Robotics-enabling 3D perception,ARCHIVE,,method,"{""learning"":[],""interaction"":[],""modality"":[""point_cloud"",""rgb""],""control_level"":[],""setting"":[],""embodiment"":[]}",FULL_TEXT_CHECKED,N/A,recorded,identified,paper_specific,https://openreview.net/forum?id=fAj3MJghc0,not_identified,not_recorded,metric:map,"Affine-Equivariant Kernel Space Encoding for NeRF Editing is retained as ARCHIVE because its an algorithmic or policy mechanism around NeRF, equivariant, 3D Vision preserves historical or adjacent context for Robotics-enabling 3D perception; it is outside the current robotics-first intensive scope.",Historical or adjacent material retained for search; outside the current intensive scope.,[],0,./2026/ICML/2026_ICML_Affine-Equivariant-Kernel-Space-Encoding-for-NeRF-Editing/01_overview.md
pr-0150,AIR-VLA: Vision-Language-Action Systems for Aerial Manipulation,2026,ICML,conference,peer_reviewed,Benchmarks and Datasets,VLA and generalist robot policies,REFERENCE,,benchmark_or_dataset,"{""learning"":[""vla""],""interaction"":[""grasping""],""modality"":[""language"",""rgb""],""control_level"":[""policy""],""setting"":[],""embodiment"":[""aerial"",""arm""]}",FULL_TEXT_CHECKED,N/A,recorded,identified,paper_specific,https://openreview.net/forum?id=NuR4lG4gKB,not_identified,not_recorded,,"AIR-VLA: Vision-Language-Action Systems for Aerial Manipulation is retained as REFERENCE because it provides a benchmark, dataset, or evaluation protocol around VLA, Vision-Language Model, Robotics for targeted comparison in VLA and generalist robot policies; it is not required for the current intensive reading spine.","Important on-demand reference, but not required in the current intensive sequence.",[],0,./2026/ICML/2026_ICML_AIR-VLA-Vision-Language-Action-Systems-for-Aerial-Manipula/01_overview.md
pr-0168,Any3D-VLA: Enhancing VLA Robustness via Diverse Point Clouds,2026,ICML,conference,peer_reviewed,VLA and Generalist Robot Policies,VLA and generalist robot policies,NEXT,,method,"{""learning"":[""vla""],""interaction"":[],""modality"":[""language"",""point_cloud"",""rgb""],""control_level"":[""policy""],""setting"":[],""embodiment"":[]}",FULL_TEXT_CHECKED,UNREAD,recorded,identified,paper_specific,https://openreview.net/forum?id=zyMvoKYWMZ,not_identified,not_recorded,metric:map,"Any3D-VLA: Enhancing VLA Robustness via Diverse Point Clouds is a NEXT comparison paper because it extends an algorithmic or policy mechanism around VLA, Vision-Language Model, 3D Vision in VLA and generalist robot policies, exposing a specialized frontier after the shared CORE spine.",Specialized or frontier extension selected after CORE for the VLA and generalist robot policies branch.,[],0,./2026/ICML/2026_ICML_Any3D-VLA-Enhancing-VLA-Robustness-via-Diverse-Point-Cloud/01_overview.md
pr-0690,AT-VLA: Adaptive Tactile Injection for Enhanced Feedback Reaction in Vision-Language-Action Models,2026,CVPR,conference,peer_reviewed,"Manipulation, Contact, and Dexterity","Manipulation, contact, tactile, and dexterity",NEXT,,method,"{""learning"":[""vla""],""interaction"":[""contact_rich"",""grasping""],""modality"":[""language"",""rgb"",""tactile""],""control_level"":[""feedback_control"",""policy""],""setting"":[""real_time""],""embodiment"":[""arm""]}",FULL_TEXT_CHECKED,UNREAD,recorded,source_only,paper_specific,https://openaccess.thecvf.com/content/CVPR2026/html/Li_AT-VLA_Adaptive_Tactile_Injection_for_Enhanced_Feedback_Reaction_in_Vision-Language-Action_CVPR_2026_paper.html,project_only,not_recorded,code:4b2d2b27b9ae;metric:success-rate,"AT-VLA: Adaptive Tactile Injection for Enhanced Feedback Reaction in Vision-Language-Action Models is a NEXT comparison paper because it extends an algorithmic or policy mechanism around Robotics, VLA, tactile sensing in Manipulation, contact, tactile, and dexterity, exposing a specialized frontier after the shared CORE spine.","Specialized or frontier extension selected after CORE for the Manipulation, contact, tactile, and dexterity branch.",[],0,./2026/CVPR/2026_CVPR_AT-VLA-Adaptive-Tactile-Injection-for-Enhanced-Feedback-Re/01_overview.md
pr-0692,AtomicVLA: Unlocking the Potential of Atomic Skill Learning in Robots,2026,CVPR,conference,peer_reviewed,VLA and Generalist Robot Policies,VLA and generalist robot policies,NEXT,,method,"{""learning"":[""vla""],""interaction"":[""grasping""],""modality"":[""language""],""control_level"":[""policy""],""setting"":[""long_horizon""],""embodiment"":[""arm""]}",FULL_TEXT_CHECKED,UNREAD,recorded,source_only,paper_specific,https://openaccess.thecvf.com/content/CVPR2026/html/Zhang_AtomicVLA_Unlocking_the_Potential_of_Atomic_Skill_Learning_in_Robots_CVPR_2026_paper.html,project_only,not_recorded,code:96410261441b;metric:success-rate,"AtomicVLA: Unlocking the Potential of Atomic Skill Learning in Robots is a NEXT comparison paper because it extends an algorithmic or policy mechanism around Robotics, VLA, atomic skills in VLA and generalist robot policies, exposing a specialized frontier after the shared CORE spine.",Specialized or frontier extension selected after CORE for the VLA and generalist robot policies branch.,[],0,./2026/CVPR/2026_CVPR_AtomicVLA-Unlocking-the-Potential-of-Atomic-Skill-Learning/01_overview.md
pr-0181,Audio-VLA: Adding Contact Audio Perception to Vision-Language-Action Model for Robotic Manipulation,2026,ICRA,conference,peer_reviewed,VLA and Generalist Robot Policies,VLA and generalist robot policies,REFERENCE,,method,"{""learning"":[""vla""],""interaction"":[""contact_rich"",""grasping""],""modality"":[""audio"",""language"",""rgb""],""control_level"":[""policy"",""state_estimation""],""setting"":[],""embodiment"":[""arm""]}",FULL_TEXT_CHECKED,N/A,recorded,identified,venue_index,https://ras.papercept.net/conferences/conferences/ICRA26/program/ICRA26_ContentListWeb_4.html,not_identified,not_recorded,benchmark:libero;benchmark:rlbench;metric:success-rate,"Audio-VLA: Adding Contact Audio Perception to Vision-Language-Action Model for Robotic Manipulation is retained as REFERENCE because it provides an algorithmic or policy mechanism around VLA, Vision-Language Model, Robotics for targeted comparison in VLA and generalist robot policies; it is not required for the current intensive reading spine.","Important on-demand reference, but not required in the current intensive sequence.",[],0,./2026/ICRA/2026_ICRA_Audio-VLA-Adding-Contact-Audio-Perception-to-Vision-Langua/01_overview.md
pr-0094,AutoFly: Vision-Language-Action Model for UAV Autonomous Navigation in the Wild,2026,ICLR,conference,peer_reviewed,Embodied Navigation and Mapping,VLA and generalist robot policies,REFERENCE,,method,"{""learning"":[""vla""],""interaction"":[""navigation""],""modality"":[""language"",""rgb""],""control_level"":[""policy"",""state_estimation""],""setting"":[],""embodiment"":[""aerial"",""mobile""]}",FULL_TEXT_CHECKED,N/A,recorded,identified,paper_specific,https://openreview.net/forum?id=88RKxlFUNY,not_identified,not_recorded,metric:map,"AutoFly: Vision-Language-Action Model for UAV Autonomous Navigation in the Wild is retained as REFERENCE because it provides an algorithmic or policy mechanism around VLA, Vision-Language Model, Robotics for targeted comparison in VLA and generalist robot policies; it is not required for the current intensive reading spine.","Important on-demand reference, but not required in the current intensive sequence.",[],0,./2026/ICLR/2026_ICLR_AutoFly-Vision-Language-Action-Model-for-UAV-Autonomous-Na/01_overview.md
pr-0817,AVA-VLA: Improving Vision-Language-Action Models with Active Visual Attention,2026,CVPR,conference,peer_reviewed,VLA and Generalist Robot Policies,VLA and generalist robot policies,NEXT,,method,"{""learning"":[""vla""],""interaction"":[],""modality"":[""language"",""rgb""],""control_level"":[""policy"",""state_estimation""],""setting"":[""long_horizon""],""embodiment"":[]}",FULL_TEXT_CHECKED,UNREAD,recorded,source_only,paper_specific,https://openaccess.thecvf.com/content/CVPR2026/html/Xiao_AVA-VLA_Improving_Vision-Language-Action_models_with_Active_Visual_Attention_CVPR_2026_paper.html,not_identified,not_recorded,metric:success-rate,POMDP에서 recurrent state와 active visual attention을 결합한 최신 VLA. ActiveVLA의 view-value 질문을 memory/state update와 연결하는 G-03/G-04 anchor.,Specialized or frontier extension selected after CORE for the VLA and generalist robot policies branch.,[],0,./2026/CVPR/2026_CVPR_AVA-VLA-Improving-Vision-Language-Action-Models-with-Activ/01_overview.md
pr-0354,BA-GS: Bayesian Adaptive Gaussian Splatting for SFM-Free 3D Reconstruction,2026,CVPR,conference,peer_reviewed,"3D Geometry, Registration, and Equivariance",Robotics-enabling 3D perception,REFERENCE,,method,"{""learning"":[],""interaction"":[],""modality"":[""point_cloud"",""rgb""],""control_level"":[],""setting"":[],""embodiment"":[]}",FULL_TEXT_CHECKED,N/A,recorded,source_only,paper_specific,https://openaccess.thecvf.com/content/CVPR2026/html/Ma_BA-GS_Bayesian_Adaptive_Gaussian_Splatting_for_SFM-Free_3D_Reconstruction_CVPR_2026_paper.html,not_identified,not_recorded,metric:map,"BA-GS: Bayesian Adaptive Gaussian Splatting for SFM-Free 3D Reconstruction is retained as REFERENCE because it provides an algorithmic or policy mechanism around Gaussian Splatting, 3D reconstruction, geometry for targeted comparison in Robotics-enabling 3D perception; it is not required for the current intensive reading spine.","Important on-demand reference, but not required in the current intensive sequence.",[],0,./2026/CVPR/2026_CVPR_BA-GS-Bayesian-Adaptive-Gaussian-Splatting-for-SFM-Free-3D/01_overview.md
pr-0159,Bring My Cup! Personalizing Vision-Language-Action Models with Visual Attentive Prompting,2026,ICML,conference,peer_reviewed,VLA and Generalist Robot Policies,VLA and generalist robot policies,REFERENCE,,method,"{""learning"":[""vla""],""interaction"":[],""modality"":[""language"",""rgb""],""control_level"":[""policy""],""setting"":[],""embodiment"":[]}",FULL_TEXT_CHECKED,N/A,recorded,identified,paper_specific,https://openreview.net/forum?id=fm6Z3wfTae,not_identified,not_recorded,benchmark:vlabench;metric:success-rate,"Bring My Cup! Personalizing Vision-Language-Action Models with Visual Attentive Prompting is retained as REFERENCE because it provides an algorithmic or policy mechanism around VLA, Vision-Language Model, Robotics for targeted comparison in VLA and generalist robot policies; it is not required for the current intensive reading spine.","Important on-demand reference, but not required in the current intensive sequence.",[],0,./2026/ICML/2026_ICML_Bring-My-Cup-Personalizing-Vision-Language-Action-Models-w/01_overview.md
pr-0355,C-GenReg: Training-Free 3D Point Cloud Registration by Multi-View-Consistent Geometry-to-Image Generation with Probabilistic Modalities Fusion,2026,CVPR,conference,peer_reviewed,"3D Geometry, Registration, and Equivariance",Robotics-enabling 3D perception,REFERENCE,,method,"{""learning"":[""diffusion""],""interaction"":[],""modality"":[""lidar"",""point_cloud"",""rgb""],""control_level"":[],""setting"":[],""embodiment"":[]}",FULL_TEXT_CHECKED,N/A,recorded,source_only,paper_specific,https://openaccess.thecvf.com/content/CVPR2026/html/Haitman_C-GenReg_Training-Free_3D_Point_Cloud_Registration_by_Multi-View-Consistent_Geometry-to-Image_Generation_CVPR_2026_paper.html,not_identified,not_recorded,metric:map,"C-GenReg: Training-Free 3D Point Cloud Registration by Multi-View-Consistent Geometry-to-Image Generation with Probabilistic Modalities Fusion is retained as REFERENCE because it provides an algorithmic or policy mechanism around geometry, sensor fusion, LiDAR for targeted comparison in Robotics-enabling 3D perception; it is not required for the current intensive reading spine.","Important on-demand reference, but not required in the current intensive sequence.",[],0,./2026/CVPR/2026_CVPR_C-GenReg-Training-Free-3D-Point-Cloud-Registration-by-Mult/01_overview.md
pr-0813,Can VLMs Diagnose and Recover from VLA Manipulation Faults?,2026,ICML,conference,peer_reviewed,"World Models, Safety, and Recovery","World models, safety, uncertainty, and recovery",NEXT,,benchmark_or_dataset,"{""learning"":[""vla"",""world_model""],""interaction"":[""grasping""],""modality"":[""language""],""control_level"":[""policy"",""safety_or_recovery""],""setting"":[""real_robot""],""embodiment"":[""arm""]}",FULL_TEXT_CHECKED,UNREAD,recorded,source_only,paper_specific,https://kakigo.github.io/VLA-FixBench/,project_only,not_recorded,code:b9d08095f890,VLA-FixBench/FaultEval의 fault taxonomy와 rollback recovery를 통해 failure diagnosis를 평가 가능한 benchmark 문제로 구체화한 최신 기준점.,"Specialized or frontier extension selected after CORE for the World models, safety, uncertainty, and recovery branch.",[],0,./2026/ICML/2026_ICML_Can-VLMs-Diagnose-and-Recover-from-VLA-Manipulation-Faults/01_overview.md
pr-0274,CLARE: Continual Learning for Vision-Language-Action Models via Autonomous Adapter Routing and Expansion,2026,RA-L,journal,peer_reviewed,VLA and Generalist Robot Policies,VLA and generalist robot policies,REFERENCE,,method,"{""learning"":[""vla""],""interaction"":[],""modality"":[""language"",""rgb""],""control_level"":[""policy""],""setting"":[],""embodiment"":[]}",FULL_TEXT_CHECKED,N/A,recorded,identified,paper_specific,https://arxiv.org/abs/2601.09512,project_only,not_recorded,benchmark:libero;code:9b9f122b5be4;metric:success-rate,"CLARE: Continual Learning for Vision-Language-Action Models via Autonomous Adapter Routing and Expansion is retained as REFERENCE because it provides an algorithmic or policy mechanism around VLA, Vision-Language Model for targeted comparison in VLA and generalist robot policies; it is not required for the current intensive reading spine.","Important on-demand reference, but not required in the current intensive sequence.",[],0,./2026/RA-L/2026_RA-L_CLARE-Continual-Learning-for-Vision-Language-Action-Models/01_overview.md
pr-0276,Compact Object-Level Representations with Open-Vocabulary Understanding for Indoor Visual Relocalization,2026,RA-L,journal,peer_reviewed,3D Vision-Language Understanding,Robotics-enabling 3D perception,ARCHIVE,,method,"{""learning"":[],""interaction"":[],""modality"":[""language"",""rgb""],""control_level"":[],""setting"":[],""embodiment"":[]}",FULL_TEXT_CHECKED,N/A,recorded,identified,paper_specific,https://arxiv.org/abs/2606.24767,not_identified,not_recorded,metric:map,Compact Object-Level Representations with Open-Vocabulary Understanding for Indoor Visual Relocalization is retained as ARCHIVE because its an algorithmic or policy mechanism around semantic preserves historical or adjacent context for Robotics-enabling 3D perception; it is outside the current robotics-first intensive scope.,Historical or adjacent material retained for search; outside the current intensive scope.,[],0,./2026/RA-L/2026_RA-L_Compact-Object-Level-Representations-with-Open-Vocabulary/01_overview.md
pr-0796,ConsisVLA-4D: Advancing Spatiotemporal Consistency in Efficient 3D-Perception and 4D-Reasoning for Robotic Manipulation,2026,CVPR,conference,peer_reviewed,VLA and Generalist Robot Policies,VLA and generalist robot policies,REFERENCE,,method,"{""learning"":[""vla""],""interaction"":[""grasping""],""modality"":[""language""],""control_level"":[""policy"",""state_estimation""],""setting"":[],""embodiment"":[""arm""]}",FULL_TEXT_CHECKED,N/A,recorded,source_only,paper_specific,https://openaccess.thecvf.com/content/CVPR2026/html/Li_ConsisVLA-4D_Advancing_Spatiotemporal_Consistency_in_Efficient_3D-Perception_and_4D-Reasoning_for_CVPR_2026_paper.html,not_identified,not_recorded,metric:success-rate,"ConsisVLA-4D: Advancing Spatiotemporal Consistency in Efficient 3D-Perception and 4D-Reasoning for Robotic Manipulation is retained as REFERENCE because it provides an algorithmic or policy mechanism around VLA, consistency, 4D reasoning for targeted comparison in VLA and generalist robot policies; it is not required for the current intensive reading spine.","Important on-demand reference, but not required in the current intensive sequence.",[],0,./2026/CVPR/2026_CVPR_ConsisVLA-4D-Advancing-Spatiotemporal-Consistency-in-Effic/01_overview.md
pr-0689,Cosmos Policy: Fine-Tuning Video Models for Visuomotor Control and Planning,2026,ICLR,conference,peer_reviewed,"World Models, Safety, and Recovery","World models, safety, uncertainty, and recovery",REFERENCE,,method,"{""learning"":[""optimization_or_planning"",""world_model""],""interaction"":[],""modality"":[""video""],""control_level"":[""feedback_control"",""policy"",""safety_or_recovery""],""setting"":[],""embodiment"":[]}",FULL_TEXT_CHECKED,N/A,recorded,identified,paper_specific,https://iclr.cc/virtual/2026/poster/10006732,project_only,not_recorded,code:5b00d80b4458,"Cosmos Policy: Fine-Tuning Video Models for Visuomotor Control and Planning is retained as REFERENCE because it provides an algorithmic or policy mechanism around Robotics, world model, visuomotor control for targeted comparison in World models, safety, uncertainty, and recovery; it is not required for the current intensive reading spine.","Important on-demand reference, but not required in the current intensive sequence.",[],0,./2026/ICLR/2026_ICLR_Cosmos-Policy-Fine-Tuning-Video-Models-for-Visuomotor-Cont/01_overview.md
pr-0693,Counterfactual VLA: Self-Reflective Vision-Language-Action Model with Adaptive Reasoning,2026,CVPR,conference,peer_reviewed,"World Models, Safety, and Recovery",VLA and generalist robot policies,NEXT,,method,"{""learning"":[""vla"",""world_model""],""interaction"":[],""modality"":[""language"",""rgb""],""control_level"":[""policy"",""safety_or_recovery""],""setting"":[],""embodiment"":[]}",FULL_TEXT_CHECKED,UNREAD,recorded,source_only,paper_specific,https://openaccess.thecvf.com/content/CVPR2026/html/Peng_Counterfactual_VLA_Self-Reflective_Vision-Language-Action_Model_with_Adaptive_Reasoning_CVPR_2026_paper.html,project_only,not_recorded,code:82ec2733f699;metric:success-rate,"Counterfactual VLA: Self-Reflective Vision-Language-Action Model with Adaptive Reasoning is a NEXT comparison paper because it extends an algorithmic or policy mechanism around Robotics, VLA, self-reflection in VLA and generalist robot policies, exposing a specialized frontier after the shared CORE spine.",Specialized or frontier extension selected after CORE for the VLA and generalist robot policies branch.,[],0,./2026/CVPR/2026_CVPR_Counterfactual-VLA-Self-Reflective-Vision-Language-Action/01_overview.md
pr-0626,Cross-Embodiment Offline Reinforcement Learning for Heterogeneous Robot Datasets,2026,ICLR,conference,peer_reviewed,Robot Learning and Data,"RL, IL, offline learning, and robot data",REFERENCE,,benchmark_or_dataset,"{""learning"":[""offline_rl"",""reinforcement_learning""],""interaction"":[""contact_rich""],""modality"":[""force_torque""],""control_level"":[""policy""],""setting"":[],""embodiment"":[]}",FULL_TEXT_CHECKED,N/A,recorded,identified,paper_specific,https://iclr.cc/virtual/2026/poster/10010454,project_only,not_recorded,code:49fdefd45d4e,"Cross-Embodiment Offline Reinforcement Learning for Heterogeneous Robot Datasets is retained as REFERENCE because it provides a benchmark, dataset, or evaluation protocol around Robotics, offline reinforcement learning, cross-embodiment for targeted comparison in RL, IL, offline learning, and robot data; it is not required for the current intensive reading spine.","Important on-demand reference, but not required in the current intensive sequence.",[],0,./2026/ICLR/2026_ICLR_Cross-Embodiment-Offline-Reinforcement-Learning-for-Hetero/01_overview.md
pr-0687,Ctrl-World: A Controllable Generative World Model for Robot Manipulation,2026,ICLR,conference,peer_reviewed,"World Models, Safety, and Recovery","World models, safety, uncertainty, and recovery",NEXT,,method,"{""learning"":[""world_model""],""interaction"":[""grasping""],""modality"":[],""control_level"":[""feedback_control"",""safety_or_recovery""],""setting"":[],""embodiment"":[""arm""]}",FULL_TEXT_CHECKED,UNREAD,recorded,identified,paper_specific,https://iclr.cc/virtual/2026/poster/10011332,project_only,not_recorded,code:38a3a2e9a9bd,"Ctrl-World: A Controllable Generative World Model for Robot Manipulation is a NEXT comparison paper because it extends an algorithmic or policy mechanism around Robotics, world model, robot manipulation in World models, safety, uncertainty, and recovery, exposing a specialized frontier after the shared CORE spine.","Specialized or frontier extension selected after CORE for the World models, safety, uncertainty, and recovery branch.",[],0,./2026/ICLR/2026_ICLR_Ctrl-World-A-Controllable-Generative-World-Model-for-Robot/01_overview.md
pr-0793,D3D-VLP: Dynamic 3D Vision-Language-Planning Model for Embodied Grounding and Navigation,2026,CVPR,conference,peer_reviewed,Embodied Navigation and Mapping,Planning and control,REFERENCE,,method,"{""learning"":[""optimization_or_planning""],""interaction"":[""navigation""],""modality"":[""language"",""rgb""],""control_level"":[""state_estimation""],""setting"":[],""embodiment"":[""mobile""]}",FULL_TEXT_CHECKED,N/A,recorded,source_only,paper_specific,https://openaccess.thecvf.com/content/CVPR2026/html/Wang_D3D-VLP_Dynamic_3D_Vision-Language-Planning_Model_for_Embodied_Grounding_and_Navigation_CVPR_2026_paper.html,not_identified,not_recorded,benchmark:hm3d;metric:map,"D3D-VLP: Dynamic 3D Vision-Language-Planning Model for Embodied Grounding and Navigation is retained as REFERENCE because it provides an algorithmic or policy mechanism around 3D Vision, Vision-Language, Planning for targeted comparison in Planning and control; it is not required for the current intensive reading spine.","Important on-demand reference, but not required in the current intensive sequence.",[],0,./2026/CVPR/2026_CVPR_D3D-VLP-Dynamic-3D-Vision-Language-Planning-Model-for-Embo/01_overview.md
pr-0182,DAM-VLA: A Dynamic Action Model-Based Vision-Language-Action Framework for Robot Manipulation,2026,ICRA,conference,peer_reviewed,VLA and Generalist Robot Policies,VLA and generalist robot policies,REFERENCE,,system,"{""learning"":[""vla""],""interaction"":[""grasping""],""modality"":[""language"",""rgb""],""control_level"":[""policy""],""setting"":[],""embodiment"":[""arm""]}",FULL_TEXT_CHECKED,N/A,recorded,identified,venue_index,https://ras.papercept.net/conferences/conferences/ICRA26/program/ICRA26_ContentListWeb_3.html,not_identified,not_recorded,benchmark:furniturebench;metric:success-rate,"DAM-VLA: A Dynamic Action Model-Based Vision-Language-Action Framework for Robot Manipulation is retained as REFERENCE because it provides an integrated system or deployment interface around VLA, Vision-Language Model, Robotics for targeted comparison in VLA and generalist robot policies; it is not required for the current intensive reading spine.","Important on-demand reference, but not required in the current intensive sequence.",[],0,./2026/ICRA/2026_ICRA_DAM-VLA-A-Dynamic-Action-Model-Based-Vision-Language-Actio/01_overview.md
pr-0422,Dens3R: A Foundation Model for 3D Geometry Prediction,2026,ICLR,conference,peer_reviewed,3D Representation Learning,Robotics-enabling 3D perception,REFERENCE,,foundation,"{""learning"":[],""interaction"":[],""modality"":[""point_cloud"",""rgb""],""control_level"":[],""setting"":[],""embodiment"":[]}",FULL_TEXT_CHECKED,N/A,recorded,identified,paper_specific,https://openreview.net/forum?id=kxVjQhkAWz,not_identified,not_recorded,metric:map,Dens3R: A Foundation Model for 3D Geometry Prediction is retained as REFERENCE because it provides a reusable formulation or system primitive around 3D Vision for targeted comparison in Robotics-enabling 3D perception; it is not required for the current intensive reading spine.,"Important on-demand reference, but not required in the current intensive sequence.",[],0,./2026/ICLR/2026_ICLR_Dens3R-A-Foundation-Model-for-3D-Geometry-Prediction/01_overview.md
pr-0820,DexterityGen: Foundation Controller for Unprecedented Dexterity,2026,RSS,conference,peer_reviewed,"Manipulation, Contact, and Dexterity","Manipulation, contact, tactile, and dexterity",NEXT,,foundation,"{""learning"":[""reinforcement_learning""],""interaction"":[""contact_rich"",""grasping""],""modality"":[""force_torque""],""control_level"":[""feedback_control""],""setting"":[""sim_to_real""],""embodiment"":[""arm"",""dexterous_hand""]}",FULL_TEXT_CHECKED,UNREAD,recorded,source_only,paper_specific,https://roboticsconference.org/2026/program/papers/103/,project_only,not_recorded,code:b503b210b713,RL로 저수준 dexterous primitive를 선학습하고 human teleoperation을 prompt로 쓰는 RSS 2026 foundation controller. Dexterous long-horizon skill과 contact stability의 최신 anchor.,"Specialized or frontier extension selected after CORE for the Manipulation, contact, tactile, and dexterity branch.",[],0,./2026/RSS/2026_RSS_DexterityGen-Foundation-Controller-for-Unprecedented-Dexte/01_overview.md
pr-0686,Dexterous World Models,2026,CVPR,conference,peer_reviewed,"World Models, Safety, and Recovery","Manipulation, contact, tactile, and dexterity",NEXT,,method,"{""learning"":[""world_model""],""interaction"":[""grasping""],""modality"":[""video""],""control_level"":[""safety_or_recovery""],""setting"":[],""embodiment"":[""arm"",""dexterous_hand""]}",FULL_TEXT_CHECKED,UNREAD,recorded,source_only,paper_specific,https://openaccess.thecvf.com/content/CVPR2026/html/Kim_Dexterous_World_Models_CVPR_2026_paper.html,project_only,not_recorded,code:8e1dda04fbdf,"Dexterous World Models is a NEXT comparison paper because it extends an algorithmic or policy mechanism around Robotics, world model, dexterous manipulation in Manipulation, contact, tactile, and dexterity, exposing a specialized frontier after the shared CORE spine.","Specialized or frontier extension selected after CORE for the Manipulation, contact, tactile, and dexterity branch.",[],0,./2026/CVPR/2026_CVPR_Dexterous-World-Models/01_overview.md
pr-0811,DiffuView: Multi-View Diffusion Pretraining for 3D Aware Robotic Manipulation,2026,CVPR,conference,peer_reviewed,"Manipulation, Contact, and Dexterity","Manipulation, contact, tactile, and dexterity",REFERENCE,,method,"{""learning"":[""diffusion""],""interaction"":[""contact_rich"",""grasping""],""modality"":[],""control_level"":[],""setting"":[],""embodiment"":[""arm""]}",FULL_TEXT_CHECKED,N/A,recorded,source_only,paper_specific,https://openaccess.thecvf.com/content/CVPR2026/html/Zhang_DiffuView_Multi-View_Diffusion_Pretraining_for_3D_Aware_Robotic_Manipulation_CVPR_2026_paper.html,not_identified,not_recorded,,"DiffuView: Multi-View Diffusion Pretraining for 3D Aware Robotic Manipulation is retained as REFERENCE because it provides an algorithmic or policy mechanism around Diffusion, 3D manipulation, Robotics for targeted comparison in Manipulation, contact, tactile, and dexterity; it is not required for the current intensive reading spine.","Important on-demand reference, but not required in the current intensive sequence.",[],0,./2026/CVPR/2026_CVPR_DiffuView-Multi-View-Diffusion-Pretraining-for-3D-Aware-Ro/01_overview.md
pr-0152,Discrete Diffusion VLA: Bringing Discrete Diffusion to Action Decoding in Vision-Language-Action Policies,2026,ICML,conference,peer_reviewed,VLA and Generalist Robot Policies,VLA and generalist robot policies,REFERENCE,,method,"{""learning"":[""diffusion"",""vla""],""interaction"":[],""modality"":[""language"",""rgb""],""control_level"":[""policy""],""setting"":[],""embodiment"":[]}",FULL_TEXT_CHECKED,N/A,recorded,identified,paper_specific,https://openreview.net/forum?id=c3BVcHcSiR,not_identified,not_recorded,benchmark:libero;benchmark:simplerenv;metric:success-rate,"Discrete Diffusion VLA: Bringing Discrete Diffusion to Action Decoding in Vision-Language-Action Policies is retained as REFERENCE because it provides an algorithmic or policy mechanism around VLA, Vision-Language Model, Robotics for targeted comparison in VLA and generalist robot policies; it is not required for the current intensive reading spine.","Important on-demand reference, but not required in the current intensive sequence.",[],0,./2026/ICML/2026_ICML_Discrete-Diffusion-VLA-Bringing-Discrete-Diffusion-to-Acti/01_overview.md
pr-0356,Distilling Unsigned Distance Function for Surface Reconstruction from 3D Gaussian Splatting,2026,CVPR,conference,peer_reviewed,Neural Scene Representations,Robotics-enabling 3D perception,ARCHIVE,,method,"{""learning"":[],""interaction"":[],""modality"":[""point_cloud"",""rgb""],""control_level"":[],""setting"":[],""embodiment"":[]}",FULL_TEXT_CHECKED,N/A,recorded,source_only,paper_specific,https://openaccess.thecvf.com/content/CVPR2026/html/Li_Distilling_Unsigned_Distance_Function_for_Surface_Reconstruction_from_3D_Gaussian_CVPR_2026_paper.html,not_identified,not_recorded,metric:map,"Distilling Unsigned Distance Function for Surface Reconstruction from 3D Gaussian Splatting is retained as ARCHIVE because its an algorithmic or policy mechanism around Gaussian Splatting, 3D reconstruction, 3D Vision preserves historical or adjacent context for Robotics-enabling 3D perception; it is outside the current robotics-first intensive scope.",Historical or adjacent material retained for search; outside the current intensive scope.,[],0,./2026/CVPR/2026_CVPR_Distilling-Unsigned-Distance-Function-for-Surface-Reconstr/01_overview.md
pr-0871,DreamDojo: A Generalist Robot World Model from Large-Scale Human Videos,2026,ICML,conference,peer_reviewed,"World Models, Safety, and Recovery","World models, safety, uncertainty, and recovery",NEXT,,method,"{""learning"":[""world_model""],""interaction"":[],""modality"":[""video""],""control_level"":[""policy"",""safety_or_recovery""],""setting"":[],""embodiment"":[]}",FULL_TEXT_CHECKED,UNREAD,recorded,identified,paper_specific,https://arxiv.org/abs/2602.06949,project_only,not_recorded,code:13ccc06d5667,"large-scale human video를 generalist robot world model로 전환하는 2026 NVIDIA frontier로, world-model pretraining과 robot action grounding의 최신 연결을 제공한다.","Specialized or frontier extension selected after CORE for the World models, safety, uncertainty, and recovery branch.",[],0,./2026/ICML/2026_ICML_DreamDojo-A-Generalist-Robot-World-Model-from-Large-Scale/01_overview.md
pr-0357,DualSplat: Robust 3D Gaussian Splatting via Pseudo-Mask Bootstrapping from Reconstruction Failures,2026,CVPR,conference,peer_reviewed,Neural Scene Representations,Robotics-enabling 3D perception,ARCHIVE,,method,"{""learning"":[],""interaction"":[],""modality"":[""point_cloud"",""rgb""],""control_level"":[],""setting"":[],""embodiment"":[]}",FULL_TEXT_CHECKED,N/A,recorded,source_only,paper_specific,https://openaccess.thecvf.com/content/CVPR2026/html/Wang_DualSplat_Robust_3D_Gaussian_Splatting_via_Pseudo-Mask_Bootstrapping_from_Reconstruction_CVPR_2026_paper.html,not_identified,not_recorded,metric:map,"DualSplat: Robust 3D Gaussian Splatting via Pseudo-Mask Bootstrapping from Reconstruction Failures is retained as ARCHIVE because its an algorithmic or policy mechanism around Gaussian Splatting, 3D reconstruction, 3D Vision preserves historical or adjacent context for Robotics-enabling 3D perception; it is outside the current robotics-first intensive scope.",Historical or adjacent material retained for search; outside the current intensive scope.,[],0,./2026/CVPR/2026_CVPR_DualSplat-Robust-3D-Gaussian-Splatting-via-Pseudo-Mask-Boo/01_overview.md
pr-0348,E2EGS: Event-to-Edge Gaussian Splatting for Pose-Free 3D Reconstruction,2026,CVPR,conference,peer_reviewed,Neural Scene Representations,Robotics-enabling 3D perception,ARCHIVE,,method,"{""learning"":[],""interaction"":[],""modality"":[""point_cloud"",""rgb""],""control_level"":[],""setting"":[],""embodiment"":[]}",FULL_TEXT_CHECKED,N/A,recorded,source_only,paper_specific,https://openaccess.thecvf.com/content/CVPR2026/html/Kim_E2EGS_Event-to-Edge_Gaussian_Splatting_for_Pose-Free_3D_Reconstruction_CVPR_2026_paper.html,not_identified,not_recorded,metric:map,"E2EGS: Event-to-Edge Gaussian Splatting for Pose-Free 3D Reconstruction is retained as ARCHIVE because its an algorithmic or policy mechanism around Gaussian Splatting, 3D reconstruction, geometry preserves historical or adjacent context for Robotics-enabling 3D perception; it is outside the current robotics-first intensive scope.",Historical or adjacent material retained for search; outside the current intensive scope.,[],0,./2026/CVPR/2026_CVPR_E2EGS-Event-to-Edge-Gaussian-Splatting-for-Pose-Free-3D-Re/01_overview.md
pr-0628,Efficient Reinforcement Learning by Guiding World Models with Non-Curated Data,2026,ICLR,conference,peer_reviewed,"World Models, Safety, and Recovery","World models, safety, uncertainty, and recovery",REFERENCE,,method,"{""learning"":[""reinforcement_learning"",""world_model""],""interaction"":[""contact_rich""],""modality"":[""force_torque""],""control_level"":[""safety_or_recovery""],""setting"":[],""embodiment"":[]}",FULL_TEXT_CHECKED,N/A,recorded,identified,paper_specific,https://iclr.cc/virtual/2026/poster/10007436,project_only,not_recorded,code:5d100f3a7f83,"Efficient Reinforcement Learning by Guiding World Models with Non-Curated Data is retained as REFERENCE because it provides an algorithmic or policy mechanism around Robotics, Reinforcement Learning, world model for targeted comparison in World models, safety, uncertainty, and recovery; it is not required for the current intensive reading spine.","Important on-demand reference, but not required in the current intensive sequence.",[],0,./2026/ICLR/2026_ICLR_Efficient-Reinforcement-Learning-by-Guiding-World-Models-w/01_overview.md
pr-0095,Embodied-R1: Reinforced Embodied Reasoning for General Robotic Manipulation,2026,ICLR,conference,peer_reviewed,VLA and Generalist Robot Policies,VLA and generalist robot policies,REFERENCE,,method,"{""learning"":[""reinforcement_learning"",""vla""],""interaction"":[""contact_rich"",""grasping""],""modality"":[""force_torque"",""language"",""rgb""],""control_level"":[""policy""],""setting"":[],""embodiment"":[""arm""]}",FULL_TEXT_CHECKED,N/A,recorded,identified,paper_specific,https://openreview.net/forum?id=i5wlozMFsQ,not_identified,not_recorded,metric:success-rate,"Embodied-R1: Reinforced Embodied Reasoning for General Robotic Manipulation is retained as REFERENCE because it provides an algorithmic or policy mechanism around Vision-Language Model, Robotics, Reinforcement Learning for targeted comparison in VLA and generalist robot policies; it is not required for the current intensive reading spine.","Important on-demand reference, but not required in the current intensive sequence.",[],0,./2026/ICLR/2026_ICLR_Embodied-R1-Reinforced-Embodied-Reasoning-for-General-Robo/01_overview.md
pr-0794,EmbodiedSplat: Online Feed-Forward Semantic 3DGS for Open-Vocabulary 3D Scene Understanding,2026,CVPR,conference,peer_reviewed,Language-Grounded 3D Scene Representations,Robotics-enabling 3D perception,REFERENCE,,method,"{""learning"":[],""interaction"":[],""modality"":[""language"",""point_cloud""],""control_level"":[],""setting"":[],""embodiment"":[]}",FULL_TEXT_CHECKED,N/A,recorded,source_only,paper_specific,https://openaccess.thecvf.com/content/CVPR2026/html/Lee_EmbodiedSplat_Online_Feed-Forward_Semantic_3DGS_for_Open-Vocabulary_3D_Scene_Understanding_CVPR_2026_paper.html,not_identified,not_recorded,metric:map,"EmbodiedSplat: Online Feed-Forward Semantic 3DGS for Open-Vocabulary 3D Scene Understanding is retained as REFERENCE because it provides an algorithmic or policy mechanism around Gaussian Splatting, open-vocabulary, semantic for targeted comparison in Robotics-enabling 3D perception; it is not required for the current intensive reading spine.","Important on-demand reference, but not required in the current intensive sequence.",[],0,./2026/CVPR/2026_CVPR_EmbodiedSplat-Online-Feed-Forward-Semantic-3DGS-for-Open-V/01_overview.md
pr-0462,EnerGS: Energy-Based Gaussian Splatting under Partial Geometric Priors,2026,ICML,conference,peer_reviewed,Neural Scene Representations,Robotics-enabling 3D perception,ARCHIVE,,method,"{""learning"":[],""interaction"":[],""modality"":[""point_cloud"",""rgb""],""control_level"":[],""setting"":[],""embodiment"":[]}",FULL_TEXT_CHECKED,N/A,recorded,identified,paper_specific,https://openreview.net/forum?id=ebt72acjt6,not_identified,not_recorded,metric:map,"EnerGS: Energy-Based Gaussian Splatting under Partial Geometric Priors is retained as ARCHIVE because its an algorithmic or policy mechanism around Gaussian Splatting, 3D Vision preserves historical or adjacent context for Robotics-enabling 3D perception; it is outside the current robotics-first intensive scope.",Historical or adjacent material retained for search; outside the current intensive scope.,[],0,./2026/ICML/2026_ICML_EnerGS-Energy-Based-Gaussian-Splatting-under-Partial-Geome/01_overview.md
pr-0105,EquAct: An SE(3)-Equivariant Multi-Task Transformer for 3D Robotic Manipulation,2026,ICLR,conference,peer_reviewed,VLA and Generalist Robot Policies,"Manipulation, contact, tactile, and dexterity",NEXT,,method,"{""learning"":[""vla""],""interaction"":[""grasping""],""modality"":[""language"",""rgb""],""control_level"":[""policy""],""setting"":[],""embodiment"":[""arm""]}",FULL_TEXT_CHECKED,UNREAD,recorded,identified,paper_specific,https://openreview.net/forum?id=d1wuA8oIH0,not_identified,not_recorded,metric:map,"EquAct: An SE(3)-Equivariant Multi-Task Transformer for 3D Robotic Manipulation is a NEXT comparison paper because it extends an algorithmic or policy mechanism around Robotics, 3D Vision, equivariant in Manipulation, contact, tactile, and dexterity, exposing a specialized frontier after the shared CORE spine.","Specialized or frontier extension selected after CORE for the Manipulation, contact, tactile, and dexterity branch.",[],0,./2026/ICLR/2026_ICLR_EquAct-An-SE3-Equivariant-Multi-Task-Transformer-for-3D-Ro/01_overview.md
pr-0190,EveryDayVLA: A Vision-Language-Action Model for Affordable Robotic Manipulation,2026,ICRA,conference,peer_reviewed,VLA and Generalist Robot Policies,VLA and generalist robot policies,REFERENCE,,method,"{""learning"":[""vla""],""interaction"":[""grasping""],""modality"":[""language"",""rgb""],""control_level"":[""policy""],""setting"":[],""embodiment"":[""arm""]}",FULL_TEXT_CHECKED,N/A,recorded,identified,venue_index,https://ras.papercept.net/conferences/conferences/ICRA26/program/ICRA26_ContentListWeb_3.html,not_identified,not_recorded,benchmark:libero;metric:success-rate,"EveryDayVLA: A Vision-Language-Action Model for Affordable Robotic Manipulation is retained as REFERENCE because it provides an algorithmic or policy mechanism around VLA, Vision-Language Model, Robotics for targeted comparison in VLA and generalist robot policies; it is not required for the current intensive reading spine.","Important on-demand reference, but not required in the current intensive sequence.",[],0,./2026/ICRA/2026_ICRA_EveryDayVLA-A-Vision-Language-Action-Model-for-Affordable/01_overview.md
pr-0349,ExtrinSplat: Decoupling Geometry and Semantics for Open-Vocabulary Understanding in 3D Gaussian Splatting,2026,CVPR,conference,peer_reviewed,3D Vision-Language Understanding,Robotics-enabling 3D perception,REFERENCE,,method,"{""learning"":[],""interaction"":[],""modality"":[""language"",""point_cloud"",""rgb""],""control_level"":[],""setting"":[],""embodiment"":[]}",FULL_TEXT_CHECKED,N/A,recorded,source_only,paper_specific,https://openaccess.thecvf.com/content/CVPR2026/html/Ding_ExtrinSplat_Decoupling_Geometry_and_Semantics_for_Open-Vocabulary_Understanding_in_3D_CVPR_2026_paper.html,not_identified,not_recorded,metric:map,"ExtrinSplat: Decoupling Geometry and Semantics for Open-Vocabulary Understanding in 3D Gaussian Splatting is retained as REFERENCE because it provides an algorithmic or policy mechanism around Gaussian Splatting, semantic, alignment for targeted comparison in Robotics-enabling 3D perception; it is not required for the current intensive reading spine.","Important on-demand reference, but not required in the current intensive sequence.",[],0,./2026/CVPR/2026_CVPR_ExtrinSplat-Decoupling-Geometry-and-Semantics-for-Open-Voc/01_overview.md
pr-0292,FAST-LIVGO: A Degeneracy-Robust LiDAR-Inertial-Visual-GNSS Fusion Odometry,2026,IROS,conference,peer_reviewed,3D Vision-Language Understanding,Robotics-enabling 3D perception,ARCHIVE,,method,"{""learning"":[],""interaction"":[],""modality"":[""language"",""lidar"",""rgb""],""control_level"":[],""setting"":[],""embodiment"":[]}",FULL_TEXT_CHECKED,N/A,recorded,identified,paper_specific,https://arxiv.org/abs/2606.19190,not_identified,not_recorded,metric:map,"FAST-LIVGO: A Degeneracy-Robust LiDAR-Inertial-Visual-GNSS Fusion Odometry is retained as ARCHIVE because its an algorithmic or policy mechanism around 3D Vision, Vision-Language preserves historical or adjacent context for Robotics-enabling 3D perception; it is outside the current robotics-first intensive scope.",Historical or adjacent material retained for search; outside the current intensive scope.,[],0,./2026/IROS/2026_IROS_FAST-LIVGO-A-Degeneracy-Robust-LiDAR-Inertial-Visual-GNSS/01_overview.md
pr-0185,FD-VLA: Force-Distilled Vision-Language-Action Model for Contact-Rich Manipulation,2026,ICRA,conference,peer_reviewed,VLA and Generalist Robot Policies,VLA and generalist robot policies,REFERENCE,,method,"{""learning"":[""vla""],""interaction"":[""contact_rich"",""grasping""],""modality"":[""force_torque"",""language"",""rgb""],""control_level"":[""policy""],""setting"":[],""embodiment"":[""arm""]}",FULL_TEXT_CHECKED,N/A,recorded,identified,venue_index,https://ras.papercept.net/conferences/conferences/ICRA26/program/ICRA26_ContentListWeb_5.html,not_identified,not_recorded,metric:success-rate,"FD-VLA: Force-Distilled Vision-Language-Action Model for Contact-Rich Manipulation is retained as REFERENCE because it provides an algorithmic or policy mechanism around VLA, Vision-Language Model, Robotics for targeted comparison in VLA and generalist robot policies; it is not required for the current intensive reading spine.","Important on-demand reference, but not required in the current intensive sequence.",[],0,./2026/ICRA/2026_ICRA_FD-VLA-Force-Distilled-Vision-Language-Action-Model-for-Co/01_overview.md
pr-0812,FLARE: A Failure-Aware Framework for Autonomous Correction and Recovery in Visual-Language Robotic Manipulation,2026,CVPR,conference,peer_reviewed,"World Models, Safety, and Recovery","World models, safety, uncertainty, and recovery",NEXT,,system,"{""learning"":[""vla"",""world_model""],""interaction"":[""contact_rich"",""grasping""],""modality"":[""language""],""control_level"":[""policy"",""safety_or_recovery""],""setting"":[],""embodiment"":[""arm""]}",FULL_TEXT_CHECKED,UNREAD,recorded,source_only,paper_specific,https://openaccess.thecvf.com/content/CVPR2026/html/Zhao_FLARE_A_Failure-Aware_Framework_for_Autonomous_Correction_and_Recovery_in_CVPR_2026_paper.html,not_identified,not_recorded,,최신 VLA failure-recovery 기준점. Retry와 Reset을 분리해 RP-2의 novelty boundary와 binary recovery baseline을 다시 좁히는 paper.,"Specialized or frontier extension selected after CORE for the World models, safety, uncertainty, and recovery branch.",[],0,./2026/CVPR/2026_CVPR_FLARE-A-Failure-Aware-Framework-for-Autonomous-Correction/01_overview.md
pr-0424,Flash-Mono: Feed-Forward Accelerated Gaussian Splatting Monocular SLAM,2026,ICLR,conference,peer_reviewed,Neural Scene Representations,Robotics-enabling 3D perception,REFERENCE,,method,"{""learning"":[],""interaction"":[""navigation""],""modality"":[""depth"",""point_cloud"",""rgb""],""control_level"":[""state_estimation""],""setting"":[],""embodiment"":[]}",FULL_TEXT_CHECKED,N/A,recorded,identified,paper_specific,https://openreview.net/forum?id=nv3q3crc5D,not_identified,not_recorded,metric:map,"Flash-Mono: Feed-Forward Accelerated Gaussian Splatting Monocular SLAM is retained as REFERENCE because it provides an algorithmic or policy mechanism around Gaussian Splatting, geometry, depth for targeted comparison in Robotics-enabling 3D perception; it is not required for the current intensive reading spine.","Important on-demand reference, but not required in the current intensive sequence.",[],0,./2026/ICLR/2026_ICLR_Flash-Mono-Feed-Forward-Accelerated-Gaussian-Splatting-Mon/01_overview.md
pr-0463,Flow Equivariant World Models: Structured Memory for Dynamic Environments,2026,ICML,conference,peer_reviewed,"3D Geometry, Registration, and Equivariance","World models, safety, uncertainty, and recovery",REFERENCE,,method,"{""learning"":[""world_model""],""interaction"":[],""modality"":[""point_cloud"",""rgb""],""control_level"":[],""setting"":[],""embodiment"":[]}",FULL_TEXT_CHECKED,N/A,recorded,identified,paper_specific,https://openreview.net/forum?id=jgqFnXEDGG,not_identified,not_recorded,metric:map,"Flow Equivariant World Models: Structured Memory for Dynamic Environments is retained as REFERENCE because it provides an algorithmic or policy mechanism around equivariant, 3D Vision for targeted comparison in World models, safety, uncertainty, and recovery; it is not required for the current intensive reading spine.","Important on-demand reference, but not required in the current intensive sequence.",[],0,./2026/ICML/2026_ICML_Flow-Equivariant-World-Models-Structured-Memory-for-Dynami/01_overview.md
pr-0694,FM-Steer: Enhance Generalist Policies with Value-Guided Cascaded Denoising,2026,CVPR,conference,peer_reviewed,"World Models, Safety, and Recovery",VLA and generalist robot policies,REFERENCE,,method,"{""learning"":[""vla"",""world_model""],""interaction"":[""grasping""],""modality"":[""language""],""control_level"":[""feedback_control"",""policy"",""safety_or_recovery""],""setting"":[""real_time""],""embodiment"":[""arm"",""dexterous_hand""]}",FULL_TEXT_CHECKED,N/A,recorded,source_only,paper_specific,https://openaccess.thecvf.com/content/CVPR2026/html/Song_FM-Steer_Enhance_Generalist_Policies_with_Value-Guided_Cascaded_Denoising_CVPR_2026_paper.html,project_only,not_recorded,code:ba11ee86e1ce,"FM-Steer: Enhance Generalist Policies with Value-Guided Cascaded Denoising is retained as REFERENCE because it provides an algorithmic or policy mechanism around Robotics, VLA, test-time computation for targeted comparison in VLA and generalist robot policies; it is not required for the current intensive reading spine.","Important on-demand reference, but not required in the current intensive sequence.",[],0,./2026/CVPR/2026_CVPR_FM-Steer-Enhance-Generalist-Policies-with-Value-Guided-Cas/01_overview.md
pr-0691,ForceVLA2: Unleashing Hybrid Force-Position Control with Force Awareness for Contact-Rich Manipulation,2026,CVPR,conference,peer_reviewed,"Manipulation, Contact, and Dexterity","Manipulation, contact, tactile, and dexterity",NEXT,,method,"{""learning"":[""vla""],""interaction"":[""contact_rich"",""grasping""],""modality"":[""force_torque"",""language""],""control_level"":[""feedback_control"",""policy""],""setting"":[],""embodiment"":[""arm""]}",FULL_TEXT_CHECKED,UNREAD,recorded,source_only,paper_specific,https://openaccess.thecvf.com/content/CVPR2026/html/Li_ForceVLA2_Unleashing_Hybrid_Force-Position_Control_with_Force_Awareness_for_Contact-Rich_CVPR_2026_paper.html,project_only,not_recorded,code:cefbf7917fe7;metric:success-rate,"ForceVLA2: Unleashing Hybrid Force-Position Control with Force Awareness for Contact-Rich Manipulation is a NEXT comparison paper because it extends an algorithmic or policy mechanism around Robotics, VLA, force sensing in Manipulation, contact, tactile, and dexterity, exposing a specialized frontier after the shared CORE spine.","Specialized or frontier extension selected after CORE for the Manipulation, contact, tactile, and dexterity branch.",[],0,./2026/CVPR/2026_CVPR_ForceVLA2-Unleashing-Hybrid-Force-Position-Control-with-Fo/01_overview.md
pr-0184,FP3: A 3D Foundation Policy for Robotic Manipulation,2026,ICRA,conference,peer_reviewed,VLA and Generalist Robot Policies,VLA and generalist robot policies,REFERENCE,,foundation,"{""learning"":[""vla""],""interaction"":[""grasping""],""modality"":[""language"",""rgb""],""control_level"":[""policy""],""setting"":[],""embodiment"":[""arm""]}",FULL_TEXT_CHECKED,N/A,recorded,identified,paper_specific,https://2026.ieee-icra.org/awards/,not_identified,not_recorded,metric:success-rate,"FP3: A 3D Foundation Policy for Robotic Manipulation is retained as REFERENCE because it provides a reusable formulation or system primitive around Robotics, 3D Vision for targeted comparison in VLA and generalist robot policies; it is not required for the current intensive reading spine.","Important on-demand reference, but not required in the current intensive sequence.",[],0,./2026/ICRA/2026_ICRA_FP3-A-3D-Foundation-Policy-for-Robotic-Manipulation/01_overview.md
pr-0090,From Seeing to Doing: Bridging Reasoning and Decision for Robotic Manipulation,2026,ICLR,conference,peer_reviewed,VLA and Generalist Robot Policies,VLA and generalist robot policies,REFERENCE,,method,"{""learning"":[""vla""],""interaction"":[""grasping""],""modality"":[""language"",""rgb""],""control_level"":[""policy""],""setting"":[],""embodiment"":[""arm""]}",FULL_TEXT_CHECKED,N/A,recorded,identified,paper_specific,https://openreview.net/forum?id=yngvAamNQi,not_identified,not_recorded,benchmark:bridgedata;metric:success-rate,"From Seeing to Doing: Bridging Reasoning and Decision for Robotic Manipulation is retained as REFERENCE because it provides an algorithmic or policy mechanism around Vision-Language Model, Robotics, 3D Vision for targeted comparison in VLA and generalist robot policies; it is not required for the current intensive reading spine.","Important on-demand reference, but not required in the current intensive sequence.",[],0,./2026/ICLR/2026_ICLR_From-Seeing-to-Doing-Bridging-Reasoning-and-Decision-for-R/01_overview.md
pr-0086,From Spatial to Actions: Grounding Vision-Language-Action Model in Spatial Foundation Priors,2026,ICLR,conference,peer_reviewed,3D Vision-Language Understanding,VLA and generalist robot policies,NEXT,,foundation,"{""learning"":[""vla""],""interaction"":[],""modality"":[""language"",""rgb""],""control_level"":[""policy""],""setting"":[],""embodiment"":[]}",FULL_TEXT_CHECKED,UNREAD,recorded,identified,paper_specific,https://openreview.net/forum?id=fzmittHfq3,not_identified,not_recorded,metric:map,"From Spatial to Actions: Grounding Vision-Language-Action Model in Spatial Foundation Priors is a NEXT comparison paper because it extends a reusable formulation or system primitive around VLA, Vision-Language Model, Robotics in VLA and generalist robot policies, exposing a specialized frontier after the shared CORE spine.",Specialized or frontier extension selected after CORE for the VLA and generalist robot policies branch.,[],0,./2026/ICLR/2026_ICLR_From-Spatial-to-Actions-Grounding-Vision-Language-Action-M/01_overview.md
pr-0798,G$^2$VLM: Geometry Grounded Vision Language Model with Unified 3D Reconstruction and Spatial Reasoning,2026,CVPR,conference,peer_reviewed,3D Vision-Language Understanding,Robotics-enabling 3D perception,REFERENCE,,method,"{""learning"":[],""interaction"":[],""modality"":[""language"",""rgb""],""control_level"":[],""setting"":[],""embodiment"":[]}",FULL_TEXT_CHECKED,N/A,recorded,source_only,paper_specific,https://openaccess.thecvf.com/content/CVPR2026/html/Hu_G2VLM_Geometry_Grounded_Vision_Language_Model_with_Unified_3D_Reconstruction_CVPR_2026_paper.html,not_identified,not_recorded,metric:map,"G$^2$VLM: Geometry Grounded Vision Language Model with Unified 3D Reconstruction and Spatial Reasoning is retained as REFERENCE because it provides an algorithmic or policy mechanism around VLM, 3D reconstruction, spatial reasoning for targeted comparison in Robotics-enabling 3D perception; it is not required for the current intensive reading spine.","Important on-demand reference, but not required in the current intensive sequence.",[],0,./2026/CVPR/2026_CVPR_G2VLM-Geometry-Grounded-Vision-Language-Model-with-Unified/01_overview.md
pr-0423,G4Splat: Geometry-Guided Gaussian Splatting with Generative Prior,2026,ICLR,conference,peer_reviewed,3D Generative Modeling,Robotics-enabling 3D perception,ARCHIVE,,method,"{""learning"":[""diffusion""],""interaction"":[],""modality"":[""point_cloud"",""rgb""],""control_level"":[],""setting"":[],""embodiment"":[]}",FULL_TEXT_CHECKED,N/A,recorded,identified,paper_specific,https://openreview.net/forum?id=kdPmsMVhZf,not_identified,not_recorded,,"G4Splat: Geometry-Guided Gaussian Splatting with Generative Prior is retained as ARCHIVE because its an algorithmic or policy mechanism around Gaussian Splatting, Diffusion, Generation preserves historical or adjacent context for Robotics-enabling 3D perception; it is outside the current robotics-first intensive scope.",Historical or adjacent material retained for search; outside the current intensive scope.,[],0,./2026/ICLR/2026_ICLR_G4Splat-Geometry-Guided-Gaussian-Splatting-with-Generative/01_overview.md
pr-0801,GA-VLN: Geometry-Aware BEV Representation for Efficient Vision-Language Navigation,2026,CVPR,conference,peer_reviewed,Embodied Navigation and Mapping,Robotics-enabling 3D perception,REFERENCE,,method,"{""learning"":[],""interaction"":[""navigation""],""modality"":[""language"",""rgb""],""control_level"":[""state_estimation""],""setting"":[],""embodiment"":[""mobile""]}",FULL_TEXT_CHECKED,N/A,recorded,source_only,paper_specific,https://openaccess.thecvf.com/content/CVPR2026/html/Yang_GA-VLN_Geometry-Aware_BEV_Representation_for_Efficient_Vision-Language_Navigation_CVPR_2026_paper.html,not_identified,not_recorded,metric:map,"GA-VLN: Geometry-Aware BEV Representation for Efficient Vision-Language Navigation is retained as REFERENCE because it provides an algorithmic or policy mechanism around Vision-Language Navigation, geometry, BEV for targeted comparison in Robotics-enabling 3D perception; it is not required for the current intensive reading spine.","Important on-demand reference, but not required in the current intensive sequence.",[],0,./2026/CVPR/2026_CVPR_GA-VLN-Geometry-Aware-BEV-Representation-for-Efficient-Vis/01_overview.md
pr-0612,Gallant: Voxel Grid-Based Humanoid Locomotion and Local Navigation across 3-D Constrained Terrains,2026,CVPR,conference,peer_reviewed,"Locomotion, Whole-Body, and Mobile Manipulation","Locomotion, whole-body, mobile manipulation, and humanoids",REFERENCE,,method,"{""learning"":[],""interaction"":[""grasping"",""locomotion"",""navigation"",""whole_body""],""modality"":[""lidar""],""control_level"":[""whole_body""],""setting"":[],""embodiment"":[""arm"",""humanoid"",""mobile""]}",FULL_TEXT_CHECKED,N/A,recorded,source_only,paper_specific,https://openaccess.thecvf.com/content/CVPR2026/html/Ben_Gallant_Voxel_Grid-based_Humanoid_Locomotion_and_Local-navigation_across_3-D_Constrained_CVPR_2026_paper.html,project_only,not_recorded,code:efcb3a629bfa;metric:success-rate,"Gallant: Voxel Grid-Based Humanoid Locomotion and Local Navigation across 3-D Constrained Terrains is retained as REFERENCE because it provides an algorithmic or policy mechanism around Robotics, humanoid, perceptive locomotion for targeted comparison in Locomotion, whole-body, mobile manipulation, and humanoids; it is not required for the current intensive reading spine.","Important on-demand reference, but not required in the current intensive sequence.",[],0,./2026/CVPR/2026_CVPR_Gallant-Voxel-Grid-Based-Humanoid-Locomotion-and-Local-Nav/01_overview.md
pr-0350,Gau-Occ: Geometry-Completed Gaussians for Multi-Modal 3D Occupancy Prediction,2026,CVPR,conference,peer_reviewed,Autonomous 3D Perception and Sensor Fusion,Robotics-enabling 3D perception,ARCHIVE,,method,"{""learning"":[],""interaction"":[],""modality"":[""lidar"",""point_cloud"",""rgb""],""control_level"":[""state_estimation""],""setting"":[],""embodiment"":[]}",FULL_TEXT_CHECKED,N/A,recorded,source_only,paper_specific,https://openaccess.thecvf.com/content/CVPR2026/html/Lv_Gau-Occ_Geometry-Completed_Gaussians_for_Multi-Modal_3D_Occupancy_Prediction_CVPR_2026_paper.html,not_identified,not_recorded,metric:map,"Gau-Occ: Geometry-Completed Gaussians for Multi-Modal 3D Occupancy Prediction is retained as ARCHIVE because its an algorithmic or policy mechanism around Gaussian Splatting, sensor fusion, LiDAR preserves historical or adjacent context for Robotics-enabling 3D perception; it is outside the current robotics-first intensive scope.",Historical or adjacent material retained for search; outside the current intensive scope.,[],0,./2026/CVPR/2026_CVPR_Gau-Occ-Geometry-Completed-Gaussians-for-Multi-Modal-3D-Oc/01_overview.md
pr-0358,GaussFusion: Improving 3D Reconstruction in the Wild with A Geometry-Informed Video Generator,2026,CVPR,conference,peer_reviewed,"3D Geometry, Reconstruction, and SLAM",Robotics-enabling 3D perception,ARCHIVE,,method,"{""learning"":[],""interaction"":[""navigation""],""modality"":[""point_cloud"",""rgb"",""video""],""control_level"":[""state_estimation""],""setting"":[],""embodiment"":[]}",FULL_TEXT_CHECKED,N/A,recorded,source_only,paper_specific,https://openaccess.thecvf.com/content/CVPR2026/html/Zhu_GaussFusion_Improving_3D_Reconstruction_in_the_Wild_with_A_Geometry-Informed_CVPR_2026_paper.html,not_identified,not_recorded,metric:map,"GaussFusion: Improving 3D Reconstruction in the Wild with A Geometry-Informed Video Generator is retained as ARCHIVE because its an algorithmic or policy mechanism around 3D reconstruction, 3D Vision preserves historical or adjacent context for Robotics-enabling 3D perception; it is outside the current robotics-first intensive scope.",Historical or adjacent material retained for search; outside the current intensive scope.,[],0,./2026/CVPR/2026_CVPR_GaussFusion-Improving-3D-Reconstruction-in-the-Wild-with-A/01_overview.md
pr-0425,GaussianFusion: Unified 3D Gaussian Representation for Multi-Modal Fusion Perception,2026,ICLR,conference,peer_reviewed,Autonomous 3D Perception and Sensor Fusion,Robotics-enabling 3D perception,ARCHIVE,,method,"{""learning"":[],""interaction"":[],""modality"":[""lidar"",""point_cloud"",""rgb""],""control_level"":[""state_estimation""],""setting"":[],""embodiment"":[]}",FULL_TEXT_CHECKED,N/A,recorded,identified,paper_specific,https://openreview.net/forum?id=7jXxQ9bGoU,not_identified,not_recorded,metric:map,"GaussianFusion: Unified 3D Gaussian Representation for Multi-Modal Fusion Perception is retained as ARCHIVE because its an algorithmic or policy mechanism around Gaussian Splatting, sensor fusion, LiDAR preserves historical or adjacent context for Robotics-enabling 3D perception; it is outside the current robotics-first intensive scope.",Historical or adjacent material retained for search; outside the current intensive scope.,[],0,./2026/ICLR/2026_ICLR_GaussianFusion-Unified-3D-Gaussian-Representation-for-Mult/01_overview.md
pr-0370,GaussianGrow: Geometry-aware Gaussian Growing from 3D Point Clouds with Text Guidance,2026,CVPR,conference,peer_reviewed,Neural Scene Representations,Robotics-enabling 3D perception,ARCHIVE,,method,"{""learning"":[],""interaction"":[],""modality"":[""point_cloud"",""rgb""],""control_level"":[],""setting"":[],""embodiment"":[]}",FULL_TEXT_CHECKED,N/A,recorded,source_only,paper_specific,https://openaccess.thecvf.com/content/CVPR2026/html/Zhang_GaussianGrow_Geometry-aware_Gaussian_Growing_from_3D_Point_Clouds_with_Text_CVPR_2026_paper.html,not_identified,not_recorded,metric:map,"GaussianGrow: Geometry-aware Gaussian Growing from 3D Point Clouds with Text Guidance is retained as ARCHIVE because its an algorithmic or policy mechanism around Gaussian Splatting, point cloud, 3D Vision preserves historical or adjacent context for Robotics-enabling 3D perception; it is outside the current robotics-first intensive scope.",Historical or adjacent material retained for search; outside the current intensive scope.,[],0,./2026/CVPR/2026_CVPR_GaussianGrow-Geometry-aware-Gaussian-Growing-from-3D-Point/01_overview.md
pr-0187,GaussianVLM: Scene-Centric 3D Vision-Language Models Using Language-Aligned Gaussian Splats for Embodied Reasoning and Beyond,2026,ICRA,conference,peer_reviewed,Language-Grounded 3D Scene Representations,Robotics-enabling 3D perception,ARCHIVE,,method,"{""learning"":[],""interaction"":[],""modality"":[""language"",""point_cloud"",""rgb""],""control_level"":[],""setting"":[],""embodiment"":[]}",FULL_TEXT_CHECKED,N/A,recorded,identified,venue_index,https://ras.papercept.net/conferences/conferences/ICRA26/program/ICRA26_ContentListWeb_4.html,not_identified,not_recorded,metric:map,"GaussianVLM: Scene-Centric 3D Vision-Language Models Using Language-Aligned Gaussian Splats for Embodied Reasoning and Beyond is retained as ARCHIVE because its an algorithmic or policy mechanism around Vision-Language Model, 3D Vision, Gaussian Splatting preserves historical or adjacent context for Robotics-enabling 3D perception; it is outside the current robotics-first intensive scope.",Historical or adjacent material retained for search; outside the current intensive scope.,[],0,./2026/ICRA/2026_ICRA_GaussianVLM-Scene-Centric-3D-Vision-Language-Models-Using/01_overview.md
pr-0359,GaussianZoom: Progressive Zoom-in Generative 3D Gaussian Splatting with Geometric and Semantic Guidance,2026,CVPR,conference,peer_reviewed,3D Generative Modeling,Robotics-enabling 3D perception,ARCHIVE,,method,"{""learning"":[""diffusion""],""interaction"":[],""modality"":[""point_cloud"",""rgb""],""control_level"":[],""setting"":[],""embodiment"":[]}",FULL_TEXT_CHECKED,N/A,recorded,source_only,paper_specific,https://openaccess.thecvf.com/content/CVPR2026/html/Shi_GaussianZoom_Progressive_Zoom-in_Generative_3D_Gaussian_Splatting_with_Geometric_and_CVPR_2026_paper.html,not_identified,not_recorded,,"GaussianZoom: Progressive Zoom-in Generative 3D Gaussian Splatting with Geometric and Semantic Guidance is retained as ARCHIVE because its an algorithmic or policy mechanism around Gaussian Splatting, semantic, alignment preserves historical or adjacent context for Robotics-enabling 3D perception; it is outside the current robotics-first intensive scope.",Historical or adjacent material retained for search; outside the current intensive scope.,[],0,./2026/CVPR/2026_CVPR_GaussianZoom-Progressive-Zoom-in-Generative-3D-Gaussian-Sp/01_overview.md
pr-0102,Generalizable Coarse-to-Fine Robot Manipulation via Language-Aligned 3D Keypoints,2026,ICLR,conference,peer_reviewed,VLA and Generalist Robot Policies,VLA and generalist robot policies,REFERENCE,,method,"{""learning"":[""imitation_learning"",""vla""],""interaction"":[""grasping""],""modality"":[""language"",""rgb""],""control_level"":[""policy""],""setting"":[],""embodiment"":[""arm""]}",FULL_TEXT_CHECKED,N/A,recorded,identified,paper_specific,https://openreview.net/forum?id=WXFfMLyB6y,not_identified,not_recorded,metric:success-rate,"Generalizable Coarse-to-Fine Robot Manipulation via Language-Aligned 3D Keypoints is retained as REFERENCE because it provides an algorithmic or policy mechanism around Robotics, 3D Vision, Imitation Learning for targeted comparison in VLA and generalist robot policies; it is not required for the current intensive reading spine.","Important on-demand reference, but not required in the current intensive sequence.",[],0,./2026/ICLR/2026_ICLR_Generalizable-Coarse-to-Fine-Robot-Manipulation-via-Langua/01_overview.md
pr-0064,GenSplat: Bridging the Generalization Gap in 3DGS Language Comprehension,2026,CVPR,conference,peer_reviewed,Language-Grounded 3D Scene Representations,Robotics-enabling 3D perception,ARCHIVE,,method,"{""learning"":[],""interaction"":[],""modality"":[""language"",""point_cloud""],""control_level"":[],""setting"":[],""embodiment"":[]}",FULL_TEXT_CHECKED,N/A,recorded,source_only,paper_specific,https://openaccess.thecvf.com/content/CVPR2026/html/Liu_GenSplat_Bridging_the_Generalization_Gap_in_3DGS_Language_Comprehension_CVPR_2026_paper.html,not_identified,not_recorded,metric:map,"GenSplat: Bridging the Generalization Gap in 3DGS Language Comprehension is retained as ARCHIVE because its an algorithmic or policy mechanism around Gaussian Splatting, language, generalization preserves historical or adjacent context for Robotics-enabling 3D perception; it is outside the current robotics-first intensive scope.",Historical or adjacent material retained for search; outside the current intensive scope.,[],0,./2026/CVPR/2026_CVPR_GenSplat-Bridging-the-Generalization-Gap-in-3DGS-Language/01_overview.md
pr-0434,Geometry Forcing: Marrying Video Diffusion and 3D Representation for Consistent World Modeling,2026,ICLR,conference,peer_reviewed,3D Generative Modeling,"World models, safety, uncertainty, and recovery",REFERENCE,,method,"{""learning"":[""diffusion"",""world_model""],""interaction"":[],""modality"":[""rgb"",""video""],""control_level"":[],""setting"":[],""embodiment"":[]}",FULL_TEXT_CHECKED,N/A,recorded,identified,paper_specific,https://openreview.net/forum?id=ULXYZCms41,not_identified,not_recorded,,"Geometry Forcing: Marrying Video Diffusion and 3D Representation for Consistent World Modeling is retained as REFERENCE because it provides an algorithmic or policy mechanism around Diffusion, Generation, 3D Vision for targeted comparison in World models, safety, uncertainty, and recovery; it is not required for the current intensive reading spine.","Important on-demand reference, but not required in the current intensive sequence.",[],0,./2026/ICLR/2026_ICLR_Geometry-Forcing-Marrying-Video-Diffusion-and-3D-Represent/01_overview.md
pr-0360,Geometry-Aware Cross-Modal Graph Alignment for Referring Segmentation in 3D Gaussian Splatting,2026,CVPR,conference,peer_reviewed,3D Vision-Language Understanding,Robotics-enabling 3D perception,ARCHIVE,,method,"{""learning"":[],""interaction"":[],""modality"":[""language"",""point_cloud"",""rgb""],""control_level"":[],""setting"":[],""embodiment"":[]}",FULL_TEXT_CHECKED,N/A,recorded,source_only,paper_specific,https://openaccess.thecvf.com/content/CVPR2026/html/Tao_Geometry-Aware_Cross-Modal_Graph_Alignment_for_Referring_Segmentation_in_3D_Gaussian_CVPR_2026_paper.html,not_identified,not_recorded,metric:map;metric:miou,"Geometry-Aware Cross-Modal Graph Alignment for Referring Segmentation in 3D Gaussian Splatting is retained as ARCHIVE because its an algorithmic or policy mechanism around Gaussian Splatting, semantic, alignment preserves historical or adjacent context for Robotics-enabling 3D perception; it is outside the current robotics-first intensive scope.",Historical or adjacent material retained for search; outside the current intensive scope.,[],0,./2026/CVPR/2026_CVPR_Geometry-Aware-Cross-Modal-Graph-Alignment-for-Referring-S/01_overview.md
pr-0426,GeoPurify: A Data-Efficient Geometric Distillation Framework for Open-Vocabulary 3D Segmentation,2026,ICLR,conference,peer_reviewed,3D Vision-Language Understanding,Robotics-enabling 3D perception,REFERENCE,,system,"{""learning"":[],""interaction"":[],""modality"":[""language"",""rgb""],""control_level"":[],""setting"":[],""embodiment"":[]}",FULL_TEXT_CHECKED,N/A,recorded,identified,paper_specific,https://openreview.net/forum?id=mN49LupE8l,not_identified,not_recorded,metric:map;metric:miou,"GeoPurify: A Data-Efficient Geometric Distillation Framework for Open-Vocabulary 3D Segmentation is retained as REFERENCE because it provides an integrated system or deployment interface around semantic, alignment, 3D Vision for targeted comparison in Robotics-enabling 3D perception; it is not required for the current intensive reading spine.","Important on-demand reference, but not required in the current intensive sequence.",[],0,./2026/ICLR/2026_ICLR_GeoPurify-A-Data-Efficient-Geometric-Distillation-Framewor/01_overview.md
pr-0192,Goal-VLA: Image-Generative VLMs As Object-Centric World Models Empowering Zero-Shot Robot Manipulation,2026,ICRA,conference,peer_reviewed,VLA and Generalist Robot Policies,VLA and generalist robot policies,REFERENCE,,method,"{""learning"":[""reinforcement_learning"",""vla"",""world_model""],""interaction"":[""contact_rich"",""grasping""],""modality"":[""force_torque"",""language"",""rgb""],""control_level"":[""policy""],""setting"":[],""embodiment"":[""arm""]}",FULL_TEXT_CHECKED,N/A,recorded,identified,venue_index,https://ras.papercept.net/conferences/conferences/ICRA26/program/ICRA26_ContentListWeb_4.html,not_identified,not_recorded,metric:success-rate,"Goal-VLA: Image-Generative VLMs As Object-Centric World Models Empowering Zero-Shot Robot Manipulation is retained as REFERENCE because it provides an algorithmic or policy mechanism around VLA, Vision-Language Model, Robotics for targeted comparison in VLA and generalist robot policies; it is not required for the current intensive reading spine.","Important on-demand reference, but not required in the current intensive sequence.",[],0,./2026/ICRA/2026_ICRA_Goal-VLA-Image-Generative-VLMs-As-Object-Centric-World-Mod/01_overview.md
pr-0107,GPT4Scene: Understand 3D Scenes from Videos with Vision-Language Models,2026,ICLR,conference,peer_reviewed,3D Vision-Language Understanding,Robotics-enabling 3D perception,REFERENCE,,method,"{""learning"":[],""interaction"":[],""modality"":[""language"",""rgb"",""video""],""control_level"":[],""setting"":[],""embodiment"":[]}",FULL_TEXT_CHECKED,N/A,recorded,identified,paper_specific,https://openreview.net/forum?id=0fib2BYc0L,not_identified,not_recorded,metric:map,"GPT4Scene: Understand 3D Scenes from Videos with Vision-Language Models is retained as REFERENCE because it provides an algorithmic or policy mechanism around Vision-Language Model, 3D Vision for targeted comparison in Robotics-enabling 3D perception; it is not required for the current intensive reading spine.","Important on-demand reference, but not required in the current intensive sequence.",[],0,./2026/ICLR/2026_ICLR_GPT4Scene-Understand-3D-Scenes-from-Videos-with-Vision-Lan/01_overview.md
pr-0802,Grounded 3D-Aware Spatial Vision-Language Modeling,2026,CVPR,conference,peer_reviewed,3D Vision-Language Understanding,Robotics-enabling 3D perception,REFERENCE,,method,"{""learning"":[],""interaction"":[],""modality"":[""language"",""rgb""],""control_level"":[],""setting"":[],""embodiment"":[]}",FULL_TEXT_CHECKED,N/A,recorded,source_only,paper_specific,https://openaccess.thecvf.com/content/CVPR2026/html/Cheng_Grounded_3D-Aware_Spatial_Vision-Language_Modeling_CVPR_2026_paper.html,not_identified,not_recorded,metric:map,"Grounded 3D-Aware Spatial Vision-Language Modeling is retained as REFERENCE because it provides an algorithmic or policy mechanism around Vision-Language, 3D spatial, grounding for targeted comparison in Robotics-enabling 3D perception; it is not required for the current intensive reading spine.","Important on-demand reference, but not required in the current intensive sequence.",[],0,./2026/CVPR/2026_CVPR_Grounded-3D-Aware-Spatial-Vision-Language-Modeling/01_overview.md
pr-0919,Grounding Actions in Camera Space: Observation-Centric Vision-Language-Action Policy,2026,AAAI,conference,peer_reviewed,VLA and Generalist Robot Policies,VLA and generalist robot policies,NEXT,,method,"{""learning"":[""vla""],""interaction"":[""grasping""],""modality"":[""language"",""rgb""],""control_level"":[""policy""],""setting"":[""real_robot""],""embodiment"":[""arm""]}",FULL_TEXT_CHECKED,UNREAD,recorded,identified,paper_specific,https://ojs.aaai.org/index.php/AAAI/article/view/38947,not_identified,not_recorded,,AAAI-26 Intelligent Robotics paper that makes the observation-to-action coordinate contract explicit for viewpoint-robust VLA manipulation.,Specialized or frontier extension selected after CORE for the VLA and generalist robot policies branch.,[],0,./2026/AAAI/2026_AAAI_Grounding-Actions-in-Camera-Space-Observation-Centric-Visi/01_overview.md
pr-0361,HAD: Hallucination-Aware Diffusion Priors for 3D Reconstruction,2026,CVPR,conference,peer_reviewed,3D Generative Modeling,Robotics-enabling 3D perception,ARCHIVE,,method,"{""learning"":[""diffusion""],""interaction"":[],""modality"":[""rgb""],""control_level"":[],""setting"":[],""embodiment"":[]}",FULL_TEXT_CHECKED,N/A,recorded,source_only,paper_specific,https://openaccess.thecvf.com/content/CVPR2026/html/Liu_HAD_Hallucination-Aware_Diffusion_Priors_for_3D_Reconstruction_CVPR_2026_paper.html,not_identified,not_recorded,,"HAD: Hallucination-Aware Diffusion Priors for 3D Reconstruction is retained as ARCHIVE because its an algorithmic or policy mechanism around 3D reconstruction, Diffusion, Generation preserves historical or adjacent context for Robotics-enabling 3D perception; it is outside the current robotics-first intensive scope.",Historical or adjacent material retained for search; outside the current intensive scope.,[],0,./2026/CVPR/2026_CVPR_HAD-Hallucination-Aware-Diffusion-Priors-for-3D-Reconstruc/01_overview.md
pr-0154,HALO: A Unified Vision-Language-Action Model for Embodied Multimodal Chain-of-Thought Reasoning,2026,ICML,conference,peer_reviewed,VLA and Generalist Robot Policies,VLA and generalist robot policies,REFERENCE,,method,"{""learning"":[""vla""],""interaction"":[],""modality"":[""language"",""rgb""],""control_level"":[""policy""],""setting"":[],""embodiment"":[]}",FULL_TEXT_CHECKED,N/A,recorded,identified,paper_specific,https://openreview.net/forum?id=lduY9csXqw,not_identified,not_recorded,benchmark:robotwin;metric:success-rate,"HALO: A Unified Vision-Language-Action Model for Embodied Multimodal Chain-of-Thought Reasoning is retained as REFERENCE because it provides an algorithmic or policy mechanism around VLA, Vision-Language Model for targeted comparison in VLA and generalist robot policies; it is not required for the current intensive reading spine.","Important on-demand reference, but not required in the current intensive sequence.",[],0,./2026/ICML/2026_ICML_HALO-A-Unified-Vision-Language-Action-Model-for-Embodied-M/01_overview.md
pr-0153,HiMe: Hierarchical Embodied Memory for Long-Horizon Vision-Language-Action Control,2026,ICML,conference,peer_reviewed,VLA and Generalist Robot Policies,VLA and generalist robot policies,REFERENCE,,method,"{""learning"":[""vla""],""interaction"":[],""modality"":[""language"",""rgb""],""control_level"":[""feedback_control"",""policy""],""setting"":[""long_horizon""],""embodiment"":[]}",FULL_TEXT_CHECKED,N/A,recorded,identified,paper_specific,https://openreview.net/forum?id=vVVbGj9cMC,not_identified,not_recorded,metric:success-rate,"HiMe: Hierarchical Embodied Memory for Long-Horizon Vision-Language-Action Control is retained as REFERENCE because it provides an algorithmic or policy mechanism around VLA, Vision-Language Model, Robotics for targeted comparison in VLA and generalist robot policies; it is not required for the current intensive reading spine.","Important on-demand reference, but not required in the current intensive sequence.",[],0,./2026/ICML/2026_ICML_HiMe-Hierarchical-Embodied-Memory-for-Long-Horizon-Vision/01_overview.md
pr-0611,HWC-Loco: A Hierarchical Whole-Body Control Approach to Robust Humanoid Locomotion,2026,ICLR,conference,peer_reviewed,"Locomotion, Whole-Body, and Mobile Manipulation","Locomotion, whole-body, mobile manipulation, and humanoids",NEXT,,method,"{""learning"":[],""interaction"":[""grasping"",""locomotion"",""whole_body""],""modality"":[],""control_level"":[""feedback_control"",""safety_or_recovery"",""whole_body""],""setting"":[],""embodiment"":[""arm"",""humanoid"",""mobile""]}",FULL_TEXT_CHECKED,UNREAD,recorded,identified,paper_specific,https://iclr.cc/virtual/2026/poster/10011640,project_only,not_recorded,code:5cd5cdbf9efb;metric:success-rate,"HWC-Loco: A Hierarchical Whole-Body Control Approach to Robust Humanoid Locomotion is a NEXT comparison paper because it extends an algorithmic or policy mechanism around Robotics, humanoid, whole-body control in Locomotion, whole-body, mobile manipulation, and humanoids, exposing a specialized frontier after the shared CORE spine.","Specialized or frontier extension selected after CORE for the Locomotion, whole-body, mobile manipulation, and humanoids branch.",[],0,./2026/ICLR/2026_ICLR_HWC-Loco-A-Hierarchical-Whole-Body-Control-Approach-to-Rob/01_overview.md
pr-0098,HybridVLA: Collaborative Diffusion and Autoregression in a Unified Vision-Language-Action Model,2026,ICLR,conference,peer_reviewed,VLA and Generalist Robot Policies,VLA and generalist robot policies,REFERENCE,,method,"{""learning"":[""diffusion"",""vla""],""interaction"":[],""modality"":[""language"",""rgb""],""control_level"":[""policy""],""setting"":[],""embodiment"":[]}",FULL_TEXT_CHECKED,N/A,recorded,identified,paper_specific,https://openreview.net/forum?id=H1KDMNOKQn,not_identified,not_recorded,metric:success-rate,"HybridVLA: Collaborative Diffusion and Autoregression in a Unified Vision-Language-Action Model is retained as REFERENCE because it provides an algorithmic or policy mechanism around VLA, Vision-Language Model, Robotics for targeted comparison in VLA and generalist robot policies; it is not required for the current intensive reading spine.","Important on-demand reference, but not required in the current intensive sequence.",[],0,./2026/ICLR/2026_ICLR_HybridVLA-Collaborative-Diffusion-and-Autoregression-in-a/01_overview.md
pr-0432,IGGT: Instance-Grounded Geometry Transformer for Semantic 3D Reconstruction,2026,ICLR,conference,peer_reviewed,3D Vision-Language Understanding,Robotics-enabling 3D perception,ARCHIVE,,method,"{""learning"":[],""interaction"":[],""modality"":[""language"",""rgb""],""control_level"":[],""setting"":[],""embodiment"":[]}",FULL_TEXT_CHECKED,N/A,recorded,identified,paper_specific,https://openreview.net/forum?id=swiL18PmUV,not_identified,not_recorded,metric:map,"IGGT: Instance-Grounded Geometry Transformer for Semantic 3D Reconstruction is retained as ARCHIVE because its an algorithmic or policy mechanism around 3D reconstruction, semantic, alignment preserves historical or adjacent context for Robotics-enabling 3D perception; it is outside the current robotics-first intensive scope.",Historical or adjacent material retained for search; outside the current intensive scope.,[],0,./2026/ICLR/2026_ICLR_IGGT-Instance-Grounded-Geometry-Transformer-for-Semantic-3/01_overview.md
pr-0099,Interleave-VLA: Enhancing Robot Manipulation with Image-Text Interleaved Instructions,2026,ICLR,conference,peer_reviewed,VLA and Generalist Robot Policies,VLA and generalist robot policies,REFERENCE,,method,"{""learning"":[""reinforcement_learning"",""vla""],""interaction"":[""contact_rich"",""grasping""],""modality"":[""force_torque"",""language"",""rgb""],""control_level"":[""policy""],""setting"":[],""embodiment"":[""arm""]}",FULL_TEXT_CHECKED,N/A,recorded,identified,paper_specific,https://openreview.net/forum?id=ULTWUuGhC3,not_identified,not_recorded,metric:success-rate,"Interleave-VLA: Enhancing Robot Manipulation with Image-Text Interleaved Instructions is retained as REFERENCE because it provides an algorithmic or policy mechanism around VLA, Robotics, Reinforcement Learning for targeted comparison in VLA and generalist robot policies; it is not required for the current intensive reading spine.","Important on-demand reference, but not required in the current intensive sequence.",[],0,./2026/ICLR/2026_ICLR_Interleave-VLA-Enhancing-Robot-Manipulation-with-Image-Tex/01_overview.md
pr-0103,JanusVLN: Decoupling Semantics and Spatiality with Dual Implicit Memory for Vision-Language Navigation,2026,ICLR,conference,peer_reviewed,Embodied Navigation and Mapping,Robotics-enabling 3D perception,REFERENCE,,method,"{""learning"":[],""interaction"":[""navigation""],""modality"":[""language"",""rgb""],""control_level"":[""state_estimation""],""setting"":[],""embodiment"":[""mobile""]}",FULL_TEXT_CHECKED,N/A,recorded,identified,paper_specific,https://openreview.net/forum?id=RnuB0Nlbd5,not_identified,not_recorded,metric:map,"JanusVLN: Decoupling Semantics and Spatiality with Dual Implicit Memory for Vision-Language Navigation is retained as REFERENCE because it provides an algorithmic or policy mechanism around Vision-Language Model, 3D Vision, Navigation for targeted comparison in Robotics-enabling 3D perception; it is not required for the current intensive reading spine.","Important on-demand reference, but not required in the current intensive sequence.",[],0,./2026/ICLR/2026_ICLR_JanusVLN-Decoupling-Semantics-and-Spatiality-with-Dual-Imp/01_overview.md
pr-0149,Joint Navigation and Manipulation Planning with 3D Interaction Chains,2026,ICML,conference,peer_reviewed,Embodied Navigation and Mapping,"Manipulation, contact, tactile, and dexterity",REFERENCE,,method,"{""learning"":[""optimization_or_planning""],""interaction"":[""grasping"",""navigation""],""modality"":[""language"",""rgb""],""control_level"":[""state_estimation""],""setting"":[],""embodiment"":[""arm"",""mobile""]}",FULL_TEXT_CHECKED,N/A,recorded,identified,paper_specific,https://openreview.net/forum?id=oVB2xYWvpv,not_identified,not_recorded,metric:success-rate,"Joint Navigation and Manipulation Planning with 3D Interaction Chains is retained as REFERENCE because it provides an algorithmic or policy mechanism around Vision-Language Model, Robotics, 3D Vision for targeted comparison in Manipulation, contact, tactile, and dexterity; it is not required for the current intensive reading spine.","Important on-demand reference, but not required in the current intensive sequence.",[],0,./2026/ICML/2026_ICML_Joint-Navigation-and-Manipulation-Planning-with-3D-Interac/01_overview.md
pr-0362,L3DR: 3D-aware LiDAR Diffusion and Rectification,2026,CVPR,conference,peer_reviewed,Autonomous 3D Perception and Sensor Fusion,Robotics-enabling 3D perception,ARCHIVE,,method,"{""learning"":[""diffusion""],""interaction"":[],""modality"":[""lidar"",""rgb""],""control_level"":[""state_estimation""],""setting"":[],""embodiment"":[]}",FULL_TEXT_CHECKED,N/A,recorded,source_only,paper_specific,https://openaccess.thecvf.com/content/CVPR2026/html/Liu_L3DR_3D-aware_LiDAR_Diffusion_and_Rectification_CVPR_2026_paper.html,not_identified,not_recorded,benchmark:kitti;benchmark:nuscenes;benchmark:waymo;metric:map,"L3DR: 3D-aware LiDAR Diffusion and Rectification is retained as ARCHIVE because its an algorithmic or policy mechanism around sensor fusion, LiDAR, Diffusion preserves historical or adjacent context for Robotics-enabling 3D perception; it is outside the current robotics-first intensive scope.",Historical or adjacent material retained for search; outside the current intensive scope.,[],0,./2026/CVPR/2026_CVPR_L3DR-3D-aware-LiDAR-Diffusion-and-Rectification/01_overview.md
pr-0157,LAGEA: Language Guided Embodied Agents for Robotic Manipulation,2026,ICML,conference,peer_reviewed,VLA and Generalist Robot Policies,VLA and generalist robot policies,REFERENCE,,method,"{""learning"":[""reinforcement_learning"",""vla""],""interaction"":[""contact_rich"",""grasping""],""modality"":[""force_torque"",""language""],""control_level"":[""policy""],""setting"":[],""embodiment"":[""arm""]}",FULL_TEXT_CHECKED,N/A,recorded,identified,paper_specific,https://openreview.net/forum?id=watVfFbZGF,not_identified,not_recorded,benchmark:meta-world;metric:success-rate,"LAGEA: Language Guided Embodied Agents for Robotic Manipulation is retained as REFERENCE because it provides an algorithmic or policy mechanism around Robotics, Reinforcement Learning for targeted comparison in VLA and generalist robot policies; it is not required for the current intensive reading spine.","Important on-demand reference, but not required in the current intensive sequence.",[],0,./2026/ICML/2026_ICML_LAGEA-Language-Guided-Embodied-Agents-for-Robotic-Manipula/01_overview.md
pr-0273,LAMP: Implicit Language Map for Robot Navigation,2026,RA-L,journal,peer_reviewed,Embodied Navigation and Mapping,Robotics-enabling 3D perception,REFERENCE,,method,"{""learning"":[],""interaction"":[""navigation""],""modality"":[""language""],""control_level"":[""state_estimation""],""setting"":[],""embodiment"":[""mobile""]}",FULL_TEXT_CHECKED,N/A,recorded,identified,paper_specific,https://arxiv.org/abs/2602.11862,project_only,not_recorded,code:61367686ec02;metric:map,"LAMP: Implicit Language Map for Robot Navigation is retained as REFERENCE because it provides an algorithmic or policy mechanism around Robotics, Navigation for targeted comparison in Robotics-enabling 3D perception; it is not required for the current intensive reading spine.","Important on-demand reference, but not required in the current intensive sequence.",[],0,./2026/RA-L/2026_RA-L_LAMP-Implicit-Language-Map-for-Robot-Navigation/01_overview.md
pr-0808,LangRef3DGS: Natural Language-Guided 3D Referential Segmentation from Partial Observations via 3D Gaussian Splatting,2026,CVPR,conference,peer_reviewed,Language-Grounded 3D Scene Representations,Robotics-enabling 3D perception,ARCHIVE,,method,"{""learning"":[],""interaction"":[],""modality"":[""language"",""point_cloud""],""control_level"":[],""setting"":[],""embodiment"":[]}",FULL_TEXT_CHECKED,N/A,recorded,source_only,paper_specific,https://openaccess.thecvf.com/content/CVPR2026/html/Ye_LangRef3DGS_Natural_Language-Guided_3D_Referential_Segmentation_from_Partial_Observations_via_CVPR_2026_paper.html,not_identified,not_recorded,metric:map,"LangRef3DGS: Natural Language-Guided 3D Referential Segmentation from Partial Observations via 3D Gaussian Splatting is retained as ARCHIVE because its an algorithmic or policy mechanism around Gaussian Splatting, referring segmentation, language preserves historical or adjacent context for Robotics-enabling 3D perception; it is outside the current robotics-first intensive scope.",Historical or adjacent material retained for search; outside the current intensive scope.,[],0,./2026/CVPR/2026_CVPR_LangRef3DGS-Natural-Language-Guided-3D-Referential-Segment/01_overview.md
pr-0155,LaST$_{0}$: Latent Spatio-Temporal Chain-of-Thought for Robotic Vision-Language-Action Model,2026,ICML,conference,peer_reviewed,VLA and Generalist Robot Policies,VLA and generalist robot policies,REFERENCE,,method,"{""learning"":[""vla""],""interaction"":[],""modality"":[""language"",""rgb""],""control_level"":[""policy""],""setting"":[],""embodiment"":[]}",FULL_TEXT_CHECKED,N/A,recorded,identified,paper_specific,https://openreview.net/forum?id=lwOoBzJykL,not_identified,not_recorded,metric:success-rate,"LaST$_{0}$: Latent Spatio-Temporal Chain-of-Thought for Robotic Vision-Language-Action Model is retained as REFERENCE because it provides an algorithmic or policy mechanism around VLA, Vision-Language Model, Robotics for targeted comparison in VLA and generalist robot policies; it is not required for the current intensive reading spine.","Important on-demand reference, but not required in the current intensive sequence.",[],0,./2026/ICML/2026_ICML_LaST-0-Latent-Spatio-Temporal-Chain-of-Thought-for-Robotic/01_overview.md
pr-0160,Latent Reasoning VLA: Latent Thinking and Prediction for Vision-Language-Action Models,2026,ICML,conference,peer_reviewed,VLA and Generalist Robot Policies,VLA and generalist robot policies,REFERENCE,,method,"{""learning"":[""vla""],""interaction"":[],""modality"":[""language"",""rgb""],""control_level"":[""policy""],""setting"":[],""embodiment"":[]}",FULL_TEXT_CHECKED,N/A,recorded,identified,paper_specific,https://openreview.net/forum?id=P64X2q1n1H,not_identified,not_recorded,metric:success-rate,"Latent Reasoning VLA: Latent Thinking and Prediction for Vision-Language-Action Models is retained as REFERENCE because it provides an algorithmic or policy mechanism around VLA, Vision-Language Model, Robotics for targeted comparison in VLA and generalist robot policies; it is not required for the current intensive reading spine.","Important on-demand reference, but not required in the current intensive sequence.",[],0,./2026/ICML/2026_ICML_Latent-Reasoning-VLA-Latent-Thinking-and-Prediction-for-Vi/01_overview.md
pr-0191,LaViRA: Language-Vision-Robot Actions Translation for Zero-Shot Vision Language Navigation in Continuous Environments,2026,ICRA,conference,peer_reviewed,Embodied Navigation and Mapping,Robotics-enabling 3D perception,REFERENCE,,method,"{""learning"":[],""interaction"":[""navigation""],""modality"":[""language"",""rgb""],""control_level"":[""state_estimation""],""setting"":[],""embodiment"":[""mobile""]}",FULL_TEXT_CHECKED,N/A,recorded,identified,venue_index,https://ras.papercept.net/conferences/conferences/ICRA26/program/ICRA26_ContentListWeb_4.html,not_identified,not_recorded,benchmark:vln-ce;metric:map,"LaViRA: Language-Vision-Robot Actions Translation for Zero-Shot Vision Language Navigation in Continuous Environments is retained as REFERENCE because it provides an algorithmic or policy mechanism around Robotics, Navigation for targeted comparison in Robotics-enabling 3D perception; it is not required for the current intensive reading spine.","Important on-demand reference, but not required in the current intensive sequence.",[],0,./2026/ICRA/2026_ICRA_LaViRA-Language-Vision-Robot-Actions-Translation-for-Zero/01_overview.md
pr-0697,Learning to Be Uncertain: Pre-training World Models with Horizon-Calibrated Uncertainty,2026,ICLR,conference,peer_reviewed,"World Models, Safety, and Recovery","World models, safety, uncertainty, and recovery",REFERENCE,,method,"{""learning"":[""reinforcement_learning"",""world_model""],""interaction"":[""contact_rich""],""modality"":[""force_torque""],""control_level"":[""safety_or_recovery""],""setting"":[""long_horizon""],""embodiment"":[]}",FULL_TEXT_CHECKED,N/A,recorded,identified,paper_specific,https://iclr.cc/virtual/2026/poster/10007319,project_only,not_recorded,code:35d343a513b2,"Learning to Be Uncertain: Pre-training World Models with Horizon-Calibrated Uncertainty is retained as REFERENCE because it provides an algorithmic or policy mechanism around Robotics, world model, uncertainty for targeted comparison in World models, safety, uncertainty, and recovery; it is not required for the current intensive reading spine.","Important on-demand reference, but not required in the current intensive sequence.",[],0,./2026/ICLR/2026_ICLR_Learning-to-Be-Uncertain-Pre-training-World-Models-with-Ho/01_overview.md
pr-0259,LIBERO-Safety: A Comprehensive Benchmark for Physical and Semantic Safety in Vision-Language-Action Models,2026,ECCV,conference,peer_reviewed,Benchmarks and Datasets,VLA and generalist robot policies,NEXT,,benchmark_or_dataset,"{""learning"":[""vla""],""interaction"":[],""modality"":[""language"",""rgb""],""control_level"":[""policy"",""safety_or_recovery""],""setting"":[],""embodiment"":[]}",FULL_TEXT_CHECKED,UNREAD,recorded,identified,paper_specific,https://arxiv.org/abs/2606.23686,project_only,not_recorded,benchmark:libero;benchmark:libero-safety;code:5a420f2c2094,"LIBERO-Safety: A Comprehensive Benchmark for Physical and Semantic Safety in Vision-Language-Action Models is a NEXT comparison paper because it extends a benchmark, dataset, or evaluation protocol around VLA, Vision-Language Model, Benchmark in VLA and generalist robot policies, exposing a specialized frontier after the shared CORE spine.",Specialized or frontier extension selected after CORE for the VLA and generalist robot policies branch.,[],0,./2026/ECCV/2026_ECCV_LIBERO-Safety-A-Comprehensive-Benchmark-for-Physical-and-S/01_overview.md
pr-0807,LightSplat: Fast and Memory-Efficient Open-Vocabulary 3D Scene Understanding in Five Seconds,2026,CVPR,conference,peer_reviewed,Language-Grounded 3D Scene Representations,Robotics-enabling 3D perception,ARCHIVE,,method,"{""learning"":[],""interaction"":[],""modality"":[""language"",""point_cloud""],""control_level"":[],""setting"":[],""embodiment"":[]}",FULL_TEXT_CHECKED,N/A,recorded,source_only,paper_specific,https://openaccess.thecvf.com/content/CVPR2026/html/Bang_LightSplat_Fast_and_Memory-Efficient_Open-Vocabulary_3D_Scene_Understanding_in_Five_CVPR_2026_paper.html,not_identified,not_recorded,metric:map,"LightSplat: Fast and Memory-Efficient Open-Vocabulary 3D Scene Understanding in Five Seconds is retained as ARCHIVE because its an algorithmic or policy mechanism around Gaussian Splatting, open-vocabulary, efficiency preserves historical or adjacent context for Robotics-enabling 3D perception; it is outside the current robotics-first intensive scope.",Historical or adjacent material retained for search; outside the current intensive scope.,[],0,./2026/CVPR/2026_CVPR_LightSplat-Fast-and-Memory-Efficient-Open-Vocabulary-3D-Sc/01_overview.md
pr-0291,LIT-GS: LiDAR-Inertial-Thermal Gaussian Splatting for Illumination-Robust Mapping,2026,IROS,conference,peer_reviewed,Language-Grounded 3D Scene Representations,Robotics-enabling 3D perception,ARCHIVE,,method,"{""learning"":[],""interaction"":[""navigation""],""modality"":[""language"",""lidar"",""point_cloud""],""control_level"":[""state_estimation""],""setting"":[],""embodiment"":[]}",FULL_TEXT_CHECKED,N/A,recorded,identified,paper_specific,https://arxiv.org/abs/2606.20424,not_identified,not_recorded,metric:map,LIT-GS: LiDAR-Inertial-Thermal Gaussian Splatting for Illumination-Robust Mapping is retained as ARCHIVE because its an algorithmic or policy mechanism around Gaussian Splatting preserves historical or adjacent context for Robotics-enabling 3D perception; it is outside the current robotics-first intensive scope.,Historical or adjacent material retained for search; outside the current intensive scope.,[],0,./2026/IROS/2026_IROS_LIT-GS-LiDAR-Inertial-Thermal-Gaussian-Splatting-for-Illum/01_overview.md
pr-0797,"Localizing, Structuring, and Rendering: Bridging 3D and 2D Vision-Language-Action Models for Robotic Manipulation",2026,CVPR,conference,peer_reviewed,VLA and Generalist Robot Policies,VLA and generalist robot policies,REFERENCE,,method,"{""learning"":[""vla""],""interaction"":[""grasping""],""modality"":[""language"",""rgb""],""control_level"":[""policy""],""setting"":[],""embodiment"":[""arm""]}",FULL_TEXT_CHECKED,N/A,recorded,source_only,paper_specific,https://openaccess.thecvf.com/content/CVPR2026/html/Zhao_Localizing_Structuring_and_Rendering_Bridging_3D_and_2D_Vision-Language-Action_Models_CVPR_2026_paper.html,not_identified,not_recorded,metric:success-rate,"Localizing, Structuring, and Rendering: Bridging 3D and 2D Vision-Language-Action Models for Robotic Manipulation is retained as REFERENCE because it provides an algorithmic or policy mechanism around VLA, 3D-2D alignment, Robotics for targeted comparison in VLA and generalist robot policies; it is not required for the current intensive reading spine.","Important on-demand reference, but not required in the current intensive sequence.",[],0,./2026/CVPR/2026_CVPR_Localizing-Structuring-and-Rendering-Bridging-3D-and-2D-Vi/01_overview.md
pr-0183,MAP-VLA: Memory-Augmented Prompting for Vision-Language-Action Model in Robotic Manipulation,2026,ICRA,conference,peer_reviewed,VLA and Generalist Robot Policies,VLA and generalist robot policies,REFERENCE,,method,"{""learning"":[""vla""],""interaction"":[""grasping""],""modality"":[""language"",""rgb""],""control_level"":[""policy""],""setting"":[],""embodiment"":[""arm""]}",FULL_TEXT_CHECKED,N/A,recorded,identified,venue_index,https://ras.papercept.net/conferences/conferences/ICRA26/program/ICRA26_ContentListWeb_4.html,not_identified,not_recorded,metric:map;metric:success-rate,"MAP-VLA: Memory-Augmented Prompting for Vision-Language-Action Model in Robotic Manipulation is retained as REFERENCE because it provides an algorithmic or policy mechanism around VLA, Vision-Language Model, Robotics for targeted comparison in VLA and generalist robot policies; it is not required for the current intensive reading spine.","Important on-demand reference, but not required in the current intensive sequence.",[],0,./2026/ICRA/2026_ICRA_MAP-VLA-Memory-Augmented-Prompting-for-Vision-Language-Act/01_overview.md
pr-0167,MapDream: Task-Driven Map Learning for Vision-Language Navigation,2026,ICML,conference,peer_reviewed,Embodied Navigation and Mapping,Robotics-enabling 3D perception,REFERENCE,,method,"{""learning"":[],""interaction"":[""navigation""],""modality"":[""language"",""rgb""],""control_level"":[""state_estimation""],""setting"":[],""embodiment"":[""mobile""]}",FULL_TEXT_CHECKED,N/A,recorded,identified,paper_specific,https://openreview.net/forum?id=IkXFH6alZN,not_identified,not_recorded,benchmark:rxr;metric:map,"MapDream: Task-Driven Map Learning for Vision-Language Navigation is retained as REFERENCE because it provides an algorithmic or policy mechanism around Vision-Language Model, Navigation for targeted comparison in Robotics-enabling 3D perception; it is not required for the current intensive reading spine.","Important on-demand reference, but not required in the current intensive sequence.",[],0,./2026/ICML/2026_ICML_MapDream-Task-Driven-Map-Learning-for-Vision-Language-Navi/01_overview.md
pr-0363,MAPo: Motion-Aware Partitioning of Deformable 3D Gaussian Splatting for High-Fidelity Dynamic Scene Reconstruction,2026,CVPR,conference,peer_reviewed,Neural Scene Representations,Robotics-enabling 3D perception,ARCHIVE,,method,"{""learning"":[],""interaction"":[""deformable""],""modality"":[""point_cloud"",""rgb""],""control_level"":[],""setting"":[],""embodiment"":[]}",FULL_TEXT_CHECKED,N/A,recorded,source_only,paper_specific,https://openaccess.thecvf.com/content/CVPR2026/html/Jiao_MAPo_Motion-Aware_Partitioning_of_Deformable_3D_Gaussian_Splatting_for_High-Fidelity_CVPR_2026_paper.html,not_identified,not_recorded,metric:map,"MAPo: Motion-Aware Partitioning of Deformable 3D Gaussian Splatting for High-Fidelity Dynamic Scene Reconstruction is retained as ARCHIVE because its an algorithmic or policy mechanism around Gaussian Splatting, 3D reconstruction, 3D Vision preserves historical or adjacent context for Robotics-enabling 3D perception; it is outside the current robotics-first intensive scope.",Historical or adjacent material retained for search; outside the current intensive scope.,[],0,./2026/CVPR/2026_CVPR_MAPo-Motion-Aware-Partitioning-of-Deformable-3D-Gaussian-S/01_overview.md
pr-0588,Mean Flow Policy with Instantaneous Velocity Constraint for One-step Action Generation,2026,ICLR,conference,peer_reviewed,Robot Learning and Data,"Manipulation, contact, tactile, and dexterity",REFERENCE,,method,"{""learning"":[],""interaction"":[""grasping""],""modality"":[],""control_level"":[""policy""],""setting"":[],""embodiment"":[""arm""]}",FULL_TEXT_CHECKED,N/A,recorded,identified,paper_specific,https://openreview.net/forum?id=mIeKe74W43,not_identified,not_recorded,metric:success-rate,"Mean Flow Policy with Instantaneous Velocity Constraint for One-step Action Generation is retained as REFERENCE because it provides an algorithmic or policy mechanism around Robotics, flow policy, one-step generation for targeted comparison in Manipulation, contact, tactile, and dexterity; it is not required for the current intensive reading spine.","Important on-demand reference, but not required in the current intensive sequence.",[],0,./2026/ICLR/2026_ICLR_Mean-Flow-Policy-with-Instantaneous-Velocity-Constraint-fo/01_overview.md
pr-0819,Memory Retrieval in Visuomotor Policies for Long-Horizon Robot Control,2026,RSS,conference,peer_reviewed,"World Models, Safety, and Recovery","World models, safety, uncertainty, and recovery",NEXT,,method,"{""learning"":[""imitation_learning"",""vla"",""world_model""],""interaction"":[],""modality"":[""language""],""control_level"":[""feedback_control"",""policy"",""safety_or_recovery""],""setting"":[""long_horizon""],""embodiment"":[]}",FULL_TEXT_CHECKED,UNREAD,recorded,source_only,paper_specific,https://roboticsconference.org/program/papers/10/,project_only,not_recorded,code:4f866c9e092f;metric:success-rate,HALO의 task-relevant sparse memory retrieval과 drift 완화 설계를 통해 G-04의 stale memory·long-horizon failure를 최신 closed-loop 기준으로 보강한다.,"Specialized or frontier extension selected after CORE for the World models, safety, uncertainty, and recovery branch.",[],0,./2026/RSS/2026_RSS_Memory-Retrieval-in-Visuomotor-Policies-for-Long-Horizon-R/01_overview.md
pr-0085,MemoryVLA: Perceptual-Cognitive Memory in Vision-Language-Action Models for Robotic Manipulation,2026,ICLR,conference,peer_reviewed,VLA and Generalist Robot Policies,VLA and generalist robot policies,REFERENCE,,method,"{""learning"":[""vla""],""interaction"":[""grasping""],""modality"":[""language"",""rgb""],""control_level"":[""policy""],""setting"":[],""embodiment"":[""arm""]}",FULL_TEXT_CHECKED,N/A,recorded,identified,paper_specific,https://openreview.net/forum?id=54U3XHf7qq,not_identified,not_recorded,benchmark:simplerenv;metric:success-rate,"MemoryVLA: Perceptual-Cognitive Memory in Vision-Language-Action Models for Robotic Manipulation is retained as REFERENCE because it provides an algorithmic or policy mechanism around VLA, Vision-Language Model, Robotics for targeted comparison in VLA and generalist robot policies; it is not required for the current intensive reading spine.","Important on-demand reference, but not required in the current intensive sequence.",[],0,./2026/ICLR/2026_ICLR_MemoryVLA-Perceptual-Cognitive-Memory-in-Vision-Language-A/01_overview.md
pr-0096,MomaGraph: State-Aware Unified Scene Graphs with Vision-Language Models for Embodied Task Planning,2026,ICLR,conference,peer_reviewed,3D Vision-Language Understanding,VLA and generalist robot policies,NEXT,,method,"{""learning"":[""optimization_or_planning""],""interaction"":[],""modality"":[""language"",""rgb""],""control_level"":[""task_planning""],""setting"":[],""embodiment"":[]}",FULL_TEXT_CHECKED,UNREAD,recorded,identified,paper_specific,https://openreview.net/forum?id=3eTr9dGwJv,not_identified,not_recorded,metric:map,"MomaGraph: State-Aware Unified Scene Graphs with Vision-Language Models for Embodied Task Planning is a NEXT comparison paper because it extends an algorithmic or policy mechanism around Vision-Language Model, Robotics, 3D Vision in VLA and generalist robot policies, exposing a specialized frontier after the shared CORE spine.",Specialized or frontier extension selected after CORE for the VLA and generalist robot policies branch.,[],0,./2026/ICLR/2026_ICLR_MomaGraph-State-Aware-Unified-Scene-Graphs-with-Vision-Lan/01_overview.md
pr-0920,MP1: MeanFlow Tames Policy Learning in 1-step for Robotic Manipulation,2026,AAAI,conference,peer_reviewed,Robot Learning and Data,"RL, IL, offline learning, and robot data",NEXT,,method,"{""learning"":[""flow_matching"",""imitation_learning""],""interaction"":[""grasping""],""modality"":[""point_cloud""],""control_level"":[""policy""],""setting"":[""real_robot""],""embodiment"":[""arm""]}",FULL_TEXT_CHECKED,UNREAD,recorded,identified,paper_specific,https://ojs.aaai.org/index.php/AAAI/article/view/38919,not_identified,not_recorded,benchmark:meta-world,"AAAI-26 Intelligent Robotics paper that links 3D observation, one-step MeanFlow action generation, and real-time policy inference in manipulation.","Specialized or frontier extension selected after CORE for the RL, IL, offline learning, and robot data branch.",[],0,./2026/AAAI/2026_AAAI_MP1-MeanFlow-Tames-Policy-Learning-in-1-step-for-Robotic-M/01_overview.md
pr-0799,MSGNav: Unleashing the Power of Multi-modal 3D Scene Graph for Zero-Shot Embodied Navigation,2026,CVPR,conference,peer_reviewed,Embodied Navigation and Mapping,Robotics-enabling 3D perception,REFERENCE,,method,"{""learning"":[],""interaction"":[""navigation""],""modality"":[],""control_level"":[""state_estimation""],""setting"":[],""embodiment"":[""mobile""]}",FULL_TEXT_CHECKED,N/A,recorded,source_only,paper_specific,https://openaccess.thecvf.com/content/CVPR2026/html/Huang_MSGNav_Unleashing_the_Power_of_Multi-modal_3D_Scene_Graph_for_CVPR_2026_paper.html,not_identified,not_recorded,benchmark:hm3d;metric:map;metric:sr,"MSGNav: Unleashing the Power of Multi-modal 3D Scene Graph for Zero-Shot Embodied Navigation is retained as REFERENCE because it provides an algorithmic or policy mechanism around 3D Scene Graph, Navigation, zero-shot for targeted comparison in Robotics-enabling 3D perception; it is not required for the current intensive reading spine.","Important on-demand reference, but not required in the current intensive sequence.",[],0,./2026/CVPR/2026_CVPR_MSGNav-Unleashing-the-Power-of-Multi-modal-3D-Scene-Graph/01_overview.md
pr-0364,NG-GS: NeRF-guided 3D Gaussian Splatting Segmentation,2026,CVPR,conference,peer_reviewed,3D Vision-Language Understanding,Robotics-enabling 3D perception,ARCHIVE,,method,"{""learning"":[],""interaction"":[],""modality"":[""language"",""point_cloud"",""rgb""],""control_level"":[],""setting"":[],""embodiment"":[]}",FULL_TEXT_CHECKED,N/A,recorded,source_only,paper_specific,https://openaccess.thecvf.com/content/CVPR2026/html/He_NG-GS_NeRF-guided_3D_Gaussian_Splatting_Segmentation_CVPR_2026_paper.html,not_identified,not_recorded,benchmark:scannet;metric:map;metric:miou,"NG-GS: NeRF-guided 3D Gaussian Splatting Segmentation is retained as ARCHIVE because its an algorithmic or policy mechanism around Gaussian Splatting, NeRF, semantic preserves historical or adjacent context for Robotics-enabling 3D perception; it is outside the current robotics-first intensive scope.",Historical or adjacent material retained for search; outside the current intensive scope.,[],0,./2026/CVPR/2026_CVPR_NG-GS-NeRF-guided-3D-Gaussian-Splatting-Segmentation/01_overview.md
pr-0092,OmniEVA: Embodied Versatile Planner via Task-Adaptive 3D-Grounded and Embodiment-aware Reasoning,2026,ICLR,conference,peer_reviewed,3D Vision-Language Understanding,Robotics-enabling 3D perception,ARCHIVE,,method,"{""learning"":[],""interaction"":[],""modality"":[""language"",""rgb""],""control_level"":[],""setting"":[],""embodiment"":[]}",FULL_TEXT_CHECKED,N/A,recorded,identified,paper_specific,https://openreview.net/forum?id=tkEmIJv1tB,not_identified,not_recorded,metric:map,OmniEVA: Embodied Versatile Planner via Task-Adaptive 3D-Grounded and Embodiment-aware Reasoning is retained as ARCHIVE because its an algorithmic or policy mechanism around 3D Vision preserves historical or adjacent context for Robotics-enabling 3D perception; it is outside the current robotics-first intensive scope.,Historical or adjacent material retained for search; outside the current intensive scope.,[],0,./2026/ICLR/2026_ICLR_OmniEVA-Embodied-Versatile-Planner-via-Task-Adaptive-3D-Gr/01_overview.md
pr-0589,OmniRetarget: Interaction-Preserving Data Generation for Humanoid Whole-Body Loco-Manipulation and Scene Interaction,2026,ICRA,conference,peer_reviewed,"Locomotion, Whole-Body, and Mobile Manipulation","Locomotion, whole-body, mobile manipulation, and humanoids",REFERENCE,,method,"{""learning"":[],""interaction"":[""grasping"",""locomotion"",""whole_body""],""modality"":[],""control_level"":[""whole_body""],""setting"":[],""embodiment"":[""arm"",""humanoid"",""mobile""]}",FULL_TEXT_CHECKED,N/A,recorded,identified,paper_specific,https://arxiv.org/abs/2509.26633,project_only,not_recorded,code:d01bee268046;metric:success-rate,"OmniRetarget: Interaction-Preserving Data Generation for Humanoid Whole-Body Loco-Manipulation and Scene Interaction is retained as REFERENCE because it provides an algorithmic or policy mechanism around Robotics, humanoid, loco-manipulation for targeted comparison in Locomotion, whole-body, mobile manipulation, and humanoids; it is not required for the current intensive reading spine.","Important on-demand reference, but not required in the current intensive sequence.",[],0,./2026/ICRA/2026_ICRA_OmniRetarget-Interaction-Preserving-Data-Generation-for-Hu/01_overview.md
pr-0189,OmniVLA: An Omni-Modal Vision-Language-Action Model for Robot Navigation,2026,ICRA,conference,peer_reviewed,Embodied Navigation and Mapping,VLA and generalist robot policies,REFERENCE,,method,"{""learning"":[""vla""],""interaction"":[""navigation""],""modality"":[""language"",""rgb""],""control_level"":[""policy"",""state_estimation""],""setting"":[],""embodiment"":[""mobile""]}",FULL_TEXT_CHECKED,N/A,recorded,identified,venue_index,https://ras.papercept.net/conferences/conferences/ICRA26/program/ICRA26_ContentListWeb_4.html,not_identified,not_recorded,metric:map,"OmniVLA: An Omni-Modal Vision-Language-Action Model for Robot Navigation is retained as REFERENCE because it provides an algorithmic or policy mechanism around VLA, Vision-Language Model, Robotics for targeted comparison in VLA and generalist robot policies; it is not required for the current intensive reading spine.","Important on-demand reference, but not required in the current intensive sequence.",[],0,./2026/ICRA/2026_ICRA_OmniVLA-An-Omni-Modal-Vision-Language-Action-Model-for-Rob/01_overview.md
pr-0188,OmniVLA: Physically-Grounded Multimodal VLA with Unified Multi-Sensor Perception for Robotic Manipulation,2026,ICRA,conference,peer_reviewed,VLA and Generalist Robot Policies,VLA and generalist robot policies,REFERENCE,,method,"{""learning"":[""vla""],""interaction"":[""grasping""],""modality"":[""language""],""control_level"":[""policy"",""state_estimation""],""setting"":[],""embodiment"":[""arm""]}",FULL_TEXT_CHECKED,N/A,recorded,identified,venue_index,https://ras.papercept.net/conferences/conferences/ICRA26/program/ICRA26_ContentListWeb_4.html,not_identified,not_recorded,metric:success-rate,"OmniVLA: Physically-Grounded Multimodal VLA with Unified Multi-Sensor Perception for Robotic Manipulation is retained as REFERENCE because it provides an algorithmic or policy mechanism around VLA, Robotics for targeted comparison in VLA and generalist robot policies; it is not required for the current intensive reading spine.","Important on-demand reference, but not required in the current intensive sequence.",[],0,./2026/ICRA/2026_ICRA_OmniVLA-Physically-Grounded-Multimodal-VLA-with-Unified-Mu/01_overview.md
pr-0806,OnlinePG: Online Open-Vocabulary Panoptic Mapping with 3D Gaussian Splatting,2026,CVPR,conference,peer_reviewed,Embodied Navigation and Mapping,Robotics-enabling 3D perception,ARCHIVE,,method,"{""learning"":[],""interaction"":[""navigation""],""modality"":[""point_cloud""],""control_level"":[""state_estimation""],""setting"":[],""embodiment"":[""mobile""]}",FULL_TEXT_CHECKED,N/A,recorded,source_only,paper_specific,https://openaccess.thecvf.com/content/CVPR2026/html/Zhai_OnlinePG_Online_Open-Vocabulary_Panoptic_Mapping_with_3D_Gaussian_Splatting_CVPR_2026_paper.html,not_identified,not_recorded,metric:map,"OnlinePG: Online Open-Vocabulary Panoptic Mapping with 3D Gaussian Splatting is retained as ARCHIVE because its an algorithmic or policy mechanism around Gaussian Splatting, semantic mapping, open-vocabulary preserves historical or adjacent context for Robotics-enabling 3D perception; it is outside the current robotics-first intensive scope.",Historical or adjacent material retained for search; outside the current intensive scope.,[],0,./2026/CVPR/2026_CVPR_OnlinePG-Online-Open-Vocabulary-Panoptic-Mapping-with-3D-G/01_overview.md
pr-0195,Open-Vocabulary Spatio-Temporal Scene Graph for Robot Perception and Teleoperation Planning,2026,ICRA,conference,peer_reviewed,3D Vision-Language Understanding,Planning and control,NEXT,,method,"{""learning"":[""optimization_or_planning""],""interaction"":[],""modality"":[""language"",""rgb""],""control_level"":[""state_estimation""],""setting"":[],""embodiment"":[]}",FULL_TEXT_CHECKED,UNREAD,recorded,identified,venue_index,https://ras.papercept.net/conferences/conferences/ICRA26/program/ICRA26_ContentListWeb_5.html,not_identified,not_recorded,benchmark:replica;metric:map;metric:success-rate,"Open-Vocabulary Spatio-Temporal Scene Graph for Robot Perception and Teleoperation Planning is a NEXT comparison paper because it extends an algorithmic or policy mechanism around Robotics, Graph Reasoning, semantic in Planning and control, exposing a specialized frontier after the shared CORE spine.",Specialized or frontier extension selected after CORE for the Planning and control branch.,[],0,./2026/ICRA/2026_ICRA_Open-Vocabulary-Spatio-Temporal-Scene-Graph-for-Robot-Perc/01_overview.md
pr-0614,Opening the Sim-to-Real Door for Humanoid Pixel-to-Action Policy Transfer,2026,CVPR,conference,peer_reviewed,Robot Learning and Data,"Locomotion, whole-body, mobile manipulation, and humanoids",REFERENCE,,method,"{""learning"":[],""interaction"":[""grasping""],""modality"":[],""control_level"":[""policy""],""setting"":[""sim_to_real""],""embodiment"":[""arm"",""humanoid""]}",FULL_TEXT_CHECKED,N/A,recorded,source_only,paper_specific,https://openaccess.thecvf.com/content/CVPR2026/html/Xue_Opening_the_Sim-to-Real_Door_for_Humanoid_Pixel-to-Action_Policy_Transfer_CVPR_2026_paper.html,project_only,not_recorded,code:e2c05f9af6c7;metric:success-rate,"Opening the Sim-to-Real Door for Humanoid Pixel-to-Action Policy Transfer is retained as REFERENCE because it provides an algorithmic or policy mechanism around Robotics, humanoid, pixel-to-action for targeted comparison in Locomotion, whole-body, mobile manipulation, and humanoids; it is not required for the current intensive reading spine.","Important on-demand reference, but not required in the current intensive sequence.",[],0,./2026/CVPR/2026_CVPR_Opening-the-Sim-to-Real-Door-for-Humanoid-Pixel-to-Action/01_overview.md
pr-0365,Ov3R: Open-Vocabulary Semantic 3D Reconstruction from RGB Videos,2026,CVPR,conference,peer_reviewed,3D Vision-Language Understanding,Robotics-enabling 3D perception,ARCHIVE,,method,"{""learning"":[],""interaction"":[],""modality"":[""language"",""rgb"",""video""],""control_level"":[],""setting"":[],""embodiment"":[]}",FULL_TEXT_CHECKED,N/A,recorded,source_only,paper_specific,https://openaccess.thecvf.com/content/CVPR2026/html/Gong_Ov3R_Open-Vocabulary_Semantic_3D_Reconstruction_from_RGB_Videos_CVPR_2026_paper.html,not_identified,not_recorded,metric:map,"Ov3R: Open-Vocabulary Semantic 3D Reconstruction from RGB Videos is retained as ARCHIVE because its an algorithmic or policy mechanism around 3D reconstruction, semantic, alignment preserves historical or adjacent context for Robotics-enabling 3D perception; it is outside the current robotics-first intensive scope.",Historical or adjacent material retained for search; outside the current intensive scope.,[],0,./2026/CVPR/2026_CVPR_Ov3R-Open-Vocabulary-Semantic-3D-Reconstruction-from-RGB-V/01_overview.md
pr-0695,PALM: Progress-Aware Policy Learning via Affordance Reasoning for Long-Horizon Robotic Manipulation,2026,CVPR,conference,peer_reviewed,VLA and Generalist Robot Policies,VLA and generalist robot policies,NEXT,,method,"{""learning"":[""vla""],""interaction"":[""grasping""],""modality"":[""language""],""control_level"":[""policy""],""setting"":[""long_horizon""],""embodiment"":[""arm""]}",FULL_TEXT_CHECKED,UNREAD,recorded,source_only,paper_specific,https://openaccess.thecvf.com/content/CVPR2026/html/Liu_PALM_Progress-Aware_Policy_Learning_via_Affordance_Reasoning_for_Long-Horizon_Robotic_CVPR_2026_paper.html,project_only,not_recorded,code:47a98189de04;metric:success-rate,"PALM: Progress-Aware Policy Learning via Affordance Reasoning for Long-Horizon Robotic Manipulation is a NEXT comparison paper because it extends an algorithmic or policy mechanism around Robotics, VLA, affordance in VLA and generalist robot policies, exposing a specialized frontier after the shared CORE spine.",Specialized or frontier extension selected after CORE for the VLA and generalist robot policies branch.,[],0,./2026/CVPR/2026_CVPR_PALM-Progress-Aware-Policy-Learning-via-Affordance-Reasoni/01_overview.md
pr-0163,"Plan in Sandbox, Navigate in Open Worlds: Learning Physics-Grounded Abstracted Experience for Embodied Navigation",2026,ICML,conference,peer_reviewed,Embodied Navigation and Mapping,"RL, IL, offline learning, and robot data",REFERENCE,,method,"{""learning"":[""reinforcement_learning""],""interaction"":[""contact_rich"",""navigation""],""modality"":[""force_torque""],""control_level"":[""state_estimation""],""setting"":[],""embodiment"":[""mobile""]}",FULL_TEXT_CHECKED,N/A,recorded,identified,paper_specific,https://openreview.net/forum?id=W5e8c9nwNo,not_identified,not_recorded,metric:map;metric:success-rate,"Plan in Sandbox, Navigate in Open Worlds: Learning Physics-Grounded Abstracted Experience for Embodied Navigation is retained as REFERENCE because it provides an algorithmic or policy mechanism around Navigation, Reinforcement Learning for targeted comparison in RL, IL, offline learning, and robot data; it is not required for the current intensive reading spine.","Important on-demand reference, but not required in the current intensive sequence.",[],0,./2026/ICML/2026_ICML_Plan-in-Sandbox-Navigate-in-Open-Worlds-Learning-Physics-G/01_overview.md
pr-0459,PointDiT: Pixel-Space Diffusion for Monocular Geometry Estimation,2026,ICML,conference,peer_reviewed,3D Generative Modeling,Robotics-enabling 3D perception,ARCHIVE,,method,"{""learning"":[""diffusion""],""interaction"":[],""modality"":[""depth"",""point_cloud"",""rgb""],""control_level"":[],""setting"":[],""embodiment"":[]}",FULL_TEXT_CHECKED,N/A,recorded,identified,paper_specific,https://openreview.net/forum?id=hQWwTWGAyu,not_identified,not_recorded,,"PointDiT: Pixel-Space Diffusion for Monocular Geometry Estimation is retained as ARCHIVE because its an algorithmic or policy mechanism around Diffusion, Generation, depth preserves historical or adjacent context for Robotics-enabling 3D perception; it is outside the current robotics-first intensive scope.",Historical or adjacent material retained for search; outside the current intensive scope.,[],0,./2026/ICML/2026_ICML_PointDiT-Pixel-Space-Diffusion-for-Monocular-Geometry-Esti/01_overview.md
pr-0351,PointGS: Semantic-Consistent Unsupervised 3D Point Cloud Segmentation with 3D Gaussian Splatting,2026,CVPR,conference,peer_reviewed,3D Vision-Language Understanding,Robotics-enabling 3D perception,ARCHIVE,,method,"{""learning"":[],""interaction"":[],""modality"":[""language"",""point_cloud"",""rgb""],""control_level"":[],""setting"":[],""embodiment"":[]}",FULL_TEXT_CHECKED,N/A,recorded,source_only,paper_specific,https://openaccess.thecvf.com/content/CVPR2026/html/Song_PointGS_Semantic-Consistent_Unsupervised_3D_Point_Cloud_Segmentation_with_3D_Gaussian_CVPR_2026_paper.html,not_identified,not_recorded,benchmark:s3dis;benchmark:scannet;metric:map;metric:miou,"PointGS: Semantic-Consistent Unsupervised 3D Point Cloud Segmentation with 3D Gaussian Splatting is retained as ARCHIVE because its an algorithmic or policy mechanism around Gaussian Splatting, semantic, alignment preserves historical or adjacent context for Robotics-enabling 3D perception; it is outside the current robotics-first intensive scope.",Historical or adjacent material retained for search; outside the current intensive scope.,[],0,./2026/CVPR/2026_CVPR_PointGS-Semantic-Consistent-Unsupervised-3D-Point-Cloud-Se/01_overview.md
pr-0272,PointVLA: Injecting the 3D World into Vision-Language-Action Models,2026,RA-L,journal,peer_reviewed,VLA and Generalist Robot Policies,Robotics-enabling 3D perception,NEXT,,method,"{""learning"":[""reinforcement_learning"",""vla""],""interaction"":[""contact_rich""],""modality"":[""force_torque"",""language"",""rgb""],""control_level"":[""policy""],""setting"":[],""embodiment"":[]}",FULL_TEXT_CHECKED,UNREAD,recorded,identified,paper_specific,https://arxiv.org/abs/2503.07511,not_identified,not_recorded,benchmark:robotwin;metric:success-rate,"PointVLA: Injecting the 3D World into Vision-Language-Action Models is a NEXT comparison paper because it extends an algorithmic or policy mechanism around VLA, Vision-Language Model, 3D Vision in Robotics-enabling 3D perception, exposing a specialized frontier after the shared CORE spine.",Specialized or frontier extension selected after CORE for the Robotics-enabling 3D perception branch.,[],0,./2026/RA-L/2026_RA-L_PointVLA-Injecting-the-3D-World-into-Vision-Language-Actio/01_overview.md
pr-0261,PolicyTrim: Boosting Intrinsic Policy Efficiency of Vision-Language-Action Models,2026,ECCV,conference,peer_reviewed,VLA and Generalist Robot Policies,VLA and generalist robot policies,REFERENCE,,method,"{""learning"":[""vla""],""interaction"":[],""modality"":[""language"",""rgb""],""control_level"":[""policy""],""setting"":[],""embodiment"":[]}",FULL_TEXT_CHECKED,N/A,recorded,identified,paper_specific,https://arxiv.org/abs/2606.22540,project_only,not_recorded,benchmark:libero;code:3090cfc5c86d;metric:success-rate,"PolicyTrim: Boosting Intrinsic Policy Efficiency of Vision-Language-Action Models is retained as REFERENCE because it provides an algorithmic or policy mechanism around VLA, Vision-Language Model for targeted comparison in VLA and generalist robot policies; it is not required for the current intensive reading spine.","Important on-demand reference, but not required in the current intensive sequence.",[],0,./2026/ECCV/2026_ECCV_PolicyTrim-Boosting-Intrinsic-Policy-Efficiency-of-Vision/01_overview.md
pr-0458,PRISM: Learning Realistic Depth via Physics-Grounded Noise Disentanglement with Semantic-Geometric Collaboration,2026,ICML,conference,peer_reviewed,3D Vision-Language Understanding,Robotics-enabling 3D perception,ARCHIVE,,method,"{""learning"":[],""interaction"":[],""modality"":[""depth"",""language"",""rgb""],""control_level"":[],""setting"":[],""embodiment"":[]}",FULL_TEXT_CHECKED,N/A,recorded,identified,paper_specific,https://openreview.net/forum?id=AnofTirXgv,not_identified,not_recorded,metric:map;metric:success-rate,"PRISM: Learning Realistic Depth via Physics-Grounded Noise Disentanglement with Semantic-Geometric Collaboration is retained as ARCHIVE because its an algorithmic or policy mechanism around semantic, alignment, depth preserves historical or adjacent context for Robotics-enabling 3D perception; it is outside the current robotics-first intensive scope.",Historical or adjacent material retained for search; outside the current intensive scope.,[],0,./2026/ICML/2026_ICML_PRISM-Learning-Realistic-Depth-via-Physics-Grounded-Noise/01_overview.md
pr-0590,Push Anything: Single- and Multi-Object Pushing From First Sight with Contact-Implicit MPC,2026,ICRA,conference,peer_reviewed,Robotics Foundations: Planning and Control,"Manipulation, contact, tactile, and dexterity",REFERENCE,,foundation,"{""learning"":[""optimization_or_planning""],""interaction"":[""contact_rich"",""grasping""],""modality"":[],""control_level"":[""feedback_control""],""setting"":[],""embodiment"":[""arm""]}",FULL_TEXT_CHECKED,N/A,recorded,identified,paper_specific,https://arxiv.org/abs/2510.19974,project_only,not_recorded,code:834e35fff457;metric:success-rate,"Push Anything: Single- and Multi-Object Pushing From First Sight with Contact-Implicit MPC is retained as REFERENCE because it provides a reusable formulation or system primitive around Robotics, contact-rich manipulation, model predictive control for targeted comparison in Manipulation, contact, tactile, and dexterity; it is not required for the current intensive reading spine.","Important on-demand reference, but not required in the current intensive sequence.",[],0,./2026/ICRA/2026_ICRA_Push-Anything-Single-and-Multi-Object-Pushing-From-First-S/01_overview.md
pr-0427,RayI2P: Learning Rays for Image-to-Point Cloud Registration,2026,ICLR,conference,peer_reviewed,"3D Geometry, Registration, and Equivariance",Robotics-enabling 3D perception,REFERENCE,,method,"{""learning"":[],""interaction"":[],""modality"":[""point_cloud"",""rgb""],""control_level"":[],""setting"":[],""embodiment"":[]}",FULL_TEXT_CHECKED,N/A,recorded,identified,paper_specific,https://openreview.net/forum?id=arfeGsDWoq,not_identified,not_recorded,metric:map,"RayI2P: Learning Rays for Image-to-Point Cloud Registration is retained as REFERENCE because it provides an algorithmic or policy mechanism around geometry, point cloud, 3D Vision for targeted comparison in Robotics-enabling 3D perception; it is not required for the current intensive reading spine.","Important on-demand reference, but not required in the current intensive sequence.",[],0,./2026/ICLR/2026_ICLR_RayI2P-Learning-Rays-for-Image-to-Point-Cloud-Registration/01_overview.md
pr-0275,ReaDy-Go: Real-to-Sim Dynamic 3D Gaussian Splatting Simulation for Environment-Specific Visual Navigation with Moving Obstacles,2026,RA-L,journal,peer_reviewed,Embodied Navigation and Mapping,Robotics-enabling 3D perception,REFERENCE,,method,"{""learning"":[],""interaction"":[""navigation""],""modality"":[""point_cloud"",""rgb""],""control_level"":[""state_estimation""],""setting"":[""simulation""],""embodiment"":[""mobile""]}",FULL_TEXT_CHECKED,N/A,recorded,identified,paper_specific,https://arxiv.org/abs/2602.11575,project_only,not_recorded,code:d920a4918d25;metric:map,"ReaDy-Go: Real-to-Sim Dynamic 3D Gaussian Splatting Simulation for Environment-Specific Visual Navigation with Moving Obstacles is retained as REFERENCE because it provides an algorithmic or policy mechanism around 3D Vision, Navigation, Gaussian Splatting for targeted comparison in Robotics-enabling 3D perception; it is not required for the current intensive reading spine.","Important on-demand reference, but not required in the current intensive sequence.",[],0,./2026/RA-L/2026_RA-L_ReaDy-Go-Real-to-Sim-Dynamic-3D-Gaussian-Splatting-Simulat/01_overview.md
pr-0809,RealVLG-R1: A Large-Scale Real-World Visual-Language Grounding Benchmark for Robotic Perception and Manipulation,2026,CVPR,conference,peer_reviewed,Benchmarks and Datasets,"Manipulation, contact, tactile, and dexterity",REFERENCE,,benchmark_or_dataset,"{""learning"":[],""interaction"":[""grasping""],""modality"":[""language""],""control_level"":[""state_estimation""],""setting"":[""real_robot""],""embodiment"":[""arm""]}",FULL_TEXT_CHECKED,N/A,recorded,source_only,paper_specific,https://openaccess.thecvf.com/content/CVPR2026/html/Li_RealVLG-R1_A_Large-Scale_Real-World_Visual-Language_Grounding_Benchmark_for_Robotic_Perception_CVPR_2026_paper.html,not_identified,not_recorded,,"RealVLG-R1: A Large-Scale Real-World Visual-Language Grounding Benchmark for Robotic Perception and Manipulation is retained as REFERENCE because it provides a benchmark, dataset, or evaluation protocol around Visual-Language Grounding, Benchmark, Robotics for targeted comparison in Manipulation, contact, tactile, and dexterity; it is not required for the current intensive reading spine.","Important on-demand reference, but not required in the current intensive sequence.",[],0,./2026/CVPR/2026_CVPR_RealVLG-R1-A-Large-Scale-Real-World-Visual-Language-Ground/01_overview.md
pr-0161,Reasoning-VLA: An Efficient and Spatial-Guided General Vision-Language-Action Reasoning Model for Autonomous Driving,2026,ICML,conference,peer_reviewed,VLA and Generalist Robot Policies,VLA and generalist robot policies,REFERENCE,,method,"{""learning"":[""reinforcement_learning"",""vla""],""interaction"":[""contact_rich""],""modality"":[""force_torque"",""language"",""rgb""],""control_level"":[""policy""],""setting"":[],""embodiment"":[]}",FULL_TEXT_CHECKED,N/A,recorded,identified,paper_specific,https://openreview.net/forum?id=c4iSIrb6Iv,not_identified,not_recorded,metric:success-rate,"Reasoning-VLA: An Efficient and Spatial-Guided General Vision-Language-Action Reasoning Model for Autonomous Driving is retained as REFERENCE because it provides an algorithmic or policy mechanism around VLA, Vision-Language Model, Robotics for targeted comparison in VLA and generalist robot policies; it is not required for the current intensive reading spine.","Important on-demand reference, but not required in the current intensive sequence.",[],0,./2026/ICML/2026_ICML_Reasoning-VLA-An-Efficient-and-Spatial-Guided-General-Visi/01_overview.md
pr-0465,Rethinking Serialization in Linear 3D Vision: Decoupling Anisotropic Geometry from Isotropic Semantics,2026,ICML,conference,peer_reviewed,3D Vision-Language Understanding,Robotics-enabling 3D perception,ARCHIVE,,method,"{""learning"":[],""interaction"":[],""modality"":[""language"",""rgb""],""control_level"":[],""setting"":[],""embodiment"":[]}",FULL_TEXT_CHECKED,N/A,recorded,identified,paper_specific,https://openreview.net/forum?id=MSVQM8Ub2y,not_identified,not_recorded,metric:map;metric:miou,"Rethinking Serialization in Linear 3D Vision: Decoupling Anisotropic Geometry from Isotropic Semantics is retained as ARCHIVE because its an algorithmic or policy mechanism around semantic, alignment, 3D Vision preserves historical or adjacent context for Robotics-enabling 3D perception; it is outside the current robotics-first intensive scope.",Historical or adjacent material retained for search; outside the current intensive scope.,[],0,./2026/ICML/2026_ICML_Rethinking-Serialization-in-Linear-3D-Vision-Decoupling-An/01_overview.md
pr-0460,Rh-3DGS: Robust Open-Vocabulary Scene Understanding via Riemannian Huber Distillation and Manifold-Aware Sampling,2026,ICML,conference,peer_reviewed,3D Vision-Language Understanding,Robotics-enabling 3D perception,ARCHIVE,,method,"{""learning"":[],""interaction"":[],""modality"":[""language"",""rgb""],""control_level"":[],""setting"":[],""embodiment"":[]}",FULL_TEXT_CHECKED,N/A,recorded,identified,paper_specific,https://openreview.net/forum?id=bjtuHOb3vN,not_identified,not_recorded,metric:map,"Rh-3DGS: Robust Open-Vocabulary Scene Understanding via Riemannian Huber Distillation and Manifold-Aware Sampling is retained as ARCHIVE because its an algorithmic or policy mechanism around semantic, alignment, 3D Vision preserves historical or adjacent context for Robotics-enabling 3D perception; it is outside the current robotics-first intensive scope.",Historical or adjacent material retained for search; outside the current intensive scope.,[],0,./2026/ICML/2026_ICML_Rh-3DGS-Robust-Open-Vocabulary-Scene-Understanding-via-Rie/01_overview.md
pr-0164,RoboFlow4D: A Lightweight Flow World Model Toward Real-Time Flow-Guided Robotic Manipulation,2026,ICML,conference,peer_reviewed,VLA and Generalist Robot Policies,VLA and generalist robot policies,REFERENCE,,method,"{""learning"":[""reinforcement_learning"",""vla"",""world_model""],""interaction"":[""contact_rich"",""grasping""],""modality"":[""force_torque"",""language"",""rgb""],""control_level"":[""policy""],""setting"":[""real_time""],""embodiment"":[""arm""]}",FULL_TEXT_CHECKED,N/A,recorded,identified,paper_specific,https://openreview.net/forum?id=fh6XBnjFlv,not_identified,not_recorded,metric:success-rate,"RoboFlow4D: A Lightweight Flow World Model Toward Real-Time Flow-Guided Robotic Manipulation is retained as REFERENCE because it provides an algorithmic or policy mechanism around VLA, Vision-Language Model, Robotics for targeted comparison in VLA and generalist robot policies; it is not required for the current intensive reading spine.","Important on-demand reference, but not required in the current intensive sequence.",[],0,./2026/ICML/2026_ICML_RoboFlow4D-A-Lightweight-Flow-World-Model-Toward-Real-Time/01_overview.md
pr-0091,RoboInter: A Holistic Intermediate Representation Suite Towards Robotic Manipulation,2026,ICLR,conference,peer_reviewed,Benchmarks and Datasets,"Manipulation, contact, tactile, and dexterity",REFERENCE,,benchmark_or_dataset,"{""learning"":[],""interaction"":[""grasping""],""modality"":[""language"",""rgb""],""control_level"":[],""setting"":[],""embodiment"":[""arm""]}",FULL_TEXT_CHECKED,N/A,recorded,identified,paper_specific,https://openreview.net/forum?id=PGUC3mmMoi,not_identified,not_recorded,,"RoboInter: A Holistic Intermediate Representation Suite Towards Robotic Manipulation is retained as REFERENCE because it provides a benchmark, dataset, or evaluation protocol around Vision-Language Model, Robotics, Benchmark for targeted comparison in Manipulation, contact, tactile, and dexterity; it is not required for the current intensive reading spine.","Important on-demand reference, but not required in the current intensive sequence.",[],0,./2026/ICLR/2026_ICLR_RoboInter-A-Holistic-Intermediate-Representation-Suite-Tow/01_overview.md
pr-0165,RoboOmni: Actions Are Just Another Modality for Vision-Language Models,2026,ICML,conference,peer_reviewed,VLA and Generalist Robot Policies,VLA and generalist robot policies,REFERENCE,,method,"{""learning"":[""vla""],""interaction"":[],""modality"":[""language"",""rgb""],""control_level"":[""policy""],""setting"":[],""embodiment"":[]}",FULL_TEXT_CHECKED,N/A,recorded,identified,paper_specific,https://openreview.net/forum?id=qdXOfyGMuB,not_identified,not_recorded,metric:success-rate,"RoboOmni: Actions Are Just Another Modality for Vision-Language Models is retained as REFERENCE because it provides an algorithmic or policy mechanism around Vision-Language Model, Robotics for targeted comparison in VLA and generalist robot policies; it is not required for the current intensive reading spine.","Important on-demand reference, but not required in the current intensive sequence.",[],0,./2026/ICML/2026_ICML_RoboOmni-Actions-Are-Just-Another-Modality-for-Vision-Lang/01_overview.md
pr-0100,RobotArena $\infty$: Scalable Robot Benchmarking via Real-to-Sim Translation,2026,ICLR,conference,peer_reviewed,Benchmarks and Datasets,,REFERENCE,,benchmark_or_dataset,"{""learning"":[],""interaction"":[],""modality"":[],""control_level"":[],""setting"":[],""embodiment"":[]}",FULL_TEXT_CHECKED,N/A,recorded,identified,paper_specific,https://openreview.net/forum?id=OutljIofvS,not_identified,not_recorded,,"RobotArena $\infty$: Scalable Robot Benchmarking via Real-to-Sim Translation is retained as REFERENCE because it provides a benchmark, dataset, or evaluation protocol around Robotics, Benchmark for targeted comparison in Benchmarks and Datasets; it is not required for the current intensive reading spine.","Important on-demand reference, but not required in the current intensive sequence.",[],0,./2026/ICLR/2026_ICLR_RobotArena-infty-Scalable-Robot-Benchmarking-via-Real-to-S/01_overview.md
pr-0158,RoboTwin 2.0: A Scalable Data Generator and Benchmark with Strong Domain Randomization for Robust Bimanual Robotic Manipulation,2026,ICML,conference,peer_reviewed,Benchmarks and Datasets,VLA and generalist robot policies,REFERENCE,,benchmark_or_dataset,"{""learning"":[""vla""],""interaction"":[""grasping""],""modality"":[""language""],""control_level"":[""policy""],""setting"":[],""embodiment"":[""arm"",""bimanual""]}",FULL_TEXT_CHECKED,N/A,recorded,identified,paper_specific,https://openreview.net/forum?id=itonej9GIV,not_identified,not_recorded,benchmark:robotwin,"RoboTwin 2.0: A Scalable Data Generator and Benchmark with Strong Domain Randomization for Robust Bimanual Robotic Manipulation is retained as REFERENCE because it provides a benchmark, dataset, or evaluation protocol around VLA, Robotics, Benchmark for targeted comparison in VLA and generalist robot policies; it is not required for the current intensive reading spine.","Important on-demand reference, but not required in the current intensive sequence.",[],0,./2026/ICML/2026_ICML_RoboTwin-2.0-A-Scalable-Data-Generator-and-Benchmark-with/01_overview.md
pr-0587,Rodrigues Network for Learning Robot Actions,2026,ICLR,conference,peer_reviewed,Robot Learning and Data,"RL, IL, offline learning, and robot data",REFERENCE,,method,"{""learning"":[""imitation_learning""],""interaction"":[],""modality"":[],""control_level"":[""policy""],""setting"":[],""embodiment"":[]}",FULL_TEXT_CHECKED,N/A,recorded,identified,paper_specific,https://openreview.net/forum?id=IZHk6BXBST,not_identified,not_recorded,metric:success-rate,"Rodrigues Network for Learning Robot Actions is retained as REFERENCE because it provides an algorithmic or policy mechanism around Robotics, kinematics, action representation for targeted comparison in RL, IL, offline learning, and robot data; it is not required for the current intensive reading spine.","Important on-demand reference, but not required in the current intensive sequence.",[],0,./2026/ICLR/2026_ICLR_Rodrigues-Network-for-Learning-Robot-Actions/01_overview.md
pr-0180,RynnVLA-001: Using Human Demonstrations to Improve Robot Manipulation,2026,ICRA,conference,peer_reviewed,VLA and Generalist Robot Policies,VLA and generalist robot policies,REFERENCE,,method,"{""learning"":[""imitation_learning"",""vla""],""interaction"":[""grasping""],""modality"":[""language""],""control_level"":[""policy""],""setting"":[],""embodiment"":[""arm""]}",FULL_TEXT_CHECKED,N/A,recorded,identified,venue_index,https://ras.papercept.net/conferences/conferences/ICRA26/program/ICRA26_ContentListWeb_3.html,not_identified,not_recorded,metric:success-rate,"RynnVLA-001: Using Human Demonstrations to Improve Robot Manipulation is retained as REFERENCE because it provides an algorithmic or policy mechanism around VLA, Robotics for targeted comparison in VLA and generalist robot policies; it is not required for the current intensive reading spine.","Important on-demand reference, but not required in the current intensive sequence.",[],0,./2026/ICRA/2026_ICRA_RynnVLA-001-Using-Human-Demonstrations-to-Improve-Robot-Ma/01_overview.md
pr-0461,S2GS: Streaming Semantic Gaussian Splatting for Online Scene Understanding and Reconstruction,2026,ICML,conference,peer_reviewed,3D Vision-Language Understanding,Robotics-enabling 3D perception,ARCHIVE,,method,"{""learning"":[],""interaction"":[],""modality"":[""language"",""point_cloud"",""rgb""],""control_level"":[],""setting"":[],""embodiment"":[]}",FULL_TEXT_CHECKED,N/A,recorded,identified,paper_specific,https://openreview.net/forum?id=CbWCaD8tRC,not_identified,not_recorded,metric:map,"S2GS: Streaming Semantic Gaussian Splatting for Online Scene Understanding and Reconstruction is retained as ARCHIVE because its an algorithmic or policy mechanism around Gaussian Splatting, 3D reconstruction, semantic preserves historical or adjacent context for Robotics-enabling 3D perception; it is outside the current robotics-first intensive scope.",Historical or adjacent material retained for search; outside the current intensive scope.,[],0,./2026/ICML/2026_ICML_S2GS-Streaming-Semantic-Gaussian-Splatting-for-Online-Scen/01_overview.md
pr-0293,SAGE-Nav: Leveraging LLM Planning and Alignment Fusion for Hierarchical Scene Graph-Guided Navigation,2026,IROS,conference,peer_reviewed,Embodied Navigation and Mapping,Planning and control,REFERENCE,,method,"{""learning"":[""optimization_or_planning""],""interaction"":[""navigation""],""modality"":[],""control_level"":[""state_estimation""],""setting"":[],""embodiment"":[""mobile""]}",FULL_TEXT_CHECKED,N/A,recorded,identified,paper_specific,https://arxiv.org/abs/2606.25497,not_identified,not_recorded,metric:map,"SAGE-Nav: Leveraging LLM Planning and Alignment Fusion for Hierarchical Scene Graph-Guided Navigation is retained as REFERENCE because it provides an algorithmic or policy mechanism around Navigation, Graph Reasoning for targeted comparison in Planning and control; it is not required for the current intensive reading spine.","Important on-demand reference, but not required in the current intensive sequence.",[],0,./2026/IROS/2026_IROS_SAGE-Nav-Leveraging-LLM-Planning-and-Alignment-Fusion-for/01_overview.md
pr-0805,SaPaVe: Towards Active Perception and Manipulation in Vision-Language Action Models for Robotics,2026,CVPR,conference,peer_reviewed,VLA and Generalist Robot Policies,VLA and generalist robot policies,REFERENCE,,method,"{""learning"":[""vla""],""interaction"":[""grasping""],""modality"":[""language"",""rgb""],""control_level"":[""policy"",""state_estimation""],""setting"":[],""embodiment"":[""arm""]}",FULL_TEXT_CHECKED,N/A,recorded,source_only,paper_specific,https://openaccess.thecvf.com/content/CVPR2026/html/Liu_SaPaVe_Towards_Active_Perception_and_Manipulation_in_Vision-Language_Action_Models_CVPR_2026_paper.html,not_identified,not_recorded,metric:success-rate,"SaPaVe: Towards Active Perception and Manipulation in Vision-Language Action Models for Robotics is retained as REFERENCE because it provides an algorithmic or policy mechanism around VLA, active perception, Robotics for targeted comparison in VLA and generalist robot policies; it is not required for the current intensive reading spine.","Important on-demand reference, but not required in the current intensive sequence.",[],0,./2026/CVPR/2026_CVPR_SaPaVe-Towards-Active-Perception-and-Manipulation-in-Visio/01_overview.md
pr-0186,Scalable Vision-Language-Action Model Pretraining for Robotic Dexterous Manipulation with Real-Life Human Activity Videos,2026,ICRA,conference,peer_reviewed,VLA and Generalist Robot Policies,VLA and generalist robot policies,REFERENCE,,method,"{""learning"":[""vla""],""interaction"":[""grasping""],""modality"":[""language"",""rgb"",""video""],""control_level"":[""policy""],""setting"":[],""embodiment"":[""arm"",""dexterous_hand""]}",FULL_TEXT_CHECKED,N/A,recorded,identified,venue_index,https://ras.papercept.net/conferences/conferences/ICRA26/program/ICRA26_ContentListWeb_3.html,not_identified,not_recorded,metric:success-rate,"Scalable Vision-Language-Action Model Pretraining for Robotic Dexterous Manipulation with Real-Life Human Activity Videos is retained as REFERENCE because it provides an algorithmic or policy mechanism around VLA, Vision-Language Model, Robotics for targeted comparison in VLA and generalist robot policies; it is not required for the current intensive reading spine.","Important on-demand reference, but not required in the current intensive sequence.",[],0,./2026/ICRA/2026_ICRA_Scalable-Vision-Language-Action-Model-Pretraining-for-Robo/01_overview.md
pr-0366,SDGS: Spatial Difference Guided Gaussian Splatting for Simultaneous Localization and 3D Reconstruction,2026,CVPR,conference,peer_reviewed,Neural Scene Representations,Robotics-enabling 3D perception,ARCHIVE,,method,"{""learning"":[],""interaction"":[],""modality"":[""point_cloud"",""rgb""],""control_level"":[],""setting"":[],""embodiment"":[]}",FULL_TEXT_CHECKED,N/A,recorded,source_only,paper_specific,https://openaccess.thecvf.com/content/CVPR2026/html/Tian_SDGS_Spatial_Difference_Guided_Gaussian_Splatting_for_Simultaneous_Localization_and_CVPR_2026_paper.html,not_identified,not_recorded,metric:map,"SDGS: Spatial Difference Guided Gaussian Splatting for Simultaneous Localization and 3D Reconstruction is retained as ARCHIVE because its an algorithmic or policy mechanism around Gaussian Splatting, 3D reconstruction, 3D Vision preserves historical or adjacent context for Robotics-enabling 3D perception; it is outside the current robotics-first intensive scope.",Historical or adjacent material retained for search; outside the current intensive scope.,[],0,./2026/CVPR/2026_CVPR_SDGS-Spatial-Difference-Guided-Gaussian-Splatting-for-Simu/01_overview.md
pr-0087,Seeing Across Views: Benchmarking Spatial Reasoning of Vision-Language Models in Robotic Scenes,2026,ICLR,conference,peer_reviewed,Benchmarks and Datasets,Robotics-enabling 3D perception,REFERENCE,,benchmark_or_dataset,"{""learning"":[],""interaction"":[],""modality"":[""language"",""rgb""],""control_level"":[],""setting"":[],""embodiment"":[]}",FULL_TEXT_CHECKED,N/A,recorded,identified,paper_specific,https://openreview.net/forum?id=jXDZJAfRZB,not_identified,not_recorded,,"Seeing Across Views: Benchmarking Spatial Reasoning of Vision-Language Models in Robotic Scenes is retained as REFERENCE because it provides a benchmark, dataset, or evaluation protocol around Vision-Language Model, Robotics, 3D Vision for targeted comparison in Robotics-enabling 3D perception; it is not required for the current intensive reading spine.","Important on-demand reference, but not required in the current intensive sequence.",[],0,./2026/ICLR/2026_ICLR_Seeing-Across-Views-Benchmarking-Spatial-Reasoning-of-Visi/01_overview.md
pr-0196,Semantically Consistent Language Gaussian Splatting for 3D Point-Level Open-Vocabulary Querying,2026,ICRA,conference,peer_reviewed,Language-Grounded 3D Scene Representations,Robotics-enabling 3D perception,ARCHIVE,,method,"{""learning"":[],""interaction"":[],""modality"":[""language"",""point_cloud"",""rgb""],""control_level"":[],""setting"":[],""embodiment"":[]}",FULL_TEXT_CHECKED,N/A,recorded,identified,venue_index,https://ras.papercept.net/conferences/conferences/ICRA26/program/ICRA26_ContentListWeb_4.html,not_identified,not_recorded,benchmark:replica;metric:map,"Semantically Consistent Language Gaussian Splatting for 3D Point-Level Open-Vocabulary Querying is retained as ARCHIVE because its an algorithmic or policy mechanism around 3D Vision, Gaussian Splatting, semantic preserves historical or adjacent context for Robotics-enabling 3D perception; it is outside the current robotics-first intensive scope.",Historical or adjacent material retained for search; outside the current intensive scope.,[],0,./2026/ICRA/2026_ICRA_Semantically-Consistent-Language-Gaussian-Splatting-for-3D/01_overview.md
pr-0803,SemanticVLA: Towards Semantic Reasoning over Action Memorization via Synergistic Explicit Trace and Latent Action Planning,2026,CVPR,conference,peer_reviewed,VLA and Generalist Robot Policies,VLA and generalist robot policies,REFERENCE,,method,"{""learning"":[""optimization_or_planning"",""vla""],""interaction"":[],""modality"":[""language""],""control_level"":[""policy""],""setting"":[],""embodiment"":[]}",FULL_TEXT_CHECKED,N/A,recorded,source_only,paper_specific,https://openaccess.thecvf.com/content/CVPR2026/html/Ni_SemanticVLA_Towards_Semantic_Reasoning_over_Action_Memorization_via_Synergistic_Explicit_CVPR_2026_paper.html,not_identified,not_recorded,benchmark:libero;benchmark:simplerenv;metric:success-rate,"SemanticVLA: Towards Semantic Reasoning over Action Memorization via Synergistic Explicit Trace and Latent Action Planning is retained as REFERENCE because it provides an algorithmic or policy mechanism around VLA, semantic reasoning, Planning for targeted comparison in VLA and generalist robot policies; it is not required for the current intensive reading spine.","Important on-demand reference, but not required in the current intensive sequence.",[],0,./2026/CVPR/2026_CVPR_SemanticVLA-Towards-Semantic-Reasoning-over-Action-Memoriz/01_overview.md
pr-0101,Sim2Real VLA: Zero-Shot Generalization of Synthesized Skills to Realistic Manipulation,2026,ICLR,conference,peer_reviewed,VLA and Generalist Robot Policies,VLA and generalist robot policies,REFERENCE,,method,"{""learning"":[""vla""],""interaction"":[""grasping""],""modality"":[""language"",""rgb""],""control_level"":[""policy""],""setting"":[""sim_to_real""],""embodiment"":[""arm""]}",FULL_TEXT_CHECKED,N/A,recorded,identified,paper_specific,https://openreview.net/forum?id=H4SyKHjd4c,not_identified,not_recorded,metric:success-rate,"Sim2Real VLA: Zero-Shot Generalization of Synthesized Skills to Realistic Manipulation is retained as REFERENCE because it provides an algorithmic or policy mechanism around VLA, Vision-Language Model, Robotics for targeted comparison in VLA and generalist robot policies; it is not required for the current intensive reading spine.","Important on-demand reference, but not required in the current intensive sequence.",[],0,./2026/ICLR/2026_ICLR_Sim2Real-VLA-Zero-Shot-Generalization-of-Synthesized-Skill/01_overview.md
pr-0810,SIMPACT: Simulation-Enabled Action Planning using Vision-Language Models,2026,CVPR,conference,peer_reviewed,VLA and Generalist Robot Policies,VLA and generalist robot policies,NEXT,,method,"{""learning"":[""optimization_or_planning"",""vla""],""interaction"":[],""modality"":[""language"",""rgb""],""control_level"":[""policy""],""setting"":[""simulation""],""embodiment"":[]}",FULL_TEXT_CHECKED,UNREAD,recorded,source_only,paper_specific,https://openaccess.thecvf.com/content/CVPR2026/html/Liu_SIMPACT_Simulation-Enabled_Action_Planning_using_Vision-Language_Models_CVPR_2026_paper.html,not_identified,not_recorded,metric:success-rate,"SIMPACT: Simulation-Enabled Action Planning using Vision-Language Models is a NEXT comparison paper because it extends an algorithmic or policy mechanism around VLM, Planning, simulation in VLA and generalist robot policies, exposing a specialized frontier after the shared CORE spine.",Specialized or frontier extension selected after CORE for the VLA and generalist robot policies branch.,[],0,./2026/CVPR/2026_CVPR_SIMPACT-Simulation-Enabled-Action-Planning-using-Vision-La/01_overview.md
pr-0433,SimULi: Real-Time LiDAR and Camera Simulation with Unscented Transforms,2026,ICLR,conference,peer_reviewed,Autonomous 3D Perception and Sensor Fusion,Robotics-enabling 3D perception,ARCHIVE,,method,"{""learning"":[],""interaction"":[],""modality"":[""lidar"",""rgb""],""control_level"":[""state_estimation""],""setting"":[""real_time"",""simulation""],""embodiment"":[]}",FULL_TEXT_CHECKED,N/A,recorded,identified,paper_specific,https://openreview.net/forum?id=osxP6FafPZ,not_identified,not_recorded,metric:map,"SimULi: Real-Time LiDAR and Camera Simulation with Unscented Transforms is retained as ARCHIVE because its an algorithmic or policy mechanism around sensor fusion, LiDAR, 3D Vision preserves historical or adjacent context for Robotics-enabling 3D perception; it is outside the current robotics-first intensive scope.",Historical or adjacent material retained for search; outside the current intensive scope.,[],0,./2026/ICLR/2026_ICLR_SimULi-Real-Time-LiDAR-and-Camera-Simulation-with-Unscente/01_overview.md
pr-0197,SINGER: An Onboard Generalist Vision-Language Navigation Policy for Drones,2026,ICRA,conference,peer_reviewed,Embodied Navigation and Mapping,Robotics-enabling 3D perception,REFERENCE,,method,"{""learning"":[],""interaction"":[""navigation""],""modality"":[""language"",""rgb""],""control_level"":[""policy"",""state_estimation""],""setting"":[],""embodiment"":[""aerial"",""mobile""]}",FULL_TEXT_CHECKED,N/A,recorded,identified,venue_index,https://ras.papercept.net/conferences/conferences/ICRA26/program/ICRA26_ContentListWeb_3.html,not_identified,not_recorded,metric:map,"SINGER: An Onboard Generalist Vision-Language Navigation Policy for Drones is retained as REFERENCE because it provides an algorithmic or policy mechanism around Vision-Language Model, Navigation for targeted comparison in Robotics-enabling 3D perception; it is not required for the current intensive reading spine.","Important on-demand reference, but not required in the current intensive sequence.",[],0,./2026/ICRA/2026_ICRA_SINGER-An-Onboard-Generalist-Vision-Language-Navigation-Po/01_overview.md
pr-0872,SONIC: Supersizing Motion Tracking for Natural Humanoid Whole-Body Control,2026,Science Robotics,journal,peer_reviewed,"Locomotion, Whole-Body, and Mobile Manipulation","Locomotion, whole-body, mobile manipulation, and humanoids",NEXT,,method,"{""learning"":[],""interaction"":[""grasping"",""locomotion"",""whole_body""],""modality"":[],""control_level"":[""feedback_control"",""whole_body""],""setting"":[],""embodiment"":[""arm"",""humanoid"",""mobile""]}",FULL_TEXT_CHECKED,UNREAD,recorded,source_only,paper_specific,https://research.nvidia.com/labs/dair/publication/sonic2026/,project_only,not_recorded,code:1f86abb0a31a;metric:success-rate,motion tracking의 data·model·training scale을 확장해 자연스러운 real-humanoid whole-body control을 목표로 한 2026 frontier다.,"Specialized or frontier extension selected after CORE for the Locomotion, whole-body, mobile manipulation, and humanoids branch.",[],0,./2026/Science-Robotics/2026_Science-Robotics_SONIC-Supersizing-Motion-Tracking-for-Natural-Humanoid-Who/01_overview.md
pr-0097,Spatial Forcing: Implicit Spatial Representation Alignment for Vision-language-action Model,2026,ICLR,conference,peer_reviewed,VLA and Generalist Robot Policies,VLA and generalist robot policies,REFERENCE,,method,"{""learning"":[""vla""],""interaction"":[],""modality"":[""language"",""rgb""],""control_level"":[""policy""],""setting"":[],""embodiment"":[]}",FULL_TEXT_CHECKED,N/A,recorded,identified,paper_specific,https://openreview.net/forum?id=euMVC1DO4k,not_identified,not_recorded,metric:success-rate,"Spatial Forcing: Implicit Spatial Representation Alignment for Vision-language-action Model is retained as REFERENCE because it provides an algorithmic or policy mechanism around VLA, Vision-Language Model, 3D Vision for targeted comparison in VLA and generalist robot policies; it is not required for the current intensive reading spine.","Important on-demand reference, but not required in the current intensive sequence.",[],0,./2026/ICLR/2026_ICLR_Spatial-Forcing-Implicit-Spatial-Representation-Alignment/01_overview.md
pr-0156,Spatial Memory for Out-of-Vision Manipulation in Vision-Language-Action,2026,ICML,conference,peer_reviewed,VLA and Generalist Robot Policies,VLA and generalist robot policies,NEXT,,method,"{""learning"":[""vla""],""interaction"":[""grasping""],""modality"":[""language"",""rgb""],""control_level"":[""policy""],""setting"":[],""embodiment"":[""arm""]}",FULL_TEXT_CHECKED,UNREAD,recorded,identified,paper_specific,https://openreview.net/forum?id=5i888dLp8N,not_identified,not_recorded,metric:success-rate,"Spatial Memory for Out-of-Vision Manipulation in Vision-Language-Action is a NEXT comparison paper because it extends an algorithmic or policy mechanism around VLA, Vision-Language Model, Robotics in VLA and generalist robot policies, exposing a specialized frontier after the shared CORE spine.",Specialized or frontier extension selected after CORE for the VLA and generalist robot policies branch.,[],0,./2026/ICML/2026_ICML_Spatial-Memory-for-Out-of-Vision-Manipulation-in-Vision-La/01_overview.md
pr-0088,Spatially Guided Training for Vision-Language-Action Model,2026,ICLR,conference,peer_reviewed,VLA and Generalist Robot Policies,VLA and generalist robot policies,REFERENCE,,method,"{""learning"":[""vla""],""interaction"":[],""modality"":[""language"",""rgb""],""control_level"":[""policy""],""setting"":[],""embodiment"":[]}",FULL_TEXT_CHECKED,N/A,recorded,identified,paper_specific,https://openreview.net/forum?id=eKhOrQWAVJ,not_identified,not_recorded,metric:success-rate,"Spatially Guided Training for Vision-Language-Action Model is retained as REFERENCE because it provides an algorithmic or policy mechanism around VLA, Vision-Language Model, Robotics for targeted comparison in VLA and generalist robot policies; it is not required for the current intensive reading spine.","Important on-demand reference, but not required in the current intensive sequence.",[],0,./2026/ICLR/2026_ICLR_Spatially-Guided-Training-for-Vision-Language-Action-Model/01_overview.md
pr-0800,SpatialStack: Layered Geometry-Language Fusion for 3D VLM Spatial Reasoning,2026,CVPR,conference,peer_reviewed,3D Vision-Language Understanding,Robotics-enabling 3D perception,REFERENCE,,method,"{""learning"":[],""interaction"":[],""modality"":[""language"",""rgb""],""control_level"":[],""setting"":[],""embodiment"":[]}",FULL_TEXT_CHECKED,N/A,recorded,source_only,paper_specific,https://openaccess.thecvf.com/content/CVPR2026/html/Zhang_SpatialStack_Layered_Geometry-Language_Fusion_for_3D_VLM_Spatial_Reasoning_CVPR_2026_paper.html,not_identified,not_recorded,metric:map,"SpatialStack: Layered Geometry-Language Fusion for 3D VLM Spatial Reasoning is retained as REFERENCE because it provides an algorithmic or policy mechanism around geometry, VLM, spatial reasoning for targeted comparison in Robotics-enabling 3D perception; it is not required for the current intensive reading spine.","Important on-demand reference, but not required in the current intensive sequence.",[],0,./2026/CVPR/2026_CVPR_SpatialStack-Layered-Geometry-Language-Fusion-for-3D-VLM-S/01_overview.md
pr-0169,SpatioLM: Towards General Physical Spatial Intelligence in Vision-Language Models,2026,ICML,conference,peer_reviewed,3D Vision-Language Understanding,Robotics-enabling 3D perception,REFERENCE,,method,"{""learning"":[],""interaction"":[],""modality"":[""language"",""rgb""],""control_level"":[],""setting"":[],""embodiment"":[]}",FULL_TEXT_CHECKED,N/A,recorded,identified,paper_specific,https://openreview.net/forum?id=CHavqrN1X9,not_identified,not_recorded,metric:map,"SpatioLM: Towards General Physical Spatial Intelligence in Vision-Language Models is retained as REFERENCE because it provides an algorithmic or policy mechanism around Vision-Language Model, 3D Vision for targeted comparison in Robotics-enabling 3D perception; it is not required for the current intensive reading spine.","Important on-demand reference, but not required in the current intensive sequence.",[],0,./2026/ICML/2026_ICML_SpatioLM-Towards-General-Physical-Spatial-Intelligence-in/01_overview.md
pr-0166,SpikeVLA: Vision-Language-Action Models with Spiking Neural Networks,2026,ICML,conference,peer_reviewed,VLA and Generalist Robot Policies,VLA and generalist robot policies,REFERENCE,,method,"{""learning"":[""vla""],""interaction"":[],""modality"":[""language"",""rgb""],""control_level"":[""policy""],""setting"":[],""embodiment"":[]}",FULL_TEXT_CHECKED,N/A,recorded,identified,paper_specific,https://openreview.net/forum?id=W86R5sIsxE,not_identified,not_recorded,metric:success-rate,"SpikeVLA: Vision-Language-Action Models with Spiking Neural Networks is retained as REFERENCE because it provides an algorithmic or policy mechanism around VLA, Vision-Language Model for targeted comparison in VLA and generalist robot policies; it is not required for the current intensive reading spine.","Important on-demand reference, but not required in the current intensive sequence.",[],0,./2026/ICML/2026_ICML_SpikeVLA-Vision-Language-Action-Models-with-Spiking-Neural/01_overview.md
pr-0367,SR3R: Rethinking Super-Resolution 3D Reconstruction With Feed-Forward Gaussian Splatting,2026,CVPR,conference,peer_reviewed,Neural Scene Representations,Robotics-enabling 3D perception,ARCHIVE,,method,"{""learning"":[],""interaction"":[],""modality"":[""point_cloud"",""rgb""],""control_level"":[],""setting"":[],""embodiment"":[]}",FULL_TEXT_CHECKED,N/A,recorded,source_only,paper_specific,https://openaccess.thecvf.com/content/CVPR2026/html/Feng_SR3R_Rethinking_Super-Resolution_3D_Reconstruction_With_Feed-Forward_Gaussian_Splatting_CVPR_2026_paper.html,not_identified,not_recorded,metric:map,"SR3R: Rethinking Super-Resolution 3D Reconstruction With Feed-Forward Gaussian Splatting is retained as ARCHIVE because its an algorithmic or policy mechanism around Gaussian Splatting, 3D reconstruction, 3D Vision preserves historical or adjacent context for Robotics-enabling 3D perception; it is outside the current robotics-first intensive scope.",Historical or adjacent material retained for search; outside the current intensive scope.,[],0,./2026/CVPR/2026_CVPR_SR3R-Rethinking-Super-Resolution-3D-Reconstruction-With-Fe/01_overview.md
pr-0065,ST4R-Splat: Spatio-Temporal Referring Segmentation in 4D Gaussian Splatting,2026,CVPR,conference,peer_reviewed,Language-Grounded 3D Scene Representations,Robotics-enabling 3D perception,ARCHIVE,,method,"{""learning"":[],""interaction"":[],""modality"":[""language"",""point_cloud""],""control_level"":[],""setting"":[],""embodiment"":[]}",FULL_TEXT_CHECKED,N/A,recorded,source_only,paper_specific,https://openaccess.thecvf.com/content/CVPR2026/html/Meng_ST4R-Splat_Spatio-Temporal_Referring_Segmentation_in_4D_Gaussian_Splatting_CVPR_2026_paper.html,not_identified,not_recorded,metric:map,"ST4R-Splat: Spatio-Temporal Referring Segmentation in 4D Gaussian Splatting is retained as ARCHIVE because its an algorithmic or policy mechanism around Gaussian Splatting, 4D, referring segmentation preserves historical or adjacent context for Robotics-enabling 3D perception; it is outside the current robotics-first intensive scope.",Historical or adjacent material retained for search; outside the current intensive scope.,[],0,./2026/CVPR/2026_CVPR_ST4R-Splat-Spatio-Temporal-Referring-Segmentation-in-4D-Ga/01_overview.md
pr-0428,SurfSplat: Conquering Feedforward 2D Gaussian Splatting with Surface Continuity Priors,2026,ICLR,conference,peer_reviewed,Neural Scene Representations,Robotics-enabling 3D perception,ARCHIVE,,method,"{""learning"":[],""interaction"":[],""modality"":[""point_cloud"",""rgb""],""control_level"":[],""setting"":[],""embodiment"":[]}",FULL_TEXT_CHECKED,N/A,recorded,identified,paper_specific,https://openreview.net/forum?id=o1sF4XaFdY,not_identified,not_recorded,metric:map,"SurfSplat: Conquering Feedforward 2D Gaussian Splatting with Surface Continuity Priors is retained as ARCHIVE because its an algorithmic or policy mechanism around Gaussian Splatting, 3D reconstruction, 3D Vision preserves historical or adjacent context for Robotics-enabling 3D perception; it is outside the current robotics-first intensive scope.",Historical or adjacent material retained for search; outside the current intensive scope.,[],0,./2026/ICLR/2026_ICLR_SurfSplat-Conquering-Feedforward-2D-Gaussian-Splatting-wit/01_overview.md
pr-0815,"Tabero: Learning Gentle Manipulation with Closed-Loop Force Feedback from Vision, Touch, and Language",2026,ICML,conference,peer_reviewed,"Manipulation, Contact, and Dexterity","Manipulation, contact, tactile, and dexterity",NEXT,,benchmark_or_dataset,"{""learning"":[""vla""],""interaction"":[""contact_rich"",""grasping""],""modality"":[""force_torque"",""language"",""rgb"",""tactile""],""control_level"":[""policy""],""setting"":[],""embodiment"":[""arm""]}",FULL_TEXT_CHECKED,UNREAD,recorded,identified,paper_specific,https://arxiv.org/abs/2605.27886,released,not_recorded,code:b8ed076d52e7,vision-touch-language와 decoupled force-position interface를 함께 평가하는 최신 gentle manipulation benchmark/model. Contact state와 force quality를 binary success 밖으로 확장하는 G-01/G-05 anchor.,"Specialized or frontier extension selected after CORE for the Manipulation, contact, tactile, and dexterity branch.",[],0,./2026/ICML/2026_ICML_Tabero-Learning-Gentle-Manipulation-with-Closed-Loop-Force/01_overview.md
pr-0818,TactAlign: Human-to-Robot Policy Transfer via Tactile Alignment,2026,RSS,conference,peer_reviewed,"Manipulation, Contact, and Dexterity","Manipulation, contact, tactile, and dexterity",NEXT,,method,"{""learning"":[],""interaction"":[""contact_rich"",""grasping""],""modality"":[""tactile""],""control_level"":[""policy""],""setting"":[],""embodiment"":[""arm""]}",FULL_TEXT_CHECKED,UNREAD,recorded,source_only,paper_specific,https://roboticsconference.org/program/papers/6/,project_only,not_recorded,code:da1b1f81c2a8,paired data와 동일 sensor 없이 human tactile signal을 robot tactile latent로 옮기는 RSS 2026 기준점. G-01의 cross-sensor/cross-embodiment boundary를 직접 시험한다.,"Specialized or frontier extension selected after CORE for the Manipulation, contact, tactile, and dexterity branch.",[],0,./2026/RSS/2026_RSS_TactAlign-Human-to-Robot-Policy-Transfer-via-Tactile-Align/01_overview.md
pr-0198,TagaVLM: Topology-Aware Global Action Reasoning for Vision-Language Navigation,2026,ICRA,conference,peer_reviewed,Embodied Navigation and Mapping,Robotics-enabling 3D perception,REFERENCE,,method,"{""learning"":[],""interaction"":[""navigation""],""modality"":[""language"",""rgb""],""control_level"":[""state_estimation""],""setting"":[],""embodiment"":[""mobile""]}",FULL_TEXT_CHECKED,N/A,recorded,identified,venue_index,https://ras.papercept.net/conferences/conferences/ICRA26/program/ICRA26_ContentListWeb_5.html,not_identified,not_recorded,benchmark:r2r;metric:map;metric:spl;metric:sr;metric:success-rate,"TagaVLM: Topology-Aware Global Action Reasoning for Vision-Language Navigation is retained as REFERENCE because it provides an algorithmic or policy mechanism around Vision-Language Model, Navigation for targeted comparison in Robotics-enabling 3D perception; it is not required for the current intensive reading spine.","Important on-demand reference, but not required in the current intensive sequence.",[],0,./2026/ICRA/2026_ICRA_TagaVLM-Topology-Aware-Global-Action-Reasoning-for-Vision/01_overview.md
pr-0816,Temporal Difference Calibration in Sequential Tasks: Application to Vision-Language-Action Models,2026,ICML,conference,peer_reviewed,"World Models, Safety, and Recovery","World models, safety, uncertainty, and recovery",NEXT,,method,"{""learning"":[""vla"",""world_model""],""interaction"":[],""modality"":[""language"",""rgb""],""control_level"":[""policy"",""safety_or_recovery""],""setting"":[],""embodiment"":[]}",FULL_TEXT_CHECKED,UNREAD,recorded,identified,paper_specific,https://arxiv.org/abs/2604.20472,project_only,not_recorded,code:4bf8b60a8c54,순차 task-success confidence를 TD/value estimation으로 calibration하는 최신 방법. Alert 시점과 recovery selector를 분리하는 G-02의 calibration counter-evidence.,"Specialized or frontier extension selected after CORE for the World models, safety, uncertainty, and recovery branch.",[],0,./2026/ICML/2026_ICML_Temporal-Difference-Calibration-in-Sequential-Tasks-Applic/01_overview.md
pr-0151,TIC-VLA: A Think-in-Control Vision-Language-Action Model for Robot Navigation in Dynamic Environments,2026,ICML,conference,peer_reviewed,Embodied Navigation and Mapping,VLA and generalist robot policies,REFERENCE,,method,"{""learning"":[""reinforcement_learning"",""vla""],""interaction"":[""contact_rich"",""navigation""],""modality"":[""force_torque"",""language"",""rgb""],""control_level"":[""feedback_control"",""policy"",""state_estimation""],""setting"":[],""embodiment"":[""mobile""]}",FULL_TEXT_CHECKED,N/A,recorded,identified,paper_specific,https://openreview.net/forum?id=9wYjjPydfe,not_identified,not_recorded,metric:map,"TIC-VLA: A Think-in-Control Vision-Language-Action Model for Robot Navigation in Dynamic Environments is retained as REFERENCE because it provides an algorithmic or policy mechanism around VLA, Vision-Language Model, Robotics for targeted comparison in VLA and generalist robot policies; it is not required for the current intensive reading spine.","Important on-demand reference, but not required in the current intensive sequence.",[],0,./2026/ICML/2026_ICML_TIC-VLA-A-Think-in-Control-Vision-Language-Action-Model-fo/01_overview.md
pr-0347,TokenSplat: Token-aligned 3D Gaussian Splatting for Feed-forward Pose-free Reconstruction,2026,CVPR,conference,peer_reviewed,Neural Scene Representations,Robotics-enabling 3D perception,ARCHIVE,,method,"{""learning"":[],""interaction"":[],""modality"":[""point_cloud"",""rgb""],""control_level"":[],""setting"":[],""embodiment"":[]}",FULL_TEXT_CHECKED,N/A,recorded,source_only,paper_specific,https://openaccess.thecvf.com/content/CVPR2026/html/Li_TokenSplat_Token-aligned_3D_Gaussian_Splatting_for_Feed-forward_Pose-free_Reconstruction_CVPR_2026_paper.html,not_identified,not_recorded,metric:map,"TokenSplat: Token-aligned 3D Gaussian Splatting for Feed-forward Pose-free Reconstruction is retained as ARCHIVE because its an algorithmic or policy mechanism around Gaussian Splatting, 3D reconstruction, geometry preserves historical or adjacent context for Robotics-enabling 3D perception; it is outside the current robotics-first intensive scope.",Historical or adjacent material retained for search; outside the current intensive scope.,[],0,./2026/CVPR/2026_CVPR_TokenSplat-Token-aligned-3D-Gaussian-Splatting-for-Feed-fo/01_overview.md
pr-0106,Towards Physically Executable 3D Gaussian for Embodied Navigation,2026,ICLR,conference,peer_reviewed,Embodied Navigation and Mapping,Robotics-enabling 3D perception,REFERENCE,,method,"{""learning"":[],""interaction"":[""navigation""],""modality"":[""point_cloud"",""rgb""],""control_level"":[""state_estimation""],""setting"":[],""embodiment"":[""mobile""]}",FULL_TEXT_CHECKED,N/A,recorded,identified,paper_specific,https://openreview.net/forum?id=HB6KvsqcAn,not_identified,not_recorded,metric:map,"Towards Physically Executable 3D Gaussian for Embodied Navigation is retained as REFERENCE because it provides an algorithmic or policy mechanism around 3D Vision, Navigation, Gaussian Splatting for targeted comparison in Robotics-enabling 3D perception; it is not required for the current intensive reading spine.","Important on-demand reference, but not required in the current intensive sequence.",[],0,./2026/ICLR/2026_ICLR_Towards-Physically-Executable-3D-Gaussian-for-Embodied-Nav/01_overview.md
pr-0104,Uncertainty-Aware Gaussian Map for Vision-Language Navigation,2026,ICLR,conference,peer_reviewed,Embodied Navigation and Mapping,"World models, safety, uncertainty, and recovery",REFERENCE,,method,"{""learning"":[],""interaction"":[""navigation""],""modality"":[""language"",""point_cloud"",""rgb""],""control_level"":[""state_estimation""],""setting"":[],""embodiment"":[""mobile""]}",FULL_TEXT_CHECKED,N/A,recorded,identified,paper_specific,https://openreview.net/forum?id=LPv59noPAy,not_identified,not_recorded,metric:map,"Uncertainty-Aware Gaussian Map for Vision-Language Navigation is retained as REFERENCE because it provides an algorithmic or policy mechanism around Vision-Language Model, 3D Vision, Navigation for targeted comparison in World models, safety, uncertainty, and recovery; it is not required for the current intensive reading spine.","Important on-demand reference, but not required in the current intensive sequence.",[],0,./2026/ICLR/2026_ICLR_Uncertainty-Aware-Gaussian-Map-for-Vision-Language-Navigat/01_overview.md
pr-0346,Uni3R: Unified 3D Reconstruction and Semantic Understanding via Generalizable Gaussian Splatting from Unposed Multi-View Images,2026,CVPR,conference,peer_reviewed,3D Vision-Language Understanding,Robotics-enabling 3D perception,ARCHIVE,,method,"{""learning"":[],""interaction"":[],""modality"":[""language"",""point_cloud"",""rgb""],""control_level"":[],""setting"":[],""embodiment"":[]}",FULL_TEXT_CHECKED,N/A,recorded,source_only,paper_specific,https://openaccess.thecvf.com/content/CVPR2026/html/Sun_Uni3R_Unified_3D_Reconstruction_and_Semantic_Understanding_via_Generalizable_Gaussian_CVPR_2026_paper.html,not_identified,not_recorded,benchmark:scannet;metric:map,"Uni3R: Unified 3D Reconstruction and Semantic Understanding via Generalizable Gaussian Splatting from Unposed Multi-View Images is retained as ARCHIVE because its an algorithmic or policy mechanism around Gaussian Splatting, 3D reconstruction, geometry preserves historical or adjacent context for Robotics-enabling 3D perception; it is outside the current robotics-first intensive scope.",Historical or adjacent material retained for search; outside the current intensive scope.,[],0,./2026/CVPR/2026_CVPR_Uni3R-Unified-3D-Reconstruction-and-Semantic-Understanding/01_overview.md
pr-0429,UniSplat: Unified Spatio-Temporal Fusion via 3D Latent Scaffolds for Dynamic Driving Scene Reconstruction,2026,ICLR,conference,peer_reviewed,Autonomous 3D Perception and Sensor Fusion,Robotics-enabling 3D perception,ARCHIVE,,method,"{""learning"":[],""interaction"":[],""modality"":[""lidar"",""point_cloud"",""rgb""],""control_level"":[""state_estimation""],""setting"":[],""embodiment"":[]}",FULL_TEXT_CHECKED,N/A,recorded,identified,paper_specific,https://openreview.net/forum?id=Ng2VDbKD4r,not_identified,not_recorded,benchmark:nuscenes;benchmark:waymo;metric:map,"UniSplat: Unified Spatio-Temporal Fusion via 3D Latent Scaffolds for Dynamic Driving Scene Reconstruction is retained as ARCHIVE because its an algorithmic or policy mechanism around Gaussian Splatting, 3D reconstruction, sensor fusion preserves historical or adjacent context for Robotics-enabling 3D perception; it is outside the current robotics-first intensive scope.",Historical or adjacent material retained for search; outside the current intensive scope.,[],0,./2026/ICLR/2026_ICLR_UniSplat-Unified-Spatio-Temporal-Fusion-via-3D-Latent-Scaf/01_overview.md
pr-0368,Urban-GS: A Unified 3D Gaussian Splatting Framework for Compact and High-Fidelity Aerial-to-Street Reconstruction,2026,CVPR,conference,peer_reviewed,Neural Scene Representations,Robotics-enabling 3D perception,ARCHIVE,,system,"{""learning"":[],""interaction"":[],""modality"":[""point_cloud"",""rgb""],""control_level"":[],""setting"":[],""embodiment"":[""aerial""]}",FULL_TEXT_CHECKED,N/A,recorded,source_only,paper_specific,https://openaccess.thecvf.com/content/CVPR2026/html/Wang_Urban-GS_A_Unified_3D_Gaussian_Splatting_Framework_for_Compact_and_CVPR_2026_paper.html,not_identified,not_recorded,metric:map,"Urban-GS: A Unified 3D Gaussian Splatting Framework for Compact and High-Fidelity Aerial-to-Street Reconstruction is retained as ARCHIVE because its an integrated system or deployment interface around Gaussian Splatting, 3D reconstruction, 3D Vision preserves historical or adjacent context for Robotics-enabling 3D perception; it is outside the current robotics-first intensive scope.",Historical or adjacent material retained for search; outside the current intensive scope.,[],0,./2026/CVPR/2026_CVPR_Urban-GS-A-Unified-3D-Gaussian-Splatting-Framework-for-Com/01_overview.md
pr-0430,UrbanGS: Efficient and Scalable Architecture for Geometrically Accurate Large-Scene Reconstruction,2026,ICLR,conference,peer_reviewed,"3D Geometry, Reconstruction, and SLAM",Robotics-enabling 3D perception,ARCHIVE,,method,"{""learning"":[],""interaction"":[""navigation""],""modality"":[""point_cloud"",""rgb""],""control_level"":[""state_estimation""],""setting"":[],""embodiment"":[]}",FULL_TEXT_CHECKED,N/A,recorded,identified,paper_specific,https://openreview.net/forum?id=L3utaw6SD9,not_identified,not_recorded,metric:map,"UrbanGS: Efficient and Scalable Architecture for Geometrically Accurate Large-Scene Reconstruction is retained as ARCHIVE because its an algorithmic or policy mechanism around 3D reconstruction, 3D Vision preserves historical or adjacent context for Robotics-enabling 3D perception; it is outside the current robotics-first intensive scope.",Historical or adjacent material retained for search; outside the current intensive scope.,[],0,./2026/ICLR/2026_ICLR_UrbanGS-Efficient-and-Scalable-Architecture-for-Geometrica/01_overview.md
pr-0369,VarSplat: Uncertainty-aware 3D Gaussian Splatting for Robust RGB-D SLAM,2026,CVPR,conference,peer_reviewed,Neural Scene Representations,"World models, safety, uncertainty, and recovery",REFERENCE,,method,"{""learning"":[],""interaction"":[""navigation""],""modality"":[""depth"",""point_cloud"",""rgb""],""control_level"":[""state_estimation""],""setting"":[],""embodiment"":[]}",FULL_TEXT_CHECKED,N/A,recorded,source_only,paper_specific,https://openaccess.thecvf.com/content/CVPR2026/html/Tran_VarSplat_Uncertainty-aware_3D_Gaussian_Splatting_for_Robust_RGB-D_SLAM_CVPR_2026_paper.html,not_identified,not_recorded,benchmark:replica;benchmark:scannet;metric:map,"VarSplat: Uncertainty-aware 3D Gaussian Splatting for Robust RGB-D SLAM is retained as REFERENCE because it provides an algorithmic or policy mechanism around Gaussian Splatting, geometry, 3D Vision for targeted comparison in World models, safety, uncertainty, and recovery; it is not required for the current intensive reading spine.","Important on-demand reference, but not required in the current intensive sequence.",[],0,./2026/CVPR/2026_CVPR_VarSplat-Uncertainty-aware-3D-Gaussian-Splatting-for-Robus/01_overview.md
pr-0456,VGGT-Motion: Motion-Aware Calibration-Free Monocular SLAM for Long-Range Consistency,2026,ICML,conference,peer_reviewed,"3D Geometry, Registration, and Equivariance",Robotics-enabling 3D perception,REFERENCE,,method,"{""learning"":[],""interaction"":[""navigation""],""modality"":[""depth"",""point_cloud"",""rgb""],""control_level"":[""state_estimation""],""setting"":[],""embodiment"":[]}",FULL_TEXT_CHECKED,N/A,recorded,identified,paper_specific,https://openreview.net/forum?id=GyRMbsYFiG,not_identified,not_recorded,metric:map,"VGGT-Motion: Motion-Aware Calibration-Free Monocular SLAM for Long-Range Consistency is retained as REFERENCE because it provides an algorithmic or policy mechanism around geometry, depth, 3D Vision for targeted comparison in Robotics-enabling 3D perception; it is not required for the current intensive reading spine.","Important on-demand reference, but not required in the current intensive sequence.",[],0,./2026/ICML/2026_ICML_VGGT-Motion-Motion-Aware-Calibration-Free-Monocular-SLAM-f/01_overview.md
pr-0613,VIRAL: Visual Sim-to-Real at Scale for Humanoid Loco-Manipulation,2026,CVPR,conference,peer_reviewed,Robot Learning and Data,"Locomotion, whole-body, mobile manipulation, and humanoids",NEXT,,method,"{""learning"":[],""interaction"":[""grasping""],""modality"":[],""control_level"":[""policy""],""setting"":[""sim_to_real""],""embodiment"":[""arm"",""humanoid""]}",FULL_TEXT_CHECKED,UNREAD,recorded,source_only,paper_specific,https://openaccess.thecvf.com/content/CVPR2026/html/He_VIRAL_Visual_Sim-to-Real_at_Scale_for_Humanoid_Loco-Manipulation_CVPR_2026_paper.html,project_only,not_recorded,code:c71aa8752ecf;metric:success-rate,"VIRAL: Visual Sim-to-Real at Scale for Humanoid Loco-Manipulation is a NEXT comparison paper because it extends an algorithmic or policy mechanism around Robotics, humanoid, visual sim-to-real in Locomotion, whole-body, mobile manipulation, and humanoids, exposing a specialized frontier after the shared CORE spine.","Specialized or frontier extension selected after CORE for the Locomotion, whole-body, mobile manipulation, and humanoids branch.",[],0,./2026/CVPR/2026_CVPR_VIRAL-Visual-Sim-to-Real-at-Scale-for-Humanoid-Loco-Manipu/01_overview.md
pr-0089,Vision-Language-Action Instruction Tuning: From Understanding to Manipulation,2026,ICLR,conference,peer_reviewed,VLA and Generalist Robot Policies,VLA and generalist robot policies,REFERENCE,,method,"{""learning"":[""vla""],""interaction"":[""grasping""],""modality"":[""language"",""rgb""],""control_level"":[""policy""],""setting"":[],""embodiment"":[""arm""]}",FULL_TEXT_CHECKED,N/A,recorded,identified,paper_specific,https://openreview.net/forum?id=tsxwloasw5,not_identified,not_recorded,metric:success-rate,"Vision-Language-Action Instruction Tuning: From Understanding to Manipulation is retained as REFERENCE because it provides an algorithmic or policy mechanism around VLA, Vision-Language Model, Robotics for targeted comparison in VLA and generalist robot policies; it is not required for the current intensive reading spine.","Important on-demand reference, but not required in the current intensive sequence.",[],0,./2026/ICLR/2026_ICLR_Vision-Language-Action-Instruction-Tuning-From-Understandi/01_overview.md
pr-0194,"VISTA: Open-Vocabulary, Task-Relevant Robot Exploration with Online Semantic Gaussian Splatting",2026,ICRA,conference,peer_reviewed,Language-Grounded 3D Scene Representations,Robotics-enabling 3D perception,NEXT,,method,"{""learning"":[],""interaction"":[],""modality"":[""language"",""point_cloud""],""control_level"":[],""setting"":[],""embodiment"":[]}",FULL_TEXT_CHECKED,UNREAD,recorded,identified,venue_index,https://ras.papercept.net/conferences/conferences/ICRA26/program/ICRA26_ContentListWeb_4.html,not_identified,not_recorded,metric:map,"VISTA: Open-Vocabulary, Task-Relevant Robot Exploration with Online Semantic Gaussian Splatting is a NEXT comparison paper because it extends an algorithmic or policy mechanism around Robotics, Gaussian Splatting, semantic in Robotics-enabling 3D perception, exposing a specialized frontier after the shared CORE spine.",Specialized or frontier extension selected after CORE for the Robotics-enabling 3D perception branch.,[],0,./2026/ICRA/2026_ICRA_VISTA-Open-Vocabulary-Task-Relevant-Robot-Exploration-with/01_overview.md
pr-0260,VLA Knows Its Limits: Adaptive Execution Horizons for Robot Policies,2026,ECCV,conference,peer_reviewed,VLA and Generalist Robot Policies,VLA and generalist robot policies,REFERENCE,,method,"{""learning"":[""vla""],""interaction"":[],""modality"":[""language""],""control_level"":[""policy""],""setting"":[],""embodiment"":[]}",FULL_TEXT_CHECKED,N/A,recorded,identified,paper_specific,https://arxiv.org/abs/2602.21445,project_only,not_recorded,benchmark:libero;code:48ec88422729;metric:success-rate,"VLA Knows Its Limits: Adaptive Execution Horizons for Robot Policies is retained as REFERENCE because it provides an algorithmic or policy mechanism around VLA, Robotics for targeted comparison in VLA and generalist robot policies; it is not required for the current intensive reading spine.","Important on-demand reference, but not required in the current intensive sequence.",[],0,./2026/ECCV/2026_ECCV_VLA-Knows-Its-Limits-Adaptive-Execution-Horizons-for-Robot/01_overview.md
pr-0814,VLA-Arena: An Open-Source Framework for Benchmarking Vision-Language-Action Models,2026,ICML,conference,peer_reviewed,Robot Learning and Data,VLA and generalist robot policies,NEXT,,benchmark_or_dataset,"{""learning"":[""vla""],""interaction"":[""grasping""],""modality"":[""language"",""rgb""],""control_level"":[""policy"",""safety_or_recovery""],""setting"":[""long_horizon""],""embodiment"":[""arm""]}",FULL_TEXT_CHECKED,UNREAD,recorded,identified,paper_specific,https://vla-arena.github.io/,project_only,not_recorded,benchmark:vla-arena;code:55d7bb6e63c4,170개 task와 Safety/Distractor/Extrapolation/Long-Horizon 축을 제공하는 최신 VLA 평가 프레임워크. 평균 success를 failure resolution으로 분해하는 G-10의 benchmark anchor.,Specialized or frontier extension selected after CORE for the VLA and generalist robot policies branch.,[],0,./2026/ICML/2026_ICML_VLA-Arena-An-Open-Source-Framework-for-Benchmarking-Vision/01_overview.md
pr-0193,VLA-Reasoner: Empowering Vision-Language-Action Models with Reasoning Via Online Monte Carlo Tree Search,2026,ICRA,conference,peer_reviewed,VLA and Generalist Robot Policies,VLA and generalist robot policies,REFERENCE,,method,"{""learning"":[""reinforcement_learning"",""vla""],""interaction"":[""contact_rich""],""modality"":[""force_torque"",""language"",""rgb""],""control_level"":[""policy""],""setting"":[],""embodiment"":[]}",FULL_TEXT_CHECKED,N/A,recorded,identified,venue_index,https://ras.papercept.net/conferences/conferences/ICRA26/program/ICRA26_ContentListWeb_3.html,not_identified,not_recorded,metric:success-rate,"VLA-Reasoner: Empowering Vision-Language-Action Models with Reasoning Via Online Monte Carlo Tree Search is retained as REFERENCE because it provides an algorithmic or policy mechanism around VLA, Vision-Language Model, Reinforcement Learning for targeted comparison in VLA and generalist robot policies; it is not required for the current intensive reading spine.","Important on-demand reference, but not required in the current intensive sequence.",[],0,./2026/ICRA/2026_ICRA_VLA-Reasoner-Empowering-Vision-Language-Action-Models-with/01_overview.md
pr-0093,Vlaser: Vision-Language-Action Model with Synergistic Embodied Reasoning,2026,ICLR,conference,peer_reviewed,VLA and Generalist Robot Policies,VLA and generalist robot policies,REFERENCE,,method,"{""learning"":[""vla""],""interaction"":[],""modality"":[""language"",""rgb""],""control_level"":[""policy""],""setting"":[],""embodiment"":[]}",FULL_TEXT_CHECKED,N/A,recorded,identified,paper_specific,https://openreview.net/forum?id=8xTDnj39Ti,not_identified,not_recorded,metric:success-rate,"Vlaser: Vision-Language-Action Model with Synergistic Embodied Reasoning is retained as REFERENCE because it provides an algorithmic or policy mechanism around VLA, Vision-Language Model for targeted comparison in VLA and generalist robot policies; it is not required for the current intensive reading spine.","Important on-demand reference, but not required in the current intensive sequence.",[],0,./2026/ICLR/2026_ICLR_Vlaser-Vision-Language-Action-Model-with-Synergistic-Embod/01_overview.md
pr-0466,Weakly Supervised Cross-Modal Learning for 4D Radar Scene Flow Estimation,2026,ICML,conference,peer_reviewed,Autonomous 3D Perception and Sensor Fusion,Robotics-enabling 3D perception,ARCHIVE,,method,"{""learning"":[],""interaction"":[],""modality"":[""lidar"",""rgb""],""control_level"":[""state_estimation""],""setting"":[],""embodiment"":[]}",FULL_TEXT_CHECKED,N/A,recorded,identified,paper_specific,https://openreview.net/forum?id=MCu8SOjPad,not_identified,not_recorded,metric:map,"Weakly Supervised Cross-Modal Learning for 4D Radar Scene Flow Estimation is retained as ARCHIVE because its an algorithmic or policy mechanism around sensor fusion, LiDAR, 3D Vision preserves historical or adjacent context for Robotics-enabling 3D perception; it is outside the current robotics-first intensive scope.",Historical or adjacent material retained for search; outside the current intensive scope.,[],0,./2026/ICML/2026_ICML_Weakly-Supervised-Cross-Modal-Learning-for-4D-Radar-Scene/01_overview.md
pr-0627,What Matters for Batch Online Reinforcement Learning in Robotics?,2026,ICLR,conference,peer_reviewed,Robot Learning and Data,"RL, IL, offline learning, and robot data",REFERENCE,,method,"{""learning"":[""reinforcement_learning""],""interaction"":[""contact_rich""],""modality"":[""force_torque""],""control_level"":[""policy""],""setting"":[""real_robot""],""embodiment"":[]}",FULL_TEXT_CHECKED,N/A,recorded,identified,paper_specific,https://iclr.cc/virtual/2026/poster/10006859,project_only,not_recorded,code:7998b6fd72b8;metric:success-rate,"What Matters for Batch Online Reinforcement Learning in Robotics? is retained as REFERENCE because it provides an algorithmic or policy mechanism around Robotics, Reinforcement Learning, batch online RL for targeted comparison in RL, IL, offline learning, and robot data; it is not required for the current intensive reading spine.","Important on-demand reference, but not required in the current intensive sequence.",[],0,./2026/ICLR/2026_ICLR_What-Matters-for-Batch-Online-Reinforcement-Learning-in-Ro/01_overview.md
pr-0688,WMPO: World Model-based Policy Optimization for Vision-Language-Action Models,2026,ICLR,conference,peer_reviewed,"World Models, Safety, and Recovery","World models, safety, uncertainty, and recovery",NEXT,,method,"{""learning"":[""optimization_or_planning"",""reinforcement_learning"",""vla"",""world_model""],""interaction"":[],""modality"":[""language"",""rgb""],""control_level"":[""feedback_control"",""policy"",""safety_or_recovery""],""setting"":[],""embodiment"":[]}",FULL_TEXT_CHECKED,UNREAD,recorded,identified,paper_specific,https://iclr.cc/virtual/2026/poster/10007263,project_only,not_recorded,code:2e8f6c2643a1,"WMPO: World Model-based Policy Optimization for Vision-Language-Action Models is a NEXT comparison paper because it extends an algorithmic or policy mechanism around Robotics, world model, policy optimization in World models, safety, uncertainty, and recovery, exposing a specialized frontier after the shared CORE spine.","Specialized or frontier extension selected after CORE for the World models, safety, uncertainty, and recovery branch.",[],0,./2026/ICLR/2026_ICLR_WMPO-World-Model-based-Policy-Optimization-for-Vision-Lang/01_overview.md
pr-0705,World Action Models are Zero-shot Policies,2026,arXiv,preprint,preprint,"World Models, Safety, and Recovery",VLA and generalist robot policies,REFERENCE,,method,"{""learning"":[""vla"",""world_model""],""interaction"":[],""modality"":[""language""],""control_level"":[""policy"",""safety_or_recovery""],""setting"":[],""embodiment"":[]}",FULL_TEXT_CHECKED,N/A,recorded,identified,paper_specific,https://arxiv.org/abs/2602.15922,not_released,not_recorded,,"World Action Models are Zero-shot Policies is retained as REFERENCE because it provides an algorithmic or policy mechanism around Robotics, VLA, world model for targeted comparison in VLA and generalist robot policies; it is not required for the current intensive reading spine.","Important on-demand reference, but not required in the current intensive sequence.",[],0,./2026/arXiv/2026_arXiv_World-Action-Models-are-Zero-shot-Policies/01_overview.md
pr-0698,WorldGym: World Model as An Environment for Policy Evaluation,2026,ICLR,conference,peer_reviewed,"World Models, Safety, and Recovery","World models, safety, uncertainty, and recovery",NEXT,,method,"{""learning"":[""vla"",""world_model""],""interaction"":[],""modality"":[""language"",""video""],""control_level"":[""policy"",""safety_or_recovery""],""setting"":[],""embodiment"":[]}",FULL_TEXT_CHECKED,UNREAD,recorded,identified,paper_specific,https://iclr.cc/virtual/2026/poster/10008029,project_only,not_recorded,code:289ff7e4b6ae,"WorldGym: World Model as An Environment for Policy Evaluation is a NEXT comparison paper because it extends an algorithmic or policy mechanism around Robotics, VLA, world model in World models, safety, uncertainty, and recovery, exposing a specialized frontier after the shared CORE spine.","Specialized or frontier extension selected after CORE for the World models, safety, uncertainty, and recovery branch.",[],0,./2026/ICLR/2026_ICLR_WorldGym-World-Model-as-An-Environment-for-Policy-Evaluati/01_overview.md
pr-0457,WorldMirror: Universal 3D World Reconstruction with Any-Prior Prompting,2026,ICML,conference,peer_reviewed,"3D Geometry, Reconstruction, and SLAM",Robotics-enabling 3D perception,ARCHIVE,,method,"{""learning"":[],""interaction"":[""navigation""],""modality"":[""point_cloud"",""rgb""],""control_level"":[""state_estimation""],""setting"":[],""embodiment"":[]}",FULL_TEXT_CHECKED,N/A,recorded,identified,paper_specific,https://openreview.net/forum?id=HFNJOpXHfm,not_identified,not_recorded,metric:map,"WorldMirror: Universal 3D World Reconstruction with Any-Prior Prompting is retained as ARCHIVE because its an algorithmic or policy mechanism around 3D reconstruction, 3D Vision preserves historical or adjacent context for Robotics-enabling 3D perception; it is outside the current robotics-first intensive scope.",Historical or adjacent material retained for search; outside the current intensive scope.,[],0,./2026/ICML/2026_ICML_WorldMirror-Universal-3D-World-Reconstruction-with-Any-Pri/01_overview.md
pr-0431,WorldSplat: Gaussian-Centric Feed-Forward 4D Scene Generation for Autonomous Driving,2026,ICLR,conference,peer_reviewed,3D Generative Modeling,Robotics-enabling 3D perception,ARCHIVE,,method,"{""learning"":[""diffusion""],""interaction"":[],""modality"":[""point_cloud"",""rgb""],""control_level"":[],""setting"":[],""embodiment"":[]}",FULL_TEXT_CHECKED,N/A,recorded,identified,paper_specific,https://openreview.net/forum?id=KWeX6tYno6,not_identified,not_recorded,,"WorldSplat: Gaussian-Centric Feed-Forward 4D Scene Generation for Autonomous Driving is retained as ARCHIVE because its an algorithmic or policy mechanism around Gaussian Splatting, Diffusion, Generation preserves historical or adjacent context for Robotics-enabling 3D perception; it is outside the current robotics-first intensive scope.",Historical or adjacent material retained for search; outside the current intensive scope.,[],0,./2026/ICLR/2026_ICLR_WorldSplat-Gaussian-Centric-Feed-Forward-4D-Scene-Generati/01_overview.md
pr-0162,XR-1: Towards Versatile Vision-Language-Action Models via Learning Unified Vision-Motion Representations,2026,ICML,conference,peer_reviewed,VLA and Generalist Robot Policies,VLA and generalist robot policies,REFERENCE,,method,"{""learning"":[""imitation_learning"",""vla""],""interaction"":[],""modality"":[""language"",""rgb""],""control_level"":[""policy""],""setting"":[],""embodiment"":[]}",FULL_TEXT_CHECKED,N/A,recorded,identified,paper_specific,https://openreview.net/forum?id=JO0IsGJg16,not_identified,not_recorded,metric:success-rate,"XR-1: Towards Versatile Vision-Language-Action Models via Learning Unified Vision-Motion Representations is retained as REFERENCE because it provides an algorithmic or policy mechanism around VLA, Vision-Language Model, Imitation Learning for targeted comparison in VLA and generalist robot policies; it is not required for the current intensive reading spine.","Important on-demand reference, but not required in the current intensive sequence.",[],0,./2026/ICML/2026_ICML_XR-1-Towards-Versatile-Vision-Language-Action-Models-via-L/01_overview.md
